instrument	category	source	collection	bright	odd	slope	flat	h1	crest	zcr
110A PWM WT.xrni	additive and organ	/home/meneses/.local/share/vital/Kimura Taro/Wavetables/Softbe Modular/110A PWM.vitaltable	Kimura Taro (CC0)	4.156	0.663	-2.044	0.009	0.530	2.565	0.003
259e-G1 WT.xrni	additive and organ	/home/meneses/.local/share/vital/Kimura Taro/Wavetables/Softbe Modular/259e-G1.vitaltable	Kimura Taro (CC0)	4.975	0.655	-4.569	0.003	0.117	1.640	0.007
259e-G2 WT.xrni	additive and organ	/home/meneses/.local/share/vital/Kimura Taro/Wavetables/Softbe Modular/259e-G2.vitaltable	Kimura Taro (CC0)	2.982	0.568	-4.547	0.002	0.194	2.625	0.005
259e-G3 WT.xrni	additive and organ	/home/meneses/.local/share/vital/Kimura Taro/Wavetables/Softbe Modular/259e-G3.vitaltable	Kimura Taro (CC0)	5.985	0.651	-4.264	0.003	0.014	1.909	0.007
259e-G4 WT.xrni	additive and organ	/home/meneses/.local/share/vital/Kimura Taro/Wavetables/Softbe Modular/259e-G4.vitaltable	Kimura Taro (CC0)	6.395	1.000	-3.600	0.004	0.206	1.997	0.007
259e-G6 WT.xrni	additive and organ	/home/meneses/.local/share/vital/Kimura Taro/Wavetables/Softbe Modular/259e-G6.vitaltable	Kimura Taro (CC0)	7.790	0.643	-2.448	0.008	0.100	2.761	0.003
259e-Mix2 WT.xrni	additive and organ	/home/meneses/.local/share/vital/Kimura Taro/Wavetables/Buchla 259e-Red/259e-Mix2.vitaltable	Kimura Taro (CC0)	4.799	0.685	-4.119	0.041	0.101	1.965	0.008
259e-Mix4 WT.xrni	additive and organ	/home/meneses/.local/share/vital/Kimura Taro/Wavetables/Buchla 259e-Red/259e-Mix4.vitaltable	Kimura Taro (CC0)	5.302	0.992	-3.686	0.058	0.082	2.296	0.006
259e-R6 WT.xrni	additive and organ	/home/meneses/.local/share/vital/Kimura Taro/Wavetables/Buchla 259e-Red/259e-R6.vitaltable	Kimura Taro (CC0)	4.501	0.600	-2.116	0.117	0.372	2.713	0.002
259e1 WT.xrni	additive and organ	/home/meneses/.local/share/vital/Kimura Taro/Wavetables/Softbe Modular/259e1.vitaltable	Kimura Taro (CC0)	4.113	0.611	-4.233	0.003	0.143	1.998	0.006
259e2 WT.xrni	additive and organ	/home/meneses/.local/share/vital/Kimura Taro/Wavetables/Softbe Modular/259e2.vitaltable	Kimura Taro (CC0)	3.484	0.830	-4.312	0.003	0.288	1.877	0.005
303 WT.xrni	additive and organ	/home/meneses/.local/share/vital/WaveEdit Online/Wavetables/303.vitaltable	WaveEdit Online (CC0)	3.288	0.595	-3.260	0.129	0.345	3.835	0.009
80_s Christmas WT.xrni	additive and organ	/home/meneses/.local/share/vital/Vital Harvest/Presets/80_s Christmas.vital	other	4.973	0.399	-3.686	0.000	0.000	1.931	0.005
A4TriAMLPF WT.xrni	additive and organ	/home/meneses/.local/share/vital/Kimura Taro/Wavetables/AnalogFour/A4TriAMLPF.vitaltable	Kimura Taro (CC0)	13.554	0.999	-1.604	0.004	0.085	2.936	0.010
ADPR - Low FMT Yoi WT.xrni	additive and organ	/home/meneses/.local/share/vital/Growl 2 - Talking Yoi/Presets/ADPR - Low FMT Yoi.vital	user/Discord presets (third-party)	4.757	0.496	-3.820	0.002	0.011	2.990	0.003
ALPHA_2_ WT.xrni	additive and organ	/home/meneses/.local/share/vital/WaveEdit Online/Wavetables/ALPHA_2_.vitaltable	WaveEdit Online (CC0)	3.265	0.453	-2.399	0.078	0.416	2.038	0.023
AM_SINE WT.xrni	additive and organ	/home/meneses/.local/share/vital/WaveEdit Online/Wavetables/AM_SINE.vitaltable	WaveEdit Online (CC0)	4.500	0.500	-2.310	0.000	0.000	2.223	0.035
Add Bell WT.xrni	additive and organ	/home/meneses/.local/share/vital/Kimura Taro/Wavetables/Additive Synth/Add Bell.vitaltable	Kimura Taro (CC0)	2.508	0.642	-4.611	0.001	0.457	2.452	0.006
Add Synth1 WT.xrni	additive and organ	/home/meneses/.local/share/vital/Kimura Taro/Wavetables/Additive Synth/Add Synth1.vitaltable	Kimura Taro (CC0)	12.309	0.889	-2.734	0.001	0.082	2.299	0.013
Add Synth2 WT.xrni	additive and organ	/home/meneses/.local/share/vital/Kimura Taro/Wavetables/Additive Synth/Add Synth2.vitaltable	Kimura Taro (CC0)	2.898	0.586	-5.091	0.003	0.148	2.184	0.003
Add Synth2 Walsh IDY WT.xrni	additive and organ	/home/meneses/.local/share/vital/Kimura Taro/Wavetables/Additive Synth/Add Synth2 Walsh IDY.vitaltable	Kimura Taro (CC0)	8.021	0.586	-2.456	0.007	0.331	2.851	0.007
Add Synth5 IcarusBell WT.xrni	additive and organ	/home/meneses/.local/share/vital/Kimura Taro/Wavetables/Additive Synth/Add Synth5 IcarusBell.vitaltable	Kimura Taro (CC0)	2.038	0.615	-3.799	0.005	0.512	1.826	0.003
Alien Tree Bells WT.xrni	additive and organ	/home/meneses/.local/share/vital/Vital Harvest/Presets/Alien Tree Bells.vital	other	5.037	0.539	-4.476	0.003	0.357	2.356	0.002
Ambient Soundscape 4 WT.xrni	additive and organ	/home/meneses/.local/share/vital/Vital Harvest/Presets/Ambient Soundscape 4.vital	other	3.784	0.686	-3.890	0.000	0.305	2.330	0.005
Artificial Keys WT.xrni	additive and organ	/home/meneses/.local/share/vital/Vital Harvest/Presets/Artificial Keys.vital	other	2.731	0.837	-3.228	0.008	0.358	2.072	0.003
Audacity DrawSaw WT.xrni	additive and organ	/home/meneses/.local/share/vital/Kimura Taro/Wavetables/Audacity/Audacity DrawSaw.vitaltable	Kimura Taro (CC0)	7.996	0.717	-1.680	0.018	0.471	2.192	0.008
Audacity Wave Harm WT.xrni	additive and organ	/home/meneses/.local/share/vital/Kimura Taro/Wavetables/Audacity/Audacity Wave Harm.vitaltable	Kimura Taro (CC0)	4.017	0.996	-4.165	0.003	0.000	2.024	0.003
BANK_B WT.xrni	additive and organ	/home/meneses/.local/share/vital/WaveEdit Online/Wavetables/BANK_B.vitaltable	WaveEdit Online (CC0)	3.024	0.730	-3.298	0.094	0.491	1.687	0.020
BRAIDS02 WT.xrni	additive and organ	/home/meneses/.local/share/vital/WaveEdit Online/Wavetables/BRAIDS02.vitaltable	WaveEdit Online (CC0)	3.121	0.591	-3.019	0.096	0.304	2.200	0.044
BRAIDS04 WT.xrni	additive and organ	/home/meneses/.local/share/vital/WaveEdit Online/Wavetables/BRAIDS04.vitaltable	WaveEdit Online (CC0)	3.177	0.517	-2.960	0.138	0.148	2.036	0.052
BS Dashstar WT.xrni	additive and organ	/home/meneses/.local/share/vital/Vital Harvest/Presets/BS Dashstar.vital	other	4.287	0.601	-2.106	0.048	0.350	2.212	0.002
Bass funky WT.xrni	additive and organ	/home/meneses/.local/share/vital/nahush2321/Presets/Bass funky.vital	user/Discord presets (third-party)	4.770	0.782	-3.454	0.005	0.501	2.150	0.008
BassTables 05 WT.xrni	additive and organ	/home/meneses/Projects/renoise/wavetable-packs/basstables-v1/BassTables/BassTables 05.wav	BassTables (free use license)	6.492	0.693	-2.228	0.012	0.514	2.184	0.010
BassTables 06 WT.xrni	additive and organ	/home/meneses/Projects/renoise/wavetable-packs/basstables-v1/BassTables/BassTables 06.wav	BassTables (free use license)	7.750	0.772	-1.992	0.019	0.445	2.061	0.010
BassTables 08 WT.xrni	additive and organ	/home/meneses/Projects/renoise/wavetable-packs/basstables-v1/BassTables/BassTables 08.wav	BassTables (free use license)	7.871	0.693	-1.625	0.057	0.514	2.371	0.017
BassTables 14 WT.xrni	additive and organ	/home/meneses/Projects/renoise/wavetable-packs/basstables-v1/BassTables/BassTables 14.wav	BassTables (free use license)	9.984	0.705	-1.748	0.053	0.383	2.381	0.013
BassTables 15 WT.xrni	additive and organ	/home/meneses/Projects/renoise/wavetable-packs/basstables-v1/BassTables/BassTables 15.wav	BassTables (free use license)	9.214	0.607	-1.928	0.030	0.211	1.854	0.014
BassTables 22 WT.xrni	additive and organ	/home/meneses/Projects/renoise/wavetable-packs/basstables-v1/BassTables/BassTables 22.wav	BassTables (free use license)	7.991	0.696	-1.996	0.059	0.439	2.585	0.010
BassicGrime WT.xrni	additive and organ	/home/meneses/.local/share/vital/VitalBank/Presets/BassicGrime.vital	other	4.105	0.510	-2.195	0.171	0.266	2.189	0.001
Bassment WT.xrni	additive and organ	/home/meneses/.local/share/vital/Vital Harvest/Presets/Bassment.vital	other	5.621	0.820	-2.789	0.008	0.252	2.843	0.007
Bazille PD2 WT.xrni	additive and organ	/home/meneses/.local/share/vital/Kimura Taro/Wavetables/Bazille/Bazille PD2.vitaltable	Kimura Taro (CC0)	3.775	0.469	-4.264	0.012	0.155	2.354	0.004
Bazille PD3 Icarus Mod WT.xrni	additive and organ	/home/meneses/.local/share/vital/Kimura Taro/Wavetables/Bazille/Bazille PD3 Icarus Mod.vitaltable	Kimura Taro (CC0)	6.469	0.432	-2.990	0.020	0.075	2.261	0.008
Bazille PDFR1 WT.xrni	additive and organ	/home/meneses/.local/share/vital/Kimura Taro/Wavetables/Bazille/Bazille PDFR1.vitaltable	Kimura Taro (CC0)	9.426	0.405	-2.505	0.088	0.166	2.569	0.005
Bells - Glitter WT.xrni	additive and organ	/home/meneses/.local/share/vital/Vital Harvest/Presets/Bells - Glitter.vital	other	6.938	0.454	-2.876	0.059	0.010	2.427	0.006
Birds WT.xrni	additive and organ	/home/meneses/.local/share/vital/Vital Harvest/Presets/Birds.vital	other	9.068	0.718	-2.581	0.000	0.000	2.461	0.009
Bouncy synth WT.xrni	additive and organ	/home/meneses/.local/share/vital/nahush2321/Presets/Bouncy synth.vital	user/Discord presets (third-party)	4.264	0.669	-2.371	0.011	0.456	2.329	0.003
Breathe WT.xrni	additive and organ	/home/meneses/.local/share/vital/Vital Harvest/Presets/Breathe.vital	other	7.936	0.698	-3.327	0.004	0.003	2.503	0.002
Bug4 WT.xrni	additive and organ	/home/meneses/.local/share/vital/Kimura Taro/Wavetables/Icarus Bugs/Bug4.vitaltable	Kimura Taro (CC0)	2.185	0.716	-3.690	0.016	0.552	2.331	0.002
Bug5 WT.xrni	additive and organ	/home/meneses/.local/share/vital/Kimura Taro/Wavetables/Icarus Bugs/Bug5.vitaltable	Kimura Taro (CC0)	3.770	0.586	-3.237	0.020	0.173	2.036	0.006
CYBORG WT.xrni	additive and organ	/home/meneses/.local/share/vital/WaveEdit Online/Wavetables/CYBORG.vitaltable	WaveEdit Online (CC0)	6.196	0.514	-3.913	0.101	0.001	2.086	0.103
Chords Future Soul Stab WT.xrni	additive and organ	/home/meneses/.local/share/vital/VitalPresets/Presets/Chords Future Soul Stab.vital	user/Discord presets (third-party)	2.601	0.377	-4.447	0.027	0.000	2.284	0.002
Cinematic Horns WT.xrni	additive and organ	/home/meneses/.local/share/vital/Vital Harvest/Presets/Cinematic Horns.vital	other	3.978	0.519	-3.856	0.001	0.088	2.773	0.003
Circle VPS WT.xrni	additive and organ	/home/meneses/.local/share/vital/Kimura Taro/Wavetables/Vector Phase Modulation/Circle VPS.vitaltable	Kimura Taro (CC0)	4.521	0.632	-3.269	0.002	0.023	1.398	0.008
Crazy Riser 8 bars WT.xrni	additive and organ	/home/meneses/.local/share/vital/Vital Harvest/Presets/Crazy Riser 8 bars.vital	other	3.188	0.445	-3.512	0.010	0.318	2.098	0.004
DN CpxMod WT.xrni	additive and organ	/home/meneses/.local/share/vital/Kimura Taro/Wavetables/Digitone/DN CpxMod.vitaltable	Kimura Taro (CC0)	1.870	0.694	-3.643	0.003	0.488	2.118	0.002
DarkSynth5 WT.xrni	additive and organ	/home/meneses/.local/share/vital/Kimura Taro/Wavetables/AmaizingNoises DarkSynth/DarkSynth5.vitaltable	Kimura Taro (CC0)	5.969	0.789	-5.565	0.002	0.465	2.812	0.005
DarkSynth6 WT.xrni	additive and organ	/home/meneses/.local/share/vital/Kimura Taro/Wavetables/AmaizingNoises DarkSynth/DarkSynth6.vitaltable	Kimura Taro (CC0)	4.173	0.728	-5.541	0.001	0.165	2.644	0.003
Delay jump WT.xrni	additive and organ	/home/meneses/.local/share/vital/nahush2321/Presets/Delay jump.vital	user/Discord presets (third-party)	10.330	0.499	-1.870	0.022	0.088	2.430	0.008
Dusty Sharp WT.xrni	additive and organ	/home/meneses/.local/share/vital/Vital Harvest/Presets/Dusty Sharp.vital	other	2.948	0.554	-4.011	0.009	0.094	2.370	0.007
ESW Analog - ARP Pulse WT.xrni	additive and organ	/home/meneses/Projects/renoise/wavetable-packs/esw/Echo Sound Works Core Tables/Analog/ESW Analog - ARP Pulse.wav	Echo Sound Works Core (free pack)	4.105	0.510	-2.195	0.171	0.266	2.189	0.001
ESW Analog - Circle PWM WT.xrni	additive and organ	/home/meneses/Projects/renoise/wavetable-packs/esw/Echo Sound Works Core Tables/Analog/ESW Analog - Circle PWM.wav	Echo Sound Works Core (free pack)	2.223	0.622	-3.684	0.004	0.426	2.586	0.001
ESW Analog - Moog Saw 02 WT.xrni	additive and organ	/home/meneses/Projects/renoise/wavetable-packs/esw/Echo Sound Works Core Tables/Analog/ESW Analog - Moog Saw 02.wav	Echo Sound Works Core (free pack)	3.736	0.620	-2.198	0.011	0.416	1.622	0.002
ESW Analog - Prophet Saw WT.xrni	additive and organ	/home/meneses/Projects/renoise/wavetable-packs/esw/Echo Sound Works Core Tables/Analog/ESW Analog - Prophet Saw.wav	Echo Sound Works Core (free pack)	3.456	0.670	-2.123	0.083	0.472	2.706	0.001
ESW Analog - Russians WT.xrni	additive and organ	/home/meneses/Projects/renoise/wavetable-packs/esw/Echo Sound Works Core Tables/Analog/ESW Analog - Russians.wav	Echo Sound Works Core (free pack)	2.303	0.674	-3.829	0.000	0.558	1.748	0.003
ESW Analog - Ultra Saw WT.xrni	additive and organ	/home/meneses/Projects/renoise/wavetable-packs/esw/Echo Sound Works Core Tables/Analog/ESW Analog - Ultra Saw.wav	Echo Sound Works Core (free pack)	2.697	0.742	-2.598	0.052	0.532	2.600	0.002
ESW Basics - Saw Dual 01 WT.xrni	additive and organ	/home/meneses/Projects/renoise/wavetable-packs/esw/Echo Sound Works Core Tables/Basics/ESW Basics - Saw Dual 01.wav	Echo Sound Works Core (free pack)	4.693	0.623	-1.970	0.122	0.540	2.529	0.003
ESW Basics - Saw Dual 04 WT.xrni	additive and organ	/home/meneses/Projects/renoise/wavetable-packs/esw/Echo Sound Works Core Tables/Basics/ESW Basics - Saw Dual 04.wav	Echo Sound Works Core (free pack)	4.288	0.690	-1.837	0.023	0.385	2.841	0.005
ESW Basics - Saw Dual 05 WT.xrni	additive and organ	/home/meneses/Projects/renoise/wavetable-packs/esw/Echo Sound Works Core Tables/Basics/ESW Basics - Saw Dual 05.wav	Echo Sound Works Core (free pack)	4.582	0.571	-1.926	0.041	0.243	2.318	0.003
ESW Basics - Saw Morph 02 WT.xrni	additive and organ	/home/meneses/Projects/renoise/wavetable-packs/esw/Echo Sound Works Core Tables/Basics/ESW Basics - Saw Morph 02.wav	Echo Sound Works Core (free pack)	3.827	0.567	-2.044	0.147	0.481	2.728	0.005
ESW Basics - Saw Reece WT.xrni	additive and organ	/home/meneses/Projects/renoise/wavetable-packs/esw/Echo Sound Works Core Tables/Basics/ESW Basics - Saw Reece.wav	Echo Sound Works Core (free pack)	4.452	0.716	-1.972	0.040	0.527	2.027	0.003
ESW Basics - Saw Squeeze WT.xrni	additive and organ	/home/meneses/Projects/renoise/wavetable-packs/esw/Echo Sound Works Core Tables/Basics/ESW Basics - Saw Squeeze.wav	Echo Sound Works Core (free pack)	2.165	0.551	-3.322	0.062	0.387	2.398	0.002
ESW Basics - Square Morph 01 WT.xrni	additive and organ	/home/meneses/Projects/renoise/wavetable-packs/esw/Echo Sound Works Core Tables/Basics/ESW Basics - Square Morph 01.wav	Echo Sound Works Core (free pack)	2.565	0.609	-2.030	0.061	0.406	1.930	0.002
ESW Chill - Topix WT.xrni	additive and organ	/home/meneses/Projects/renoise/wavetable-packs/esw/Echo Sound Works Core Tables/Chill/ESW Chill - Topix.wav	Echo Sound Works Core (free pack)	3.432	0.346	-6.051	0.006	0.050	2.629	0.002
ESW Digital - Acid WT.xrni	additive and organ	/home/meneses/Projects/renoise/wavetable-packs/esw/Echo Sound Works Core Tables/Digital/ESW Digital - Acid.wav	Echo Sound Works Core (free pack)	5.661	0.738	-2.078	0.068	0.334	2.071	0.004
ESW Digital - Filter Sweep WT.xrni	additive and organ	/home/meneses/Projects/renoise/wavetable-packs/esw/Echo Sound Works Core Tables/Digital/ESW Digital - Filter Sweep.wav	Echo Sound Works Core (free pack)	6.533	0.685	-1.765	0.025	0.564	2.623	0.010
ESW Digital - Flavors WT.xrni	additive and organ	/home/meneses/Projects/renoise/wavetable-packs/esw/Echo Sound Works Core Tables/Digital/ESW Digital - Flavors.wav	Echo Sound Works Core (free pack)	10.642	0.767	-1.695	0.114	0.271	1.521	0.016
ESW Digital - Fluffy WT.xrni	additive and organ	/home/meneses/Projects/renoise/wavetable-packs/esw/Echo Sound Works Core Tables/Digital/ESW Digital - Fluffy.wav	Echo Sound Works Core (free pack)	3.842	0.490	-2.190	0.118	0.285	2.283	0.004
ESW Digital - Folded Saws WT.xrni	additive and organ	/home/meneses/Projects/renoise/wavetable-packs/esw/Echo Sound Works Core Tables/Digital/ESW Digital - Folded Saws.wav	Echo Sound Works Core (free pack)	3.701	0.575	-2.247	0.229	0.354	2.422	0.010
ESW Digital - Frion WT.xrni	additive and organ	/home/meneses/Projects/renoise/wavetable-packs/esw/Echo Sound Works Core Tables/Digital/ESW Digital - Frion.wav	Echo Sound Works Core (free pack)	11.001	0.622	-1.668	0.050	0.229	2.357	0.011
ESW Digital - Gemini WT.xrni	additive and organ	/home/meneses/Projects/renoise/wavetable-packs/esw/Echo Sound Works Core Tables/Digital/ESW Digital - Gemini.wav	Echo Sound Works Core (free pack)	5.023	0.607	-2.543	0.003	0.208	2.938	0.004
ESW Digital - Hex Code WT.xrni	additive and organ	/home/meneses/Projects/renoise/wavetable-packs/esw/Echo Sound Works Core Tables/Digital/ESW Digital - Hex Code .wav	Echo Sound Works Core (free pack)	6.975	0.441	-1.759	0.056	0.286	2.438	0.011
ESW Digital - I Dunno Know 2 WT.xrni	additive and organ	/home/meneses/Projects/renoise/wavetable-packs/esw/Echo Sound Works Core Tables/Digital/ESW Digital - I Dunno Know 2.wav	Echo Sound Works Core (free pack)	7.286	0.474	-2.117	0.016	0.080	2.298	0.007
ESW Digital - I Dunno Know WT.xrni	additive and organ	/home/meneses/Projects/renoise/wavetable-packs/esw/Echo Sound Works Core Tables/Digital/ESW Digital - I Dunno Know.wav	Echo Sound Works Core (free pack)	6.569	0.463	-2.265	0.010	0.079	2.665	0.004
ESW Digital - Magix WT.xrni	additive and organ	/home/meneses/Projects/renoise/wavetable-packs/esw/Echo Sound Works Core Tables/Digital/ESW Digital - Magix.wav	Echo Sound Works Core (free pack)	2.236	0.560	-3.286	0.093	0.355	1.404	0.004
ESW Digital - Megatron WT.xrni	additive and organ	/home/meneses/Projects/renoise/wavetable-packs/esw/Echo Sound Works Core Tables/Digital/ESW Digital - Megatron.wav	Echo Sound Works Core (free pack)	4.041	0.740	-4.028	0.010	0.589	3.589	0.004
ESW Digital - Phase Spectra WT.xrni	additive and organ	/home/meneses/Projects/renoise/wavetable-packs/esw/Echo Sound Works Core Tables/Digital/ESW Digital - Phase Spectra.wav	Echo Sound Works Core (free pack)	3.591	0.609	-2.378	0.042	0.377	2.893	0.005
ESW Digital - Phase Spectra Wide WT.xrni	additive and organ	/home/meneses/Projects/renoise/wavetable-packs/esw/Echo Sound Works Core Tables/Digital/ESW Digital - Phase Spectra Wide.wav	Echo Sound Works Core (free pack)	3.508	0.607	-2.374	0.047	0.382	2.890	0.005
ESW Digital - Redish WT.xrni	additive and organ	/home/meneses/Projects/renoise/wavetable-packs/esw/Echo Sound Works Core Tables/Digital/ESW Digital - Redish.wav	Echo Sound Works Core (free pack)	2.764	0.782	-4.210	0.001	0.384	2.103	0.004
ESW Digital - Saw Square Sync WT.xrni	additive and organ	/home/meneses/Projects/renoise/wavetable-packs/esw/Echo Sound Works Core Tables/Digital/ESW Digital - Saw Square Sync.wav	Echo Sound Works Core (free pack)	4.679	0.612	-2.041	0.043	0.117	1.632	0.007
ESW Digital - Square Bendz WT.xrni	additive and organ	/home/meneses/Projects/renoise/wavetable-packs/esw/Echo Sound Works Core Tables/Digital/ESW Digital - Square Bendz.wav	Echo Sound Works Core (free pack)	7.885	0.708	-1.498	0.056	0.485	2.639	0.008
ESW Digital - Virgo WT.xrni	additive and organ	/home/meneses/Projects/renoise/wavetable-packs/esw/Echo Sound Works Core Tables/Digital/ESW Digital - Virgo.wav	Echo Sound Works Core (free pack)	6.414	0.512	-2.535	0.007	0.043	2.747	0.006
ESW Digital - Warm Tubes WT.xrni	additive and organ	/home/meneses/Projects/renoise/wavetable-packs/esw/Echo Sound Works Core Tables/Digital/ESW Digital - Warm Tubes.wav	Echo Sound Works Core (free pack)	5.167	1.000	-1.539	0.044	0.207	2.014	0.005
ESW Digitial - Danger WT.xrni	additive and organ	/home/meneses/Projects/renoise/wavetable-packs/esw/Echo Sound Works Core Tables/Digital/ESW Digitial - Danger.wav	Echo Sound Works Core (free pack)	6.151	0.489	-4.094	0.001	0.070	2.634	0.007
ESW FM - Freaky WT.xrni	additive and organ	/home/meneses/Projects/renoise/wavetable-packs/esw/Echo Sound Works Core Tables/FM/ESW FM - Freaky.wav	Echo Sound Works Core (free pack)	9.829	0.626	-1.898	0.020	0.243	1.451	0.019
ESW FM - Grizzly WT.xrni	additive and organ	/home/meneses/Projects/renoise/wavetable-packs/esw/Echo Sound Works Core Tables/FM/ESW FM - Grizzly.wav	Echo Sound Works Core (free pack)	12.705	0.656	-1.407	0.072	0.306	1.746	0.010
ESW FM - Modal WT.xrni	additive and organ	/home/meneses/Projects/renoise/wavetable-packs/esw/Echo Sound Works Core Tables/FM/ESW FM - Modal.wav	Echo Sound Works Core (free pack)	4.975	0.825	-4.643	0.003	0.299	2.146	0.006
ESW FM - Sine Folds WT.xrni	additive and organ	/home/meneses/Projects/renoise/wavetable-packs/esw/Echo Sound Works Core Tables/FM/ESW FM - Sine Folds.wav	Echo Sound Works Core (free pack)	5.427	0.636	-3.027	0.008	0.232	2.670	0.012
ESW FM - Squealer 02 WT.xrni	additive and organ	/home/meneses/Projects/renoise/wavetable-packs/esw/Echo Sound Works Core Tables/FM/ESW FM - Squealer 02.wav	Echo Sound Works Core (free pack)	8.345	0.605	-1.616	0.084	0.202	1.442	0.029
ESW Growl - V8 WT.xrni	additive and organ	/home/meneses/Projects/renoise/wavetable-packs/esw/Echo Sound Works Core Tables/Growl/ESW Growl - V8.wav	Echo Sound Works Core (free pack)	11.593	0.646	-1.380	0.039	0.353	2.469	0.020
ESW Metallic - Chime 01 WT.xrni	additive and organ	/home/meneses/Projects/renoise/wavetable-packs/esw/Echo Sound Works Core Tables/Metallic/ESW Metallic - Chime 01.wav	Echo Sound Works Core (free pack)	3.057	0.452	-2.949	0.022	0.342	2.123	0.006
ESW Metallic - Fuzzy Bells WT.xrni	additive and organ	/home/meneses/Projects/renoise/wavetable-packs/esw/Echo Sound Works Core Tables/Metallic/ESW Metallic - Fuzzy Bells.wav	Echo Sound Works Core (free pack)	13.781	0.727	-1.028	0.041	0.534	2.407	0.021
ESW Metallic - Waves WT.xrni	additive and organ	/home/meneses/Projects/renoise/wavetable-packs/esw/Echo Sound Works Core Tables/Metallic/ESW Metallic - Waves.wav	Echo Sound Works Core (free pack)	6.321	0.723	-2.288	0.021	0.338	2.742	0.009
ESW One Shot - BS Grimey WT.xrni	additive and organ	/home/meneses/Projects/renoise/wavetable-packs/esw/Echo Sound Works Core Tables/Synth One Shots/ESW One Shot - BS Grimey.wav	Echo Sound Works Core (free pack)	1.740	0.638	-3.264	0.028	0.530	1.923	0.002
ESW One Shot - BS Talking Digits WT.xrni	additive and organ	/home/meneses/Projects/renoise/wavetable-packs/esw/Echo Sound Works Core Tables/Synth One Shots/ESW One Shot - BS Talking Digits.wav	Echo Sound Works Core (free pack)	6.644	0.571	-2.013	0.065	0.465	2.469	0.014
ESW One Shot - LD Hawking WT.xrni	additive and organ	/home/meneses/Projects/renoise/wavetable-packs/esw/Echo Sound Works Core Tables/Synth One Shots/ESW One Shot - LD Hawking.wav	Echo Sound Works Core (free pack)	4.482	0.553	-4.013	0.001	0.161	2.742	0.001
ESW Real - BR Trombone 01 WT.xrni	additive and organ	/home/meneses/Projects/renoise/wavetable-packs/esw/Echo Sound Works Core Tables/Instruments/ESW Real - BR Trombone 01.wav	Echo Sound Works Core (free pack)	3.524	0.577	-5.652	0.001	0.033	2.584	0.003
ESW Real - BR Trumpeter 02 WT.xrni	additive and organ	/home/meneses/Projects/renoise/wavetable-packs/esw/Echo Sound Works Core Tables/Instruments/ESW Real - BR Trumpeter 02.wav	Echo Sound Works Core (free pack)	2.904	0.383	-4.537	0.017	0.032	2.771	0.002
ESW Real - BS Upright WT.xrni	additive and organ	/home/meneses/Projects/renoise/wavetable-packs/esw/Echo Sound Works Core Tables/Instruments/ESW Real - BS Upright .wav	Echo Sound Works Core (free pack)	2.617	0.440	-5.499	0.001	0.213	2.288	0.000
ESW Real - Big Brass 01 WT.xrni	additive and organ	/home/meneses/Projects/renoise/wavetable-packs/esw/Echo Sound Works Core Tables/Instruments/ESW Real - Big Brass 01.wav	Echo Sound Works Core (free pack)	6.090	0.548	-2.626	0.003	0.010	2.803	0.005
ESW Real - Big Brass 02 WT.xrni	additive and organ	/home/meneses/Projects/renoise/wavetable-packs/esw/Echo Sound Works Core Tables/Instruments/ESW Real - Big Brass 02.wav	Echo Sound Works Core (free pack)	6.664	0.564	-2.374	0.008	0.078	2.890	0.006
ESW Real - Brass Brass Stab WT.xrni	additive and organ	/home/meneses/Projects/renoise/wavetable-packs/esw/Echo Sound Works Core Tables/Instruments/ESW Real - Brass Brass Stab.wav	Echo Sound Works Core (free pack)	1.998	0.410	-4.166	0.001	0.151	1.709	0.001
ESW Real - Clarinet WT.xrni	additive and organ	/home/meneses/Projects/renoise/wavetable-packs/esw/Echo Sound Works Core Tables/Instruments/ESW Real - Clarinet.wav	Echo Sound Works Core (free pack)	4.007	0.904	-3.336	0.001	0.256	2.165	0.000
ESW Real - KY Rhodes Classic WT.xrni	additive and organ	/home/meneses/Projects/renoise/wavetable-packs/esw/Echo Sound Works Core Tables/Instruments/ESW Real - KY Rhodes Classic.wav	Echo Sound Works Core (free pack)	2.807	0.571	-5.405	0.000	0.218	2.283	0.002
ESW Real - Key Piano Like WT.xrni	additive and organ	/home/meneses/Projects/renoise/wavetable-packs/esw/Echo Sound Works Core Tables/Instruments/ESW Real - Key Piano Like.wav	Echo Sound Works Core (free pack)	4.149	0.640	-2.834	0.003	0.215	2.315	0.001
ESW Real - Organ 01 WT.xrni	additive and organ	/home/meneses/Projects/renoise/wavetable-packs/esw/Echo Sound Works Core Tables/Instruments/ESW Real - Organ 01.wav	Echo Sound Works Core (free pack)	3.482	0.493	-3.123	0.012	0.311	2.520	0.003
ESW Real - Saxaphone WT.xrni	additive and organ	/home/meneses/Projects/renoise/wavetable-packs/esw/Echo Sound Works Core Tables/Instruments/ESW Real - Saxaphone.wav	Echo Sound Works Core (free pack)	3.987	0.384	-3.668	0.002	0.078	2.891	0.002
ESW Real - String Electric Stac WT.xrni	additive and organ	/home/meneses/Projects/renoise/wavetable-packs/esw/Echo Sound Works Core Tables/Instruments/ESW Real - String Electric Stac.wav	Echo Sound Works Core (free pack)	2.248	0.476	-3.861	0.057	0.333	2.152	0.001
ESW Real - String Quartet WT.xrni	additive and organ	/home/meneses/Projects/renoise/wavetable-packs/esw/Echo Sound Works Core Tables/Instruments/ESW Real - String Quartet.wav	Echo Sound Works Core (free pack)	4.752	0.615	-3.991	0.001	0.064	2.394	0.003
ESW Real - String World Vio WT.xrni	additive and organ	/home/meneses/Projects/renoise/wavetable-packs/esw/Echo Sound Works Core Tables/Instruments/ESW Real - String World Vio.wav	Echo Sound Works Core (free pack)	2.970	0.507	-3.664	0.031	0.052	2.207	0.002
ESW Real - World Digidoo WT.xrni	additive and organ	/home/meneses/Projects/renoise/wavetable-packs/esw/Echo Sound Works Core Tables/Instruments/ESW Real - World Digidoo.wav	Echo Sound Works Core (free pack)	4.340	0.619	-3.213	0.001	0.397	2.870	0.002
ESW Real - World Tambura WT.xrni	additive and organ	/home/meneses/Projects/renoise/wavetable-packs/esw/Echo Sound Works Core Tables/Instruments/ESW Real - World Tambura.wav	Echo Sound Works Core (free pack)	7.937	0.698	-3.326	0.003	0.003	2.503	0.002
ESW Spectral - Throaty WT.xrni	additive and organ	/home/meneses/Projects/renoise/wavetable-packs/esw/Echo Sound Works Core Tables/Spectral/ESW Spectral - Throaty.wav	Echo Sound Works Core (free pack)	3.070	0.600	-2.136	0.035	0.433	2.660	0.004
ESW Vocal - Ahhh 02 WT.xrni	additive and organ	/home/meneses/Projects/renoise/wavetable-packs/esw/Echo Sound Works Core Tables/Vocal/ESW Vocal - Ahhh 02.wav	Echo Sound Works Core (free pack)	3.333	0.610	-3.526	0.003	0.287	2.207	0.004
ESW Vocal - Ahhh 03 WT.xrni	additive and organ	/home/meneses/Projects/renoise/wavetable-packs/esw/Echo Sound Works Core Tables/Vocal/ESW Vocal - Ahhh 03.wav	Echo Sound Works Core (free pack)	4.030	0.604	-2.632	0.035	0.094	2.248	0.005
ESW Vocal - Animal Ahh WT.xrni	additive and organ	/home/meneses/Projects/renoise/wavetable-packs/esw/Echo Sound Works Core Tables/Vocal/ESW Vocal - Animal Ahh.wav	Echo Sound Works Core (free pack)	8.240	0.689	-2.230	0.043	0.079	2.405	0.013
ESW Vocal - Ayee Ahh WT.xrni	additive and organ	/home/meneses/Projects/renoise/wavetable-packs/esw/Echo Sound Works Core Tables/Vocal/ESW Vocal - Ayee Ahh.wav	Echo Sound Works Core (free pack)	9.331	0.503	-1.804	0.022	0.248	2.601	0.012
ESW Vocal - Digital Choir 02 WT.xrni	additive and organ	/home/meneses/Projects/renoise/wavetable-packs/esw/Echo Sound Works Core Tables/Vocal/ESW Vocal - Digital Choir 02.wav	Echo Sound Works Core (free pack)	8.087	0.527	-2.329	0.037	0.007	2.801	0.004
ESW Vocal - Digital Choir WT.xrni	additive and organ	/home/meneses/Projects/renoise/wavetable-packs/esw/Echo Sound Works Core Tables/Vocal/ESW Vocal - Digital Choir.wav	Echo Sound Works Core (free pack)	3.359	0.416	-1.002	0.007	0.296	1.974	0.009
ESW Vocal - Formant Bot 03 WT.xrni	additive and organ	/home/meneses/Projects/renoise/wavetable-packs/esw/Echo Sound Works Core Tables/Vocal/ESW Vocal - Formant Bot 03.wav	Echo Sound Works Core (free pack)	9.685	0.505	-2.420	0.008	0.001	2.759	0.010
ESW Vocal - Formant Bot 04 WT.xrni	additive and organ	/home/meneses/Projects/renoise/wavetable-packs/esw/Echo Sound Works Core Tables/Vocal/ESW Vocal - Formant Bot 04.wav	Echo Sound Works Core (free pack)	3.990	0.504	-3.623	0.005	0.027	2.791	0.003
ESW Vocal - Fuzzy Vox WT.xrni	additive and organ	/home/meneses/Projects/renoise/wavetable-packs/esw/Echo Sound Works Core Tables/Vocal/ESW Vocal - Fuzzy Vox.wav	Echo Sound Works Core (free pack)	6.441	0.575	-1.996	0.095	0.400	2.511	0.005
ESW Vocal - Hummer WT.xrni	additive and organ	/home/meneses/Projects/renoise/wavetable-packs/esw/Echo Sound Works Core Tables/Vocal/ESW Vocal - Hummer.wav	Echo Sound Works Core (free pack)	1.803	0.511	-3.091	0.018	0.451	2.144	0.002
ESW Vocal - Phrase 01 WT.xrni	additive and organ	/home/meneses/Projects/renoise/wavetable-packs/esw/Echo Sound Works Core Tables/Vocal/ESW Vocal - Phrase 01.wav	Echo Sound Works Core (free pack)	3.295	0.481	-2.770	0.013	0.115	2.221	0.001
ESW Vocal - Roniit WT.xrni	additive and organ	/home/meneses/Projects/renoise/wavetable-packs/esw/Echo Sound Works Core Tables/Vocal/ESW Vocal - Roniit.wav	Echo Sound Works Core (free pack)	2.271	0.485	-3.472	0.044	0.274	1.932	0.002
ESW Vocal - Serum Voice 02 WT.xrni	additive and organ	/home/meneses/Projects/renoise/wavetable-packs/esw/Echo Sound Works Core Tables/Vocal/ESW Vocal - Serum Voice 02.wav	Echo Sound Works Core (free pack)	6.641	0.345	-4.337	0.001	0.092	2.418	0.007
ESW Vocal - Serum Voice 03 WT.xrni	additive and organ	/home/meneses/Projects/renoise/wavetable-packs/esw/Echo Sound Works Core Tables/Vocal/ESW Vocal - Serum Voice 03.wav	Echo Sound Works Core (free pack)	2.235	0.667	-5.207	0.027	0.403	1.705	0.008
ESW Vocal - Simple Hum WT.xrni	additive and organ	/home/meneses/Projects/renoise/wavetable-packs/esw/Echo Sound Works Core Tables/Vocal/ESW Vocal - Simple Hum.wav	Echo Sound Works Core (free pack)	2.427	0.525	-4.106	0.002	0.333	2.364	0.003
ESW Vocal - Slow Ah WT.xrni	additive and organ	/home/meneses/Projects/renoise/wavetable-packs/esw/Echo Sound Works Core Tables/Vocal/ESW Vocal - Slow Ah.wav	Echo Sound Works Core (free pack)	4.046	0.456	-2.415	0.052	0.261	2.535	0.004
ESW Vocal - Swarm WT.xrni	additive and organ	/home/meneses/Projects/renoise/wavetable-packs/esw/Echo Sound Works Core Tables/Vocal/ESW Vocal - Swarm.wav	Echo Sound Works Core (free pack)	2.995	0.584	-2.599	0.016	0.072	2.281	0.003
ESW Vocal - Talking 01 WT.xrni	additive and organ	/home/meneses/Projects/renoise/wavetable-packs/esw/Echo Sound Works Core Tables/Vocal/ESW Vocal - Talking 01.wav	Echo Sound Works Core (free pack)	11.182	0.437	-2.333	0.025	0.009	2.608	0.006
ESW Vocal - Vocoder 01 WT.xrni	additive and organ	/home/meneses/Projects/renoise/wavetable-packs/esw/Echo Sound Works Core Tables/Vocal/ESW Vocal - Vocoder 01.wav	Echo Sound Works Core (free pack)	5.126	0.712	-2.143	0.030	0.049	2.506	0.005
ESW Vocal - Yelling WT.xrni	additive and organ	/home/meneses/Projects/renoise/wavetable-packs/esw/Echo Sound Works Core Tables/Vocal/ESW Vocal - Yelling.wav	Echo Sound Works Core (free pack)	5.054	0.566	-2.195	0.024	0.177	2.882	0.004
ESW Vocal Table 03 WT.xrni	additive and organ	/home/meneses/Projects/renoise/wavetable-packs/esw/Echo Sound Works Core Tables/Vocal/ESW Vocal Table 03.wav	Echo Sound Works Core (free pack)	6.228	0.495	-3.853	0.027	0.012	2.434	0.005
Escape Artist WT.xrni	additive and organ	/home/meneses/.local/share/vital/Vital Harvest/Presets/Escape Artist.vital	other	1.609	0.644	-5.455	0.002	0.570	2.094	0.002
FF - Yippie YI WT.xrni	additive and organ	/home/meneses/.local/share/vital/Growl 2 - Talking Yoi/Presets/FF - Yippie YI.vital	user/Discord presets (third-party)	4.376	0.566	-2.597	0.196	0.181	2.403	0.000
FM FB2 WT.xrni	additive and organ	/home/meneses/.local/share/vital/Kimura Taro/Wavetables/FM Feedback/FM FB2.vitaltable	Kimura Taro (CC0)	2.891	0.442	-3.086	0.015	0.144	1.549	0.004
FM8bit WT.xrni	additive and organ	/home/meneses/.local/share/vital/Kimura Taro/Wavetables/FM/FM8bit.vitaltable	Kimura Taro (CC0)	5.579	0.601	-3.979	0.004	0.087	1.433	0.011
FMADDI02 WT.xrni	additive and organ	/home/meneses/.local/share/vital/WaveEdit Online/Wavetables/FMADDI02.vitaltable	WaveEdit Online (CC0)	13.947	0.578	-2.684	0.015	0.115	2.231	0.150
FMAdditive1 WT.xrni	additive and organ	/home/meneses/.local/share/vital/Kimura Taro/Wavetables/FM/FMAdditive1.vitaltable	Kimura Taro (CC0)	13.933	0.578	-2.377	0.002	0.115	2.233	0.021
FMAdditive2 WT.xrni	additive and organ	/home/meneses/.local/share/vital/Kimura Taro/Wavetables/FM/FMAdditive2.vitaltable	Kimura Taro (CC0)	10.628	0.577	-2.571	0.004	0.193	2.463	0.012
FMFBNoise WT.xrni	additive and organ	/home/meneses/.local/share/vital/Kimura Taro/Wavetables/FM/FMFBNoise.vitaltable	Kimura Taro (CC0)	2.854	0.651	-2.023	0.006	0.525	1.547	0.006
FMFeedback1 WT.xrni	additive and organ	/home/meneses/.local/share/vital/Kimura Taro/Wavetables/FM/FMFeedback1.vitaltable	Kimura Taro (CC0)	12.748	0.617	-2.215	0.010	0.418	2.281	0.027
FX - Stairs To Bowser WT.xrni	additive and organ	/home/meneses/.local/share/vital/Vital Harvest/Presets/FX - Stairs To Bowser.vital	other	4.288	0.690	-1.837	0.023	0.385	2.841	0.005
Flute - Martian WT.xrni	additive and organ	/home/meneses/.local/share/vital/Vital Harvest/Presets/Flute - Martian.vital	other	4.201	0.353	-4.022	0.011	0.148	4.125	0.003
Folding1 WT.xrni	additive and organ	/home/meneses/.local/share/vital/Kimura Taro/Wavetables/Folding/Folding1.vitaltable	Kimura Taro (CC0)	9.294	0.508	-3.434	0.009	0.056	1.484	0.003
Folding2 WT.xrni	additive and organ	/home/meneses/.local/share/vital/Kimura Taro/Wavetables/Folding/Folding2.vitaltable	Kimura Taro (CC0)	8.790	0.457	-3.416	0.010	0.099	1.480	0.002
Folding3 WT.xrni	additive and organ	/home/meneses/.local/share/vital/Kimura Taro/Wavetables/Folding/Folding3.vitaltable	Kimura Taro (CC0)	21.995	0.484	-2.949	0.151	0.042	1.655	0.010
Formant2 WT.xrni	additive and organ	/home/meneses/.local/share/vital/Kimura Taro/Wavetables/Formant/Formant2.vitaltable	Kimura Taro (CC0)	13.314	0.511	-2.196	0.005	0.001	2.445	0.013
Fourier2 WT.xrni	additive and organ	/home/meneses/.local/share/vital/Kimura Taro/Wavetables/ck.fourier 1.0/Fourier2.vitaltable	Kimura Taro (CC0)	18.019	0.989	-2.266	0.005	0.055	2.453	0.016
Furious 808 WT.xrni	additive and organ	/home/meneses/.local/share/vital/Vital Harvest/Presets/Furious 808.vital	other	3.074	0.457	-4.307	0.003	0.213	1.954	0.004
GRAV-C3 WT.xrni	additive and organ	/home/meneses/.local/share/vital/WaveEdit Online/Wavetables/GRAV-C3.vitaltable	WaveEdit Online (CC0)	18.139	0.469	-2.147	0.108	0.014	1.688	0.022
GRAV-C5 WT.xrni	additive and organ	/home/meneses/.local/share/vital/WaveEdit Online/Wavetables/GRAV-C5.vitaltable	WaveEdit Online (CC0)	21.645	0.499	-2.368	0.100	0.009	1.534	0.024
Gasbait WT.xrni	additive and organ	/home/meneses/.local/share/vital/Vital Harvest/Presets/Gasbait.vital	other	3.648	0.777	-2.462	0.000	0.399	2.512	0.005
Guitar - MultiVerse WT.xrni	additive and organ	/home/meneses/.local/share/vital/Vital Harvest/Presets/Guitar - MultiVerse.vital	other	1.746	0.298	-5.451	0.002	0.294	1.971	0.002
Guitar Mystic WT.xrni	additive and organ	/home/meneses/.local/share/vital/Vital Harvest/Presets/Guitar Mystic.vital	other	1.770	0.343	-5.730	0.001	0.306	1.862	0.003
Gutz WT.xrni	additive and organ	/home/meneses/.local/share/vital/VitalBank/Presets/Gutz.vital	other	2.223	0.622	-3.684	0.005	0.426	2.586	0.001
HIENHARM WT.xrni	additive and organ	/home/meneses/.local/share/vital/WaveEdit Online/Wavetables/HIENHARM.vitaltable	WaveEdit Online (CC0)	15.829	0.998	-2.235	0.095	0.059	1.790	0.155
Half Clip6 WT.xrni	additive and organ	/home/meneses/.local/share/vital/Kimura Taro/Wavetables/Half Clip/Half Clip6.vitaltable	Kimura Taro (CC0)	7.347	0.969	-2.088	0.011	0.001	1.697	0.010
ISOLDE WT.xrni	additive and organ	/home/meneses/.local/share/vital/WaveEdit Online/Wavetables/ISOLDE.vitaltable	WaveEdit Online (CC0)	2.153	0.600	-2.779	0.115	0.525	1.775	0.015
Increase soul1 WT.xrni	additive and organ	/home/meneses/.local/share/vital/nahush2321/Presets/Increase soul1.vital	user/Discord presets (third-party)	3.472	0.822	-3.892	0.002	0.374	2.312	0.011
James Bond9 WT.xrni	additive and organ	/home/meneses/.local/share/vital/Kimura Taro/Wavetables/Vocorder/James Bond9.vitaltable	Kimura Taro (CC0)	11.599	0.639	-1.889	0.020	0.217	2.651	0.004
Journey Strings V2 WT.xrni	additive and organ	/home/meneses/.local/share/vital/VitalBank/Presets/Journey Strings V2.vital	other	1.998	0.390	-4.166	0.005	0.137	1.709	0.001
KUATO WT.xrni	additive and organ	/home/meneses/.local/share/vital/WaveEdit Online/Wavetables/KUATO.vitaltable	WaveEdit Online (CC0)	8.922	0.606	-1.939	0.014	0.085	2.722	0.022
Karplus FM WT.xrni	additive and organ	/home/meneses/.local/share/vital/Kimura Taro/Wavetables/Karplus Strong/Karplus FM.vitaltable	Kimura Taro (CC0)	12.226	0.663	-1.576	0.008	0.485	2.920	0.016
Karplus SM WT.xrni	additive and organ	/home/meneses/.local/share/vital/Kimura Taro/Wavetables/Karplus Strong/Karplus SM.vitaltable	Kimura Taro (CC0)	9.574	0.498	-2.935	0.002	0.002	2.228	0.010
Keys - Candy Canes WT.xrni	additive and organ	/home/meneses/.local/share/vital/Vital Harvest/Presets/Keys - Candy Canes.vital	other	4.105	0.510	-2.195	0.171	0.266	2.189	0.001
Keys - Lo-Fi Gallery WT.xrni	additive and organ	/home/meneses/.local/share/vital/Vital Harvest/Presets/Keys - Lo-Fi Gallery.vital	other	4.149	0.640	-2.902	0.005	0.215	2.316	0.001
Korgasmatron1 WT.xrni	additive and organ	/home/meneses/.local/share/vital/Kimura Taro/Wavetables/Softbe Modular/Korgasmatron1.vitaltable	Kimura Taro (CC0)	9.844	0.937	-1.724	0.006	0.212	2.103	0.012
LD - Bassraiders _V3_ WT.xrni	additive and organ	/home/meneses/.local/share/vital/Vital Harvest/Presets/LD - Bassraiders _V3_.vital	other	4.784	0.737	-3.262	0.020	0.602	3.055	0.004
LEAD - Clean Guitar WT.xrni	additive and organ	/home/meneses/.local/share/vital/Vital Harvest/Presets/LEAD - Clean Guitar.vital	other	3.566	0.628	-3.774	0.044	0.183	2.144	0.004
Lost at Sea WT.xrni	additive and organ	/home/meneses/.local/share/vital/Vital Harvest/Presets/Lost at Sea.vital	other	5.684	0.527	-4.373	0.017	0.275	3.127	0.006
Love Honk WT.xrni	additive and organ	/home/meneses/.local/share/vital/Vital Harvest/Presets/Love Honk.vital	other	2.539	0.487	-5.052	0.000	0.000	2.049	0.003
M1 Clav WT.xrni	additive and organ	/home/meneses/.local/share/vital/Kimura Taro/Wavetables/M1 Wavetable[Mini][2048-44.1khz-32bit]/M1 Clav.vitaltable	Kimura Taro (CC0)	5.158	0.538	-3.190	0.006	0.014	1.583	0.004
M1 Guitar1 WT.xrni	additive and organ	/home/meneses/.local/share/vital/Kimura Taro/Wavetables/M1 Wavetable[Mini][2048-44.1khz-32bit]/M1 Guitar1.vitaltable	Kimura Taro (CC0)	1.649	0.617	-3.298	0.001	0.600	1.648	0.003
M1 MuteTB WT.xrni	additive and organ	/home/meneses/.local/share/vital/Kimura Taro/Wavetables/M1 Wavetable[Mini][2048-44.1khz-32bit]/M1 MuteTB.vitaltable	Kimura Taro (CC0)	4.246	0.407	-3.029	0.002	0.004	2.418	0.004
M1 PianoI WT.xrni	additive and organ	/home/meneses/.local/share/vital/Kimura Taro/Wavetables/M1 Piano/M1 PianoI.vitaltable	Kimura Taro (CC0)	6.388	0.753	-2.340	0.003	0.001	2.391	0.010
M1-SCWs WT.xrni	additive and organ	/home/meneses/.local/share/vital/Kimura Taro/Wavetables/M1 Wavetable[Mini][2048-44.1khz-32bit]/M1-SCWs.vitaltable	Kimura Taro (CC0)	2.306	0.689	-2.902	0.008	0.537	2.319	0.002
M1PianoFFT1 WT.xrni	additive and organ	/home/meneses/.local/share/vital/Kimura Taro/Wavetables/M1 Piano/M1PianoFFT1.vitaltable	Kimura Taro (CC0)	6.224	0.501	-2.651	0.002	0.005	2.212	0.008
MIXED_AS WT.xrni	additive and organ	/home/meneses/.local/share/vital/WaveEdit Online/Wavetables/MIXED_AS.vitaltable	WaveEdit Online (CC0)	4.542	0.670	-2.676	0.127	0.477	2.248	0.039
MP P10-PS2 WT.xrni	additive and organ	/home/meneses/.local/share/vital/Kimura Taro/Wavetables/Korg Analog  Synth PhaseShift2/MP P10-PS2.vitaltable	Kimura Taro (CC0)	4.951	0.663	-2.370	0.077	0.328	1.798	0.001
MS 20 Saw MPS WT.xrni	additive and organ	/home/meneses/.local/share/vital/Kimura Taro/Wavetables/Korg Analog  Synth PhaseShift1/MS 20 Saw MPS.vitaltable	Kimura Taro (CC0)	5.176	0.657	-1.961	0.164	0.338	2.222	0.005
Melda CustumWave3 IcarusBell WT.xrni	additive and organ	/home/meneses/.local/share/vital/Kimura Taro/Wavetables/Melda Oscillator/Melda CustumWave3 IcarusBell.vitaltable	Kimura Taro (CC0)	1.659	0.513	-3.673	0.004	0.503	1.942	0.002
Melda CustumWave3 IcarusDenoise WT.xrni	additive and organ	/home/meneses/.local/share/vital/Kimura Taro/Wavetables/Melda Oscillator/Melda CustumWave3 IcarusDenoise.vitaltable	Kimura Taro (CC0)	3.094	0.535	-4.697	0.004	0.314	2.375	0.004
Melody 20 WT.xrni	additive and organ	/home/meneses/.local/share/vital/nahush2321/Presets/Melody 20.vital	user/Discord presets (third-party)	11.014	0.540	-5.135	0.043	0.002	2.759	0.009
Melody echo WT.xrni	additive and organ	/home/meneses/.local/share/vital/nahush2321/Presets/Melody echo.vital	user/Discord presets (third-party)	4.693	0.623	-1.970	0.123	0.540	2.529	0.003
Modulo10 WT.xrni	additive and organ	/home/meneses/.local/share/vital/Kimura Taro/Wavetables/Modulo/Modulo10.vitaltable	Kimura Taro (CC0)	10.343	0.676	-1.959	0.138	0.192	1.520	0.017
MonoPoly P10 PS1 WT.xrni	additive and organ	/home/meneses/.local/share/vital/Kimura Taro/Wavetables/Korg Analog  Synth PhaseShift1/MonoPoly P10 PS1.vitaltable	Kimura Taro (CC0)	5.043	0.627	-2.314	0.081	0.199	2.037	0.001
No Contest WT.xrni	additive and organ	/home/meneses/.local/share/vital/Vital Harvest/Presets/No Contest.vital	other	6.682	0.697	-1.917	0.107	0.039	2.279	0.003
OP1 Digital02 WT.xrni	additive and organ	/home/meneses/.local/share/vital/Kimura Taro/Wavetables/TE OP-1/OP1 Digital02.vitaltable	Kimura Taro (CC0)	8.042	0.472	-2.193	0.007	0.404	2.318	0.017
OP1 Digital03I WT.xrni	additive and organ	/home/meneses/.local/share/vital/Kimura Taro/Wavetables/TE OP-1/OP1 Digital03I.vitaltable	Kimura Taro (CC0)	7.233	0.516	-1.816	0.005	0.382	2.455	0.010
OP1 Digital05 WT.xrni	additive and organ	/home/meneses/.local/share/vital/Kimura Taro/Wavetables/TE OP-1/OP1 Digital05.vitaltable	Kimura Taro (CC0)	13.264	0.456	-1.559	0.007	0.323	2.296	0.020
OP1 DrWave01 WT.xrni	additive and organ	/home/meneses/.local/share/vital/Kimura Taro/Wavetables/TE OP-1/OP1 DrWave01.vitaltable	Kimura Taro (CC0)	7.383	0.906	-1.077	0.007	0.000	1.691	0.010
OP1 DrWave02I WT.xrni	additive and organ	/home/meneses/.local/share/vital/Kimura Taro/Wavetables/TE OP-1/OP1 DrWave02I.vitaltable	Kimura Taro (CC0)	11.081	0.753	-1.368	0.006	0.001	1.785	0.012
OP1 DrWave03 WT.xrni	additive and organ	/home/meneses/.local/share/vital/Kimura Taro/Wavetables/TE OP-1/OP1 DrWave03.vitaltable	Kimura Taro (CC0)	7.318	0.684	-1.920	0.007	0.018	2.181	0.004
OP1 DrWave04 WT.xrni	additive and organ	/home/meneses/.local/share/vital/Kimura Taro/Wavetables/TE OP-1/OP1 DrWave04.vitaltable	Kimura Taro (CC0)	4.510	0.744	-1.876	0.008	0.277	2.087	0.003
OP1 DrWave05I WT.xrni	additive and organ	/home/meneses/.local/share/vital/Kimura Taro/Wavetables/TE OP-1/OP1 DrWave05I.vitaltable	Kimura Taro (CC0)	4.259	0.757	-1.852	0.007	0.366	2.314	0.004
OP1 DrWave09 WT.xrni	additive and organ	/home/meneses/.local/share/vital/Kimura Taro/Wavetables/TE OP-1/OP1 DrWave09.vitaltable	Kimura Taro (CC0)	2.579	0.617	-2.087	0.009	0.554	2.546	0.002
OP1 Phase01 WT.xrni	additive and organ	/home/meneses/.local/share/vital/Kimura Taro/Wavetables/TE OP-1/OP1 Phase01.vitaltable	Kimura Taro (CC0)	6.076	0.500	-2.910	0.004	0.004	2.619	0.004
OP1 Phase02I WT.xrni	additive and organ	/home/meneses/.local/share/vital/Kimura Taro/Wavetables/TE OP-1/OP1 Phase02I.vitaltable	Kimura Taro (CC0)	4.745	0.507	-4.217	0.002	0.043	2.495	0.006
OP1 String03 WT.xrni	additive and organ	/home/meneses/.local/share/vital/Kimura Taro/Wavetables/TE OP-1/OP1 String03.vitaltable	Kimura Taro (CC0)	10.638	0.461	-3.698	0.006	0.023	2.503	0.003
OP1 String05I WT.xrni	additive and organ	/home/meneses/.local/share/vital/Kimura Taro/Wavetables/TE OP-1/OP1 String05I.vitaltable	Kimura Taro (CC0)	4.342	0.630	-4.656	0.007	0.159	2.489	0.002
OP1 String06 WT.xrni	additive and organ	/home/meneses/.local/share/vital/Kimura Taro/Wavetables/TE OP-1/OP1 String06.vitaltable	Kimura Taro (CC0)	4.835	0.649	-2.855	0.008	0.179	2.548	0.003
OP1 String07I WT.xrni	additive and organ	/home/meneses/.local/share/vital/Kimura Taro/Wavetables/TE OP-1/OP1 String07I.vitaltable	Kimura Taro (CC0)	3.359	0.360	-4.832	0.002	0.111	2.273	0.003
Orchestra Horns WT.xrni	additive and organ	/home/meneses/.local/share/vital/Vital Harvest/Presets/Orchestra Horns.vital	other	1.530	0.500	-3.063	0.046	0.500	1.769	0.000
Over Clouds WT.xrni	additive and organ	/home/meneses/.local/share/vital/Vital Harvest/Presets/Over Clouds.vital	other	6.129	0.792	-2.147	0.006	0.238	2.586	0.006
PD PWM1 WT.xrni	additive and organ	/home/meneses/.local/share/vital/Kimura Taro/Wavetables/PD PWM/PD PWM1.vitaltable	Kimura Taro (CC0)	1.530	0.547	-4.226	0.004	0.525	1.835	0.002
PD PWM2 WT.xrni	additive and organ	/home/meneses/.local/share/vital/Kimura Taro/Wavetables/PD PWM/PD PWM2.vitaltable	Kimura Taro (CC0)	1.616	0.531	-4.212	0.003	0.496	2.248	0.002
PD PWM5 WT.xrni	additive and organ	/home/meneses/.local/share/vital/Kimura Taro/Wavetables/PD PWM/PD PWM5.vitaltable	Kimura Taro (CC0)	1.554	0.616	-4.144	0.003	0.531	1.460	0.002
PD SQ5 WT.xrni	additive and organ	/home/meneses/.local/share/vital/Kimura Taro/Wavetables/PD Square/PD SQ5.vitaltable	Kimura Taro (CC0)	27.358	0.662	-0.720	0.007	0.001	1.489	0.024
PD SQ7 WT.xrni	additive and organ	/home/meneses/.local/share/vital/Kimura Taro/Wavetables/PD Square/PD SQ7.vitaltable	Kimura Taro (CC0)	6.012	0.465	-2.889	0.030	0.457	1.332	0.003
PD SQ8 WT.xrni	additive and organ	/home/meneses/.local/share/vital/Kimura Taro/Wavetables/PD Square/PD SQ8.vitaltable	Kimura Taro (CC0)	2.002	0.585	-3.945	0.009	0.449	1.786	0.002
PD12 WT.xrni	additive and organ	/home/meneses/.local/share/vital/Kimura Taro/Wavetables/Phase Distortion/PD12.vitaltable	Kimura Taro (CC0)	4.017	0.500	-4.105	0.007	0.193	1.414	0.008
PD5 WT.xrni	additive and organ	/home/meneses/.local/share/vital/Kimura Taro/Wavetables/Phase Distortion/PD5.vitaltable	Kimura Taro (CC0)	7.608	0.445	-2.874	0.011	0.007	1.414	0.015
PD6 WT.xrni	additive and organ	/home/meneses/.local/share/vital/Kimura Taro/Wavetables/Phase Distortion/PD6.vitaltable	Kimura Taro (CC0)	29.399	0.772	-0.755	0.012	0.000	1.412	0.055
PD7 WT.xrni	additive and organ	/home/meneses/.local/share/vital/Kimura Taro/Wavetables/Phase Distortion/PD7.vitaltable	Kimura Taro (CC0)	8.763	0.492	-2.625	0.006	0.067	1.397	0.016
PLAITS03 WT.xrni	additive and organ	/home/meneses/.local/share/vital/WaveEdit Online/Wavetables/PLAITS03.vitaltable	WaveEdit Online (CC0)	3.611	0.610	-2.280	0.004	0.012	2.071	0.031
PMSimple11 Icarus Bell WT.xrni	additive and organ	/home/meneses/.local/share/vital/Kimura Taro/Wavetables/PM[Simple]/PMSimple11 Icarus Bell.vitaltable	Kimura Taro (CC0)	6.499	0.575	-5.589	0.002	0.003	2.036	0.014
PMSimple14 WT.xrni	additive and organ	/home/meneses/.local/share/vital/Kimura Taro/Wavetables/PM[Simple]/PMSimple14.vitaltable	Kimura Taro (CC0)	6.499	0.538	-2.979	0.022	0.081	1.986	0.010
PMSimple15 WT.xrni	additive and organ	/home/meneses/.local/share/vital/Kimura Taro/Wavetables/PM[Simple]/PMSimple15.vitaltable	Kimura Taro (CC0)	11.112	1.000	-2.358	0.000	0.025	1.409	0.021
PMSimple16 WT.xrni	additive and organ	/home/meneses/.local/share/vital/Kimura Taro/Wavetables/PM[Simple]/PMSimple16.vitaltable	Kimura Taro (CC0)	7.763	0.573	-2.801	0.001	0.541	1.415	0.017
PMSimple18 WT.xrni	additive and organ	/home/meneses/.local/share/vital/Kimura Taro/Wavetables/PM[Simple]/PMSimple18.vitaltable	Kimura Taro (CC0)	6.873	0.548	-2.839	0.023	0.050	2.010	0.009
PMSimple2 WT.xrni	additive and organ	/home/meneses/.local/share/vital/Kimura Taro/Wavetables/PM[Simple]/PMSimple2.vitaltable	Kimura Taro (CC0)	2.411	0.762	-4.267	0.002	0.289	1.795	0.002
PMSimple5 WT.xrni	additive and organ	/home/meneses/.local/share/vital/Kimura Taro/Wavetables/PM[Simple]/PMSimple5.vitaltable	Kimura Taro (CC0)	3.497	0.503	-4.044	0.003	0.001	1.426	0.007
PMSimple6 WT.xrni	additive and organ	/home/meneses/.local/share/vital/Kimura Taro/Wavetables/PM[Simple]/PMSimple6.vitaltable	Kimura Taro (CC0)	8.744	0.547	-2.841	0.018	0.002	1.687	0.013
PMSimple7 WT.xrni	additive and organ	/home/meneses/.local/share/vital/Kimura Taro/Wavetables/PM[Simple]/PMSimple7.vitaltable	Kimura Taro (CC0)	5.007	0.396	-3.780	0.009	0.009	1.454	0.009
PMSimple9 WT.xrni	additive and organ	/home/meneses/.local/share/vital/Kimura Taro/Wavetables/PM[Simple]/PMSimple9.vitaltable	Kimura Taro (CC0)	9.634	0.535	-2.669	0.015	0.009	1.479	0.018
PPG01 4bit WT.xrni	additive and organ	/home/meneses/.local/share/vital/Kimura Taro/Wavetables/PPG Wave[4bit]/PPG01 4bit.vitaltable	Kimura Taro (CC0)	4.148	0.796	-2.128	0.007	0.394	2.150	0.012
PPG01 WT.xrni	additive and organ	/home/meneses/.local/share/vital/Kimura Taro/Wavetables/PPG Wave/PPG01.vitaltable	Kimura Taro (CC0)	3.820	0.793	-2.333	0.001	0.394	2.147	0.008
PPG02 4bit WT.xrni	additive and organ	/home/meneses/.local/share/vital/Kimura Taro/Wavetables/PPG Wave[4bit]/PPG02 4bit.vitaltable	Kimura Taro (CC0)	4.100	0.476	-2.174	0.006	0.304	2.236	0.012
PPG02 WT.xrni	additive and organ	/home/meneses/.local/share/vital/Kimura Taro/Wavetables/PPG Wave/PPG02.vitaltable	Kimura Taro (CC0)	3.696	0.476	-2.390	0.001	0.305	2.230	0.007
PPG09 4bit WT.xrni	additive and organ	/home/meneses/.local/share/vital/Kimura Taro/Wavetables/PPG Wave[4bit]/PPG09 4bit.vitaltable	Kimura Taro (CC0)	3.784	0.666	-2.098	0.006	0.251	2.482	0.009
PPG09 WT.xrni	additive and organ	/home/meneses/.local/share/vital/Kimura Taro/Wavetables/PPG Wave/PPG09.vitaltable	Kimura Taro (CC0)	3.448	0.672	-2.252	0.001	0.252	2.475	0.005
PPG10 4bit WT.xrni	additive and organ	/home/meneses/.local/share/vital/Kimura Taro/Wavetables/PPG Wave[4bit]/PPG10 4bit.vitaltable	Kimura Taro (CC0)	6.618	0.522	-2.597	0.007	0.074	2.956	0.011
PPG10 WT.xrni	additive and organ	/home/meneses/.local/share/vital/Kimura Taro/Wavetables/PPG Wave/PPG10.vitaltable	Kimura Taro (CC0)	6.054	0.535	-2.686	0.001	0.075	2.946	0.007
PPG11 4bit WT.xrni	additive and organ	/home/meneses/.local/share/vital/Kimura Taro/Wavetables/PPG Wave[4bit]/PPG11 4bit.vitaltable	Kimura Taro (CC0)	5.316	0.658	-2.744	0.009	0.139	2.812	0.009
PPG11 WT.xrni	additive and organ	/home/meneses/.local/share/vital/Kimura Taro/Wavetables/PPG Wave/PPG11.vitaltable	Kimura Taro (CC0)	4.727	0.655	-3.017	0.001	0.139	2.815	0.005
PPG14 4bit WT.xrni	additive and organ	/home/meneses/.local/share/vital/Kimura Taro/Wavetables/PPG Wave[4bit]/PPG14 4bit.vitaltable	Kimura Taro (CC0)	5.557	0.379	-2.433	0.008	0.245	2.208	0.012
PPG14 WT.xrni	additive and organ	/home/meneses/.local/share/vital/Kimura Taro/Wavetables/PPG Wave/PPG14.vitaltable	Kimura Taro (CC0)	5.023	0.377	-2.622	0.001	0.245	2.246	0.008
PPG15 4bit WT.xrni	additive and organ	/home/meneses/.local/share/vital/Kimura Taro/Wavetables/PPG Wave[4bit]/PPG15 4bit.vitaltable	Kimura Taro (CC0)	5.043	0.874	-2.424	0.009	0.238	2.584	0.009
PPG15 WT.xrni	additive and organ	/home/meneses/.local/share/vital/Kimura Taro/Wavetables/PPG Wave/PPG15.vitaltable	Kimura Taro (CC0)	4.578	0.878	-2.563	0.001	0.242	2.592	0.005
PPG16 4bit WT.xrni	additive and organ	/home/meneses/.local/share/vital/Kimura Taro/Wavetables/PPG Wave[4bit]/PPG16 4bit.vitaltable	Kimura Taro (CC0)	2.885	0.635	-2.752	0.008	0.463	2.098	0.008
PPG16 WT.xrni	additive and organ	/home/meneses/.local/share/vital/Kimura Taro/Wavetables/PPG Wave/PPG16.vitaltable	Kimura Taro (CC0)	2.625	0.635	-2.757	0.001	0.463	2.110	0.005
PPG18 4bit WT.xrni	additive and organ	/home/meneses/.local/share/vital/Kimura Taro/Wavetables/PPG Wave[4bit]/PPG18 4bit.vitaltable	Kimura Taro (CC0)	4.486	0.433	-2.478	0.008	0.269	2.302	0.009
PPG18 WT.xrni	additive and organ	/home/meneses/.local/share/vital/Kimura Taro/Wavetables/PPG Wave/PPG18.vitaltable	Kimura Taro (CC0)	4.072	0.432	-2.657	0.001	0.267	2.247	0.006
PPG19 4bit WT.xrni	additive and organ	/home/meneses/.local/share/vital/Kimura Taro/Wavetables/PPG Wave[4bit]/PPG19 4bit.vitaltable	Kimura Taro (CC0)	2.654	0.607	-2.751	0.009	0.355	2.329	0.006
PPG19 WT.xrni	additive and organ	/home/meneses/.local/share/vital/Kimura Taro/Wavetables/PPG Wave/PPG19.vitaltable	Kimura Taro (CC0)	2.302	0.612	-3.279	0.001	0.363	2.317	0.003
PPG21 4bit WT.xrni	additive and organ	/home/meneses/.local/share/vital/Kimura Taro/Wavetables/PPG Wave[4bit]/PPG21 4bit.vitaltable	Kimura Taro (CC0)	3.845	0.706	-1.750	0.010	0.175	2.424	0.008
PPG21 WT.xrni	additive and organ	/home/meneses/.local/share/vital/Kimura Taro/Wavetables/PPG Wave/PPG21.vitaltable	Kimura Taro (CC0)	3.436	0.703	-2.048	0.001	0.172	2.408	0.004
PPG23 WT.xrni	additive and organ	/home/meneses/.local/share/vital/Kimura Taro/Wavetables/PPG Wave/PPG23.vitaltable	Kimura Taro (CC0)	2.378	0.485	-2.632	0.001	0.355	2.027	0.004
PPG24 4bit WT.xrni	additive and organ	/home/meneses/.local/share/vital/Kimura Taro/Wavetables/PPG Wave[4bit]/PPG24 4bit.vitaltable	Kimura Taro (CC0)	3.064	0.528	-1.455	0.010	0.000	1.881	0.010
PPG24 WT.xrni	additive and organ	/home/meneses/.local/share/vital/Kimura Taro/Wavetables/PPG Wave/PPG24.vitaltable	Kimura Taro (CC0)	2.714	0.526	-1.998	0.001	0.000	1.862	0.006
PPG25 4bit WT.xrni	additive and organ	/home/meneses/.local/share/vital/Kimura Taro/Wavetables/PPG Wave[4bit]/PPG25 4bit.vitaltable	Kimura Taro (CC0)	2.869	0.646	-1.405	0.009	0.556	1.654	0.009
PPG25 WT.xrni	additive and organ	/home/meneses/.local/share/vital/Kimura Taro/Wavetables/PPG Wave/PPG25.vitaltable	Kimura Taro (CC0)	2.561	0.647	-2.082	0.001	0.558	1.643	0.004
PPG30 4bit WT.xrni	additive and organ	/home/meneses/.local/share/vital/Kimura Taro/Wavetables/PPG Wave[4bit]/PPG30 4bit.vitaltable	Kimura Taro (CC0)	2.448	0.575	-2.296	0.009	0.459	1.990	0.007
PPG30 WT.xrni	additive and organ	/home/meneses/.local/share/vital/Kimura Taro/Wavetables/PPG Wave/PPG30.vitaltable	Kimura Taro (CC0)	2.155	0.579	-2.464	0.001	0.461	1.922	0.004
PPG_WA01 WT.xrni	additive and organ	/home/meneses/.local/share/vital/WaveEdit Online/Wavetables/PPG_WA01.vitaltable	WaveEdit Online (CC0)	3.551	0.789	-2.184	0.123	0.420	1.915	0.021
PPG_WA02 WT.xrni	additive and organ	/home/meneses/.local/share/vital/WaveEdit Online/Wavetables/PPG_WA02.vitaltable	WaveEdit Online (CC0)	3.267	0.685	-2.512	0.086	0.538	2.057	0.022
PPG_WA09 WT.xrni	additive and organ	/home/meneses/.local/share/vital/WaveEdit Online/Wavetables/PPG_WA09.vitaltable	WaveEdit Online (CC0)	2.813	0.729	-2.318	0.146	0.443	1.920	0.014
PPG_WA10 WT.xrni	additive and organ	/home/meneses/.local/share/vital/WaveEdit Online/Wavetables/PPG_WA10.vitaltable	WaveEdit Online (CC0)	3.700	0.504	-2.825	0.147	0.084	2.617	0.020
PPG_WA11 WT.xrni	additive and organ	/home/meneses/.local/share/vital/WaveEdit Online/Wavetables/PPG_WA11.vitaltable	WaveEdit Online (CC0)	4.504	0.754	-2.982	0.178	0.162	2.587	0.025
PPG_WA14 WT.xrni	additive and organ	/home/meneses/.local/share/vital/WaveEdit Online/Wavetables/PPG_WA14.vitaltable	WaveEdit Online (CC0)	4.477	0.524	-2.661	0.119	0.329	1.962	0.034
PPG_WA18 WT.xrni	additive and organ	/home/meneses/.local/share/vital/WaveEdit Online/Wavetables/PPG_WA18.vitaltable	WaveEdit Online (CC0)	3.277	0.559	-2.684	0.151	0.407	2.020	0.023
PPG_WA19 WT.xrni	additive and organ	/home/meneses/.local/share/vital/WaveEdit Online/Wavetables/PPG_WA19.vitaltable	WaveEdit Online (CC0)	2.302	0.613	-3.279	0.098	0.363	2.222	0.014
PPG_WA21 WT.xrni	additive and organ	/home/meneses/.local/share/vital/WaveEdit Online/Wavetables/PPG_WA21.vitaltable	WaveEdit Online (CC0)	2.732	0.721	-2.320	0.083	0.480	1.862	0.014
PPG_WA24 WT.xrni	additive and organ	/home/meneses/.local/share/vital/WaveEdit Online/Wavetables/PPG_WA24.vitaltable	WaveEdit Online (CC0)	2.798	0.650	-1.956	0.095	0.089	1.759	0.019
PPG_WA30 WT.xrni	additive and organ	/home/meneses/.local/share/vital/WaveEdit Online/Wavetables/PPG_WA30.vitaltable	WaveEdit Online (CC0)	3.815	0.563	-2.605	0.157	0.404	1.931	0.019
PWMSync1 WT.xrni	additive and organ	/home/meneses/.local/share/vital/Kimura Taro/Wavetables/OSC Sync+PWM/PWMSync1.vitaltable	Kimura Taro (CC0)	15.024	0.623	-1.755	0.008	0.011	1.934	0.014
PWMSync2 WT.xrni	additive and organ	/home/meneses/.local/share/vital/Kimura Taro/Wavetables/OSC Sync+PWM/PWMSync2.vitaltable	Kimura Taro (CC0)	8.373	0.619	-1.900	0.009	0.442	3.029	0.007
Pad - Sing With Me WT.xrni	additive and organ	/home/meneses/.local/share/vital/Vital Harvest/Presets/Pad - Sing With Me.vital	other	5.054	0.566	-2.195	0.024	0.177	2.882	0.004
Pad - Tension WT.xrni	additive and organ	/home/meneses/.local/share/vital/Vital Harvest/Presets/Pad - Tension.vital	other	3.302	0.672	-2.095	0.006	0.615	2.624	0.004
Phase2 WT.xrni	additive and organ	/home/meneses/.local/share/vital/Kimura Taro/Wavetables/Phase/Phase2.vitaltable	Kimura Taro (CC0)	1.750	0.661	-4.246	0.002	0.476	1.414	0.003
Phase3 WT.xrni	additive and organ	/home/meneses/.local/share/vital/Kimura Taro/Wavetables/Phase/Phase3.vitaltable	Kimura Taro (CC0)	3.511	0.450	-4.156	0.005	0.087	1.414	0.006
Phase7 WT.xrni	additive and organ	/home/meneses/.local/share/vital/Kimura Taro/Wavetables/Phase/Phase7.vitaltable	Kimura Taro (CC0)	1.907	0.701	-3.984	0.002	0.480	1.414	0.003
Phase9 WT.xrni	additive and organ	/home/meneses/.local/share/vital/Kimura Taro/Wavetables/Phase/Phase9.vitaltable	Kimura Taro (CC0)	2.286	0.597	-3.388	0.062	0.359	2.707	0.001
Pipe1 WT.xrni	additive and organ	/home/meneses/.local/share/vital/Kimura Taro/Wavetables/Karplus Strong/Pipe1.vitaltable	Kimura Taro (CC0)	10.778	0.606	-1.670	0.030	0.023	2.357	0.016
Plaits02 WT.xrni	additive and organ	/home/meneses/.local/share/vital/Kimura Taro/Wavetables/Mutable Instruments Plaits/Plaits02.vitaltable	Kimura Taro (CC0)	4.214	0.523	-2.274	0.001	0.125	2.125	0.005
Plaits03 WT.xrni	additive and organ	/home/meneses/.local/share/vital/Kimura Taro/Wavetables/Mutable Instruments Plaits/Plaits03.vitaltable	Kimura Taro (CC0)	3.611	0.610	-2.288	0.001	0.012	2.071	0.004
Prepper WT.xrni	additive and organ	/home/meneses/.local/share/vital/Vital Harvest/Presets/Prepper.vital	other	6.021	0.735	-2.195	0.080	0.045	1.307	0.005
Profit Sixty WT.xrni	additive and organ	/home/meneses/.local/share/vital/Vital Harvest/Presets/Profit Sixty.vital	other	4.401	0.499	-2.137	0.003	0.398	2.928	0.002
RESO_ANA WT.xrni	additive and organ	/home/meneses/.local/share/vital/WaveEdit Online/Wavetables/RESO_ANA.vitaltable	WaveEdit Online (CC0)	4.405	0.349	-4.573	0.016	0.106	1.506	0.034
RESO_P00 WT.xrni	additive and organ	/home/meneses/.local/share/vital/WaveEdit Online/Wavetables/RESO_P00.vitaltable	WaveEdit Online (CC0)	4.642	0.519	-3.610	0.043	0.011	2.008	0.033
RESO_PD_ WT.xrni	additive and organ	/home/meneses/.local/share/vital/WaveEdit Online/Wavetables/RESO_PD_.vitaltable	WaveEdit Online (CC0)	4.723	0.524	-4.454	0.003	0.000	1.971	0.034
RMFM03 WT.xrni	additive and organ	/home/meneses/.local/share/vital/Kimura Taro/Wavetables/RMFM/RMFM03.vitaltable	Kimura Taro (CC0)	34.452	0.759	-1.231	0.011	0.417	2.590	0.046
RMFM04 WT.xrni	additive and organ	/home/meneses/.local/share/vital/Kimura Taro/Wavetables/RMFM/RMFM04.vitaltable	Kimura Taro (CC0)	47.691	0.841	-2.656	0.002	0.228	2.680	0.054
RMFM06 WT.xrni	additive and organ	/home/meneses/.local/share/vital/Kimura Taro/Wavetables/RMFM/RMFM06.vitaltable	Kimura Taro (CC0)	9.794	0.741	-1.789	0.015	0.267	1.965	0.015
Random Spectrum2 WT.xrni	additive and organ	/home/meneses/.local/share/vital/Kimura Taro/Wavetables/Random Spectrum/Random Spectrum2.vitaltable	Kimura Taro (CC0)	15.176	0.992	-1.629	0.119	0.038	2.250	0.023
Rescue Me Background Saws 2 WT.xrni	additive and organ	/home/meneses/.local/share/vital/Vital Harvest/Presets/Rescue Me Background Saws 2.vital	other	3.456	0.670	-2.123	0.083	0.472	2.706	0.001
Rk VPS WT.xrni	additive and organ	/home/meneses/.local/share/vital/Kimura Taro/Wavetables/Vector Phase Modulation/Rk VPS.vitaltable	Kimura Taro (CC0)	4.003	0.697	-3.759	0.003	0.057	1.756	0.004
SOHLER03 WT.xrni	additive and organ	/home/meneses/.local/share/vital/WaveEdit Online/Wavetables/SOHLER03.vitaltable	WaveEdit Online (CC0)	2.220	0.699	-3.666	0.100	0.517	1.997	0.027
SOHLER04 WT.xrni	additive and organ	/home/meneses/.local/share/vital/WaveEdit Online/Wavetables/SOHLER04.vitaltable	WaveEdit Online (CC0)	4.461	0.638	-4.721	0.053	0.390	2.197	0.050
SOHLER06 WT.xrni	additive and organ	/home/meneses/.local/share/vital/WaveEdit Online/Wavetables/SOHLER06.vitaltable	WaveEdit Online (CC0)	4.301	0.594	-2.967	0.164	0.197	2.042	0.033
SOHLER07 WT.xrni	additive and organ	/home/meneses/.local/share/vital/WaveEdit Online/Wavetables/SOHLER07.vitaltable	WaveEdit Online (CC0)	3.038	0.533	-3.556	0.096	0.267	1.970	0.026
SOHLER08 WT.xrni	additive and organ	/home/meneses/.local/share/vital/WaveEdit Online/Wavetables/SOHLER08.vitaltable	WaveEdit Online (CC0)	3.080	0.574	-4.022	0.060	0.281	2.235	0.025
SOHLER15 WT.xrni	additive and organ	/home/meneses/.local/share/vital/WaveEdit Online/Wavetables/SOHLER15.vitaltable	WaveEdit Online (CC0)	3.336	0.518	-2.957	0.105	0.357	1.546	0.051
SOHLER18 WT.xrni	additive and organ	/home/meneses/.local/share/vital/WaveEdit Online/Wavetables/SOHLER18.vitaltable	WaveEdit Online (CC0)	2.492	0.635	-2.676	0.152	0.552	2.030	0.030
SOHLER23 WT.xrni	additive and organ	/home/meneses/.local/share/vital/WaveEdit Online/Wavetables/SOHLER23.vitaltable	WaveEdit Online (CC0)	6.277	0.590	-2.688	0.139	0.205	1.893	0.069
SOHLER26 WT.xrni	additive and organ	/home/meneses/.local/share/vital/WaveEdit Online/Wavetables/SOHLER26.vitaltable	WaveEdit Online (CC0)	3.906	0.616	-3.113	0.140	0.256	2.060	0.065
SOHLER27 WT.xrni	additive and organ	/home/meneses/.local/share/vital/WaveEdit Online/Wavetables/SOHLER27.vitaltable	WaveEdit Online (CC0)	3.302	0.551	-2.994	0.123	0.211	1.684	0.044
SOHLER30 WT.xrni	additive and organ	/home/meneses/.local/share/vital/WaveEdit Online/Wavetables/SOHLER30.vitaltable	WaveEdit Online (CC0)	3.611	0.452	-2.448	0.164	0.302	1.941	0.051
SOHLER50 WT.xrni	additive and organ	/home/meneses/.local/share/vital/WaveEdit Online/Wavetables/SOHLER50.vitaltable	WaveEdit Online (CC0)	2.490	0.598	-3.328	0.055	0.498	1.549	0.030
SOHLER55 WT.xrni	additive and organ	/home/meneses/.local/share/vital/WaveEdit Online/Wavetables/SOHLER55.vitaltable	WaveEdit Online (CC0)	3.463	0.532	-3.644	0.095	0.303	2.172	0.043
SOHLER56 WT.xrni	additive and organ	/home/meneses/.local/share/vital/WaveEdit Online/Wavetables/SOHLER56.vitaltable	WaveEdit Online (CC0)	2.882	0.406	-3.150	0.090	0.234	1.825	0.041
SOHLER58 WT.xrni	additive and organ	/home/meneses/.local/share/vital/WaveEdit Online/Wavetables/SOHLER58.vitaltable	WaveEdit Online (CC0)	3.043	0.697	-2.576	0.113	0.559	1.580	0.049
SOHLER61 WT.xrni	additive and organ	/home/meneses/.local/share/vital/WaveEdit Online/Wavetables/SOHLER61.vitaltable	WaveEdit Online (CC0)	2.716	0.623	-3.317	0.107	0.448	1.839	0.033
SOHLER67 WT.xrni	additive and organ	/home/meneses/.local/share/vital/WaveEdit Online/Wavetables/SOHLER67.vitaltable	WaveEdit Online (CC0)	4.914	0.678	-3.061	0.100	0.403	2.167	0.067
SOHLER71 WT.xrni	additive and organ	/home/meneses/.local/share/vital/WaveEdit Online/Wavetables/SOHLER71.vitaltable	WaveEdit Online (CC0)	3.885	0.615	-3.065	0.113	0.144	2.083	0.044
SOHLER72 WT.xrni	additive and organ	/home/meneses/.local/share/vital/WaveEdit Online/Wavetables/SOHLER72.vitaltable	WaveEdit Online (CC0)	3.185	0.569	-2.846	0.093	0.484	2.176	0.050
SOHLER77 WT.xrni	additive and organ	/home/meneses/.local/share/vital/WaveEdit Online/Wavetables/SOHLER77.vitaltable	WaveEdit Online (CC0)	2.550	0.490	-3.741	0.058	0.325	1.729	0.031
SOHLER78 WT.xrni	additive and organ	/home/meneses/.local/share/vital/WaveEdit Online/Wavetables/SOHLER78.vitaltable	WaveEdit Online (CC0)	1.720	0.635	-3.276	0.057	0.622	1.775	0.024
SOHLER84 WT.xrni	additive and organ	/home/meneses/.local/share/vital/WaveEdit Online/Wavetables/SOHLER84.vitaltable	WaveEdit Online (CC0)	3.855	0.558	-2.594	0.141	0.193	1.494	0.044
SOHLER95 WT.xrni	additive and organ	/home/meneses/.local/share/vital/WaveEdit Online/Wavetables/SOHLER95.vitaltable	WaveEdit Online (CC0)	5.185	0.527	-3.481	0.077	0.282	1.711	0.050
SOHLERBN WT.xrni	additive and organ	/home/meneses/.local/share/vital/WaveEdit Online/Wavetables/SOHLERBN.vitaltable	WaveEdit Online (CC0)	2.538	0.468	-5.246	0.030	0.311	2.039	0.036
SR240 - Cowbell WT.xrni	additive and organ	/home/meneses/.local/share/vital/Vital Harvest/Presets/SR240 - Cowbell.vital	other	3.057	0.452	-2.949	0.022	0.342	2.123	0.006
SR9999 - Upright Bass WT.xrni	additive and organ	/home/meneses/.local/share/vital/Vital Harvest/Presets/SR9999 - Upright Bass.vital	other	2.617	0.441	-5.467	0.010	0.213	2.288	0.000
SY - Flute WT.xrni	additive and organ	/home/meneses/.local/share/vital/Vital Harvest/Presets/SY - Flute.vital	other	8.500	0.484	-1.191	0.000	0.000	1.414	0.017
SYNLP104 WT.xrni	additive and organ	/home/meneses/.local/share/vital/WaveEdit Online/Wavetables/SYNLP104.vitaltable	WaveEdit Online (CC0)	1.985	0.646	-5.599	0.017	0.484	1.599	0.016
SYNLP109 WT.xrni	additive and organ	/home/meneses/.local/share/vital/WaveEdit Online/Wavetables/SYNLP109.vitaltable	WaveEdit Online (CC0)	3.185	0.993	-2.600	0.164	0.001	1.474	0.046
SYNLP115 WT.xrni	additive and organ	/home/meneses/.local/share/vital/WaveEdit Online/Wavetables/SYNLP115.vitaltable	WaveEdit Online (CC0)	3.287	0.613	-5.879	0.002	0.110	1.822	0.009
SYNLP138 WT.xrni	additive and organ	/home/meneses/.local/share/vital/WaveEdit Online/Wavetables/SYNLP138.vitaltable	WaveEdit Online (CC0)	9.746	0.804	-2.361	0.174	0.003	2.041	0.014
SYNLP141 WT.xrni	additive and organ	/home/meneses/.local/share/vital/WaveEdit Online/Wavetables/SYNLP141.vitaltable	WaveEdit Online (CC0)	2.595	0.640	-4.990	0.038	0.492	1.410	0.041
SYNLP144 WT.xrni	additive and organ	/home/meneses/.local/share/vital/WaveEdit Online/Wavetables/SYNLP144.vitaltable	WaveEdit Online (CC0)	3.938	0.643	-4.694	0.049	0.251	1.220	0.020
SYNLP149 WT.xrni	additive and organ	/home/meneses/.local/share/vital/WaveEdit Online/Wavetables/SYNLP149.vitaltable	WaveEdit Online (CC0)	7.824	0.500	-4.096	0.012	0.015	1.470	0.014
SYNLP152 WT.xrni	additive and organ	/home/meneses/.local/share/vital/WaveEdit Online/Wavetables/SYNLP152.vitaltable	WaveEdit Online (CC0)	22.988	0.747	-1.354	0.093	0.078	1.548	0.030
SYNLP167 WT.xrni	additive and organ	/home/meneses/.local/share/vital/WaveEdit Online/Wavetables/SYNLP167.vitaltable	WaveEdit Online (CC0)	3.241	0.497	-3.611	0.105	0.191	1.488	0.046
SYNLP17 WT.xrni	additive and organ	/home/meneses/.local/share/vital/WaveEdit Online/Wavetables/SYNLP17.vitaltable	WaveEdit Online (CC0)	8.029	0.833	-2.697	0.181	0.006	1.350	0.010
SYNLP174 WT.xrni	additive and organ	/home/meneses/.local/share/vital/WaveEdit Online/Wavetables/SYNLP174.vitaltable	WaveEdit Online (CC0)	6.214	0.962	-3.793	0.008	0.008	1.584	0.080
SYNLP186 WT.xrni	additive and organ	/home/meneses/.local/share/vital/WaveEdit Online/Wavetables/SYNLP186.vitaltable	WaveEdit Online (CC0)	2.337	0.525	-2.706	0.213	0.341	1.435	0.024
SYNLP190 WT.xrni	additive and organ	/home/meneses/.local/share/vital/WaveEdit Online/Wavetables/SYNLP190.vitaltable	WaveEdit Online (CC0)	7.754	0.852	-2.401	0.162	0.003	1.413	0.015
SYNLP41 WT.xrni	additive and organ	/home/meneses/.local/share/vital/WaveEdit Online/Wavetables/SYNLP41.vitaltable	WaveEdit Online (CC0)	3.352	0.493	-5.042	0.047	0.175	2.534	0.016
SYNLP49 WT.xrni	additive and organ	/home/meneses/.local/share/vital/WaveEdit Online/Wavetables/SYNLP49.vitaltable	WaveEdit Online (CC0)	4.209	0.459	-2.908	0.188	0.120	1.313	0.007
SYNLP58 WT.xrni	additive and organ	/home/meneses/.local/share/vital/WaveEdit Online/Wavetables/SYNLP58.vitaltable	WaveEdit Online (CC0)	4.518	0.639	-4.976	0.010	0.293	1.415	0.144
SYNLP64 WT.xrni	additive and organ	/home/meneses/.local/share/vital/WaveEdit Online/Wavetables/SYNLP64.vitaltable	WaveEdit Online (CC0)	2.062	0.389	-5.356	0.013	0.205	1.409	0.064
SYNLP73 WT.xrni	additive and organ	/home/meneses/.local/share/vital/WaveEdit Online/Wavetables/SYNLP73.vitaltable	WaveEdit Online (CC0)	8.184	0.487	-3.376	0.099	0.030	1.425	0.015
SYNLP84 WT.xrni	additive and organ	/home/meneses/.local/share/vital/WaveEdit Online/Wavetables/SYNLP84.vitaltable	WaveEdit Online (CC0)	7.174	0.751	-2.484	0.200	0.003	1.357	0.006
SYNLP90 WT.xrni	additive and organ	/home/meneses/.local/share/vital/WaveEdit Online/Wavetables/SYNLP90.vitaltable	WaveEdit Online (CC0)	4.655	0.424	-3.316	0.160	0.040	1.405	0.066
SYNLP93 WT.xrni	additive and organ	/home/meneses/.local/share/vital/WaveEdit Online/Wavetables/SYNLP93.vitaltable	WaveEdit Online (CC0)	4.984	0.759	-4.077	0.098	0.290	1.455	0.074
SYNLP95 WT.xrni	additive and organ	/home/meneses/.local/share/vital/WaveEdit Online/Wavetables/SYNLP95.vitaltable	WaveEdit Online (CC0)	2.478	0.649	-3.678	0.079	0.342	1.408	0.038
Saturn Chorus (Rings Of) WT.xrni	additive and organ	/home/meneses/.local/share/vital/VitalBank/Presets/Saturn Chorus (Rings Of).vital	other	3.333	0.610	-3.526	0.003	0.287	2.207	0.004
SawFMRing WT.xrni	additive and organ	/home/meneses/.local/share/vital/Kimura Taro/Wavetables/Combination of various synthesis methods/SawFMRing.vitaltable	Kimura Taro (CC0)	17.009	0.812	-1.273	0.003	0.133	2.108	0.015
SawPWMSync3 WT.xrni	additive and organ	/home/meneses/.local/share/vital/Kimura Taro/Wavetables/OSC Sync+PWM/SawPWMSync3.vitaltable	Kimura Taro (CC0)	10.627	0.522	-1.708	0.008	0.044	2.363	0.008
SawPWMSync4 WT.xrni	additive and organ	/home/meneses/.local/share/vital/Kimura Taro/Wavetables/OSC Sync+PWM/SawPWMSync4.vitaltable	Kimura Taro (CC0)	6.540	0.649	-1.933	0.009	0.458	2.637	0.005
SawPhaser WT.xrni	additive and organ	/home/meneses/.local/share/vital/Kimura Taro/Wavetables/Filter Sweep/SawPhaser.vitaltable	Kimura Taro (CC0)	5.077	0.745	-2.147	0.011	0.524	2.643	0.003
SawSync2 WT.xrni	additive and organ	/home/meneses/.local/share/vital/Kimura Taro/Wavetables/OSC Sync+PWM/SawSync2.vitaltable	Kimura Taro (CC0)	10.061	0.499	-1.788	0.008	0.053	2.385	0.008
SawSync4 WT.xrni	additive and organ	/home/meneses/.local/share/vital/Kimura Taro/Wavetables/OSC Sync+PWM/SawSync4.vitaltable	Kimura Taro (CC0)	4.917	0.611	-2.000	0.008	0.469	2.358	0.004
SawSync6 WT.xrni	additive and organ	/home/meneses/.local/share/vital/Kimura Taro/Wavetables/OSC Sync+PWM/SawSync6.vitaltable	Kimura Taro (CC0)	10.986	0.679	-1.834	0.008	0.437	2.449	0.012
SelfFeedbackSaw WT.xrni	additive and organ	/home/meneses/.local/share/vital/Kimura Taro/Wavetables/FM/SelfFeedbackSaw.vitaltable	Kimura Taro (CC0)	70.598	0.693	-1.914	0.010	0.486	2.655	0.079
Shaper Wave3 WT.xrni	additive and organ	/home/meneses/.local/share/vital/Kimura Taro/Wavetables/Shaper Wave/Shaper Wave3.vitaltable	Kimura Taro (CC0)	2.525	0.609	-4.930	0.022	0.309	1.827	0.004
Shaper Wave5 Icarus Denoise WT.xrni	additive and organ	/home/meneses/.local/share/vital/Kimura Taro/Wavetables/Shaper Wave/Shaper Wave5 Icarus Denoise.vitaltable	Kimura Taro (CC0)	2.077	0.487	-5.015	0.002	0.394	2.145	0.002
SignalTool2 WT.xrni	additive and organ	/home/meneses/.local/share/vital/Kimura Taro/Wavetables/Softbe Modular/SignalTool2.vitaltable	Kimura Taro (CC0)	5.625	0.500	-1.987	0.007	0.396	1.741	0.006
SignalTool3 WT.xrni	additive and organ	/home/meneses/.local/share/vital/Kimura Taro/Wavetables/Softbe Modular/SignalTool3.vitaltable	Kimura Taro (CC0)	5.531	0.407	-1.957	0.007	0.281	1.684	0.006
SilentScreamer WT.xrni	additive and organ	/home/meneses/.local/share/vital/VitalBank/Presets/SilentScreamer.vital	other	1.803	0.511	-3.091	0.018	0.451	2.144	0.002
Sine4bit Fold WT.xrni	additive and organ	/home/meneses/.local/share/vital/Kimura Taro/Wavetables/Mod Sine/Sine4bit Fold.vitaltable	Kimura Taro (CC0)	9.170	0.998	-1.790	0.004	0.150	1.691	0.015
Sine4bit WT.xrni	additive and organ	/home/meneses/.local/share/vital/Kimura Taro/Wavetables/Mod Sine/Sine4bit.vitaltable	Kimura Taro (CC0)	5.652	0.526	-1.937	0.008	0.331	2.078	0.014
Space Trap Bells WT.xrni	additive and organ	/home/meneses/.local/share/vital/Vital Harvest/Presets/Space Trap Bells.vital	other	7.471	0.438	-2.852	0.013	0.156	2.895	0.006
Spectral1 WT.xrni	additive and organ	/home/meneses/.local/share/vital/Kimura Taro/Wavetables/jo.Spectral Morph 1.0/Spectral1.vitaltable	Kimura Taro (CC0)	10.831	0.613	-1.917	0.010	0.005	2.355	0.010
Spectral2 WT.xrni	additive and organ	/home/meneses/.local/share/vital/Kimura Taro/Wavetables/jo.Spectral Morph 1.0/Spectral2.vitaltable	Kimura Taro (CC0)	8.315	0.541	-2.134	0.009	0.002	2.400	0.006
Sub Nastybuds WT.xrni	additive and organ	/home/meneses/.local/share/vital/VitalPresets/Presets/Sub Nastybuds.vital	user/Discord presets (third-party)	8.500	0.500	-1.191	0.000	0.000	1.414	0.017
Such a Downer WT.xrni	additive and organ	/home/meneses/.local/share/vital/Vital Harvest/Presets/Such a Downer.vital	other	4.672	0.572	-4.963	0.014	0.292	2.686	0.005
Summer Arp WT.xrni	additive and organ	/home/meneses/.local/share/vital/VitalBank/Presets/Summer Arp.vital	other	12.706	0.656	-1.407	0.072	0.306	1.746	0.010
SweepSaw WT.xrni	additive and organ	/home/meneses/.local/share/vital/Kimura Taro/Wavetables/Filter Sweep/SweepSaw.vitaltable	Kimura Taro (CC0)	3.595	0.736	-2.439	0.004	0.577	3.171	0.002
Synth 109 WT.xrni	additive and organ	/home/meneses/.local/share/vital/nahush2321/Presets/Synth 109.vital	user/Discord presets (third-party)	8.131	0.410	-2.898	0.007	0.000	1.901	0.010
Synth 45 WT.xrni	additive and organ	/home/meneses/.local/share/vital/nahush2321/Presets/Synth 45.vital	user/Discord presets (third-party)	5.902	0.785	-1.619	0.131	0.254	1.903	0.006
Synth Brass - Super Stab WT.xrni	additive and organ	/home/meneses/.local/share/vital/Vital Harvest/Presets/Synth Brass - Super Stab.vital	other	6.664	0.564	-2.374	0.008	0.078	2.891	0.006
Synthy Flute WT.xrni	additive and organ	/home/meneses/.local/share/vital/Vital Harvest/Presets/Synthy Flute.vital	other	7.024	0.699	-4.313	0.005	0.406	2.862	0.006
TIDYB001 WT.xrni	additive and organ	/home/meneses/.local/share/vital/WaveEdit Online/Wavetables/TIDYB001.vitaltable	WaveEdit Online (CC0)	7.604	0.563	-2.668	0.136	0.106	2.008	0.072
TRON_MAL WT.xrni	additive and organ	/home/meneses/.local/share/vital/WaveEdit Online/Wavetables/TRON_MAL.vitaltable	WaveEdit Online (CC0)	6.244	0.373	-4.602	0.033	0.015	2.229	0.047
Take Me Away Arp WT.xrni	additive and organ	/home/meneses/.local/share/vital/Vital Harvest/Presets/Take Me Away Arp.vital	other	3.220	0.992	-3.382	0.001	0.010	1.810	0.005
Term5 WT.xrni	additive and organ	/home/meneses/.local/share/vital/Kimura Taro/Wavetables/AudioTerm/Term5.vitaltable	Kimura Taro (CC0)	15.457	0.457	-3.667	0.000	0.000	2.090	0.010
Term7 WT.xrni	additive and organ	/home/meneses/.local/share/vital/Kimura Taro/Wavetables/AudioTerm/Term7.vitaltable	Kimura Taro (CC0)	11.711	0.759	-5.212	0.001	0.123	2.022	0.005
Term8 WT.xrni	additive and organ	/home/meneses/.local/share/vital/Kimura Taro/Wavetables/AudioTerm/Term8.vitaltable	Kimura Taro (CC0)	1.979	0.570	-3.212	0.002	0.540	1.687	0.000
Term9 WT.xrni	additive and organ	/home/meneses/.local/share/vital/Kimura Taro/Wavetables/AudioTerm/Term9.vitaltable	Kimura Taro (CC0)	6.593	0.439	-5.480	0.001	0.013	2.272	0.001
Terra Bend1 WT.xrni	additive and organ	/home/meneses/.local/share/vital/Kimura Taro/Wavetables/K-Devicees Terra/Terra Bend1.vitaltable	Kimura Taro (CC0)	4.493	0.571	-3.632	0.023	0.334	2.023	0.008
Terra Bend_PD IcarusDenoise WT.xrni	additive and organ	/home/meneses/.local/share/vital/Kimura Taro/Wavetables/K-Devicees Terra/Terra Bend+PD IcarusDenoise.vitaltable	Kimura Taro (CC0)	9.634	0.409	-2.566	0.008	0.052	1.703	0.017
Tremolo Guitar WT.xrni	additive and organ	/home/meneses/.local/share/vital/Vital Harvest/Presets/Tremolo Guitar.vital	other	1.544	0.515	-5.757	0.000	0.485	1.856	0.002
VOCAL_FO WT.xrni	additive and organ	/home/meneses/.local/share/vital/WaveEdit Online/Wavetables/VOCAL_FO.vitaltable	WaveEdit Online (CC0)	9.760	0.998	-2.116	0.109	0.019	2.369	0.102
VOXSYNTH WT.xrni	additive and organ	/home/meneses/.local/share/vital/WaveEdit Online/Wavetables/VOXSYNTH.vitaltable	WaveEdit Online (CC0)	3.012	0.628	-4.481	0.029	0.282	2.624	0.027
VPS WT.xrni	additive and organ	/home/meneses/.local/share/vital/WaveEdit Online/Wavetables/VPS.vitaltable	WaveEdit Online (CC0)	3.754	0.617	-3.976	0.059	0.080	1.482	0.050
VS Morph1 WT.xrni	additive and organ	/home/meneses/.local/share/vital/Kimura Taro/Wavetables/Prophet VS Wave/VS Morph1.vitaltable	Kimura Taro (CC0)	6.136	0.511	-1.968	0.004	0.210	2.270	0.009
VS Morph2 WT.xrni	additive and organ	/home/meneses/.local/share/vital/Kimura Taro/Wavetables/Prophet VS Wave/VS Morph2.vitaltable	Kimura Taro (CC0)	6.446	0.615	-2.418	0.003	0.224	2.836	0.009
VS Morph3 WT.xrni	additive and organ	/home/meneses/.local/share/vital/Kimura Taro/Wavetables/Prophet VS Wave/VS Morph3.vitaltable	Kimura Taro (CC0)	2.942	0.727	-2.010	0.002	0.379	2.435	0.004
VS Morph4 WT.xrni	additive and organ	/home/meneses/.local/share/vital/Kimura Taro/Wavetables/Prophet VS Wave/VS Morph4.vitaltable	Kimura Taro (CC0)	4.260	0.525	-1.935	0.003	0.258	2.191	0.007
VS VMorph3 WT.xrni	additive and organ	/home/meneses/.local/share/vital/Kimura Taro/Wavetables/Prophet VS Wave/VS VMorph3.vitaltable	Kimura Taro (CC0)	12.425	0.430	-2.281	0.029	0.112	2.798	0.012
VS Wave WT.xrni	additive and organ	/home/meneses/.local/share/vital/Kimura Taro/Wavetables/Prophet VS Wave/VS Wave.vitaltable	Kimura Taro (CC0)	4.586	0.720	-2.385	0.034	0.467	2.302	0.007
VWave1 WT.xrni	additive and organ	/home/meneses/.local/share/vital/Kimura Taro/Wavetables/Combination of various synthesis methods/VWave1.vitaltable	Kimura Taro (CC0)	4.708	0.606	-3.680	0.002	0.285	2.887	0.004
VWave2 WT.xrni	additive and organ	/home/meneses/.local/share/vital/Kimura Taro/Wavetables/Combination of various synthesis methods/VWave2.vitaltable	Kimura Taro (CC0)	3.174	0.587	-3.357	0.002	0.413	1.941	0.003
VWave3 WT.xrni	additive and organ	/home/meneses/.local/share/vital/Kimura Taro/Wavetables/Combination of various synthesis methods/VWave3.vitaltable	Kimura Taro (CC0)	6.548	0.427	-3.174	0.003	0.165	2.118	0.005
VWave5 WT.xrni	additive and organ	/home/meneses/.local/share/vital/Kimura Taro/Wavetables/Combination of various synthesis methods/VWave5.vitaltable	Kimura Taro (CC0)	13.033	0.579	-1.555	0.007	0.163	2.381	0.011
VWave6 WT.xrni	additive and organ	/home/meneses/.local/share/vital/Kimura Taro/Wavetables/Combination of various synthesis methods/VWave6.vitaltable	Kimura Taro (CC0)	16.006	0.717	-1.006	0.005	0.306	1.898	0.022
Vintage B3 Organ WT.xrni	additive and organ	/home/meneses/.local/share/vital/Vital Harvest/Presets/Vintage B3 Organ.vital	other	2.624	0.556	-3.393	0.009	0.522	2.049	0.003
Vital Randomizer - Sunfall WT.xrni	additive and organ	/home/meneses/.local/share/vital/Vital Harvest/Presets/Vital Randomizer - Sunfall.vital	other	3.677	0.486	-3.608	0.004	0.329	2.459	0.004
Vocal - Super Pluck WT.xrni	additive and organ	/home/meneses/.local/share/vital/Vital Harvest/Presets/Vocal - Super Pluck.vital	other	9.923	0.640	-3.047	0.009	0.344	3.228	0.009
VowelSync WT.xrni	additive and organ	/home/meneses/.local/share/vital/Kimura Taro/Wavetables/OSC Sync+PWM/VowelSync.vitaltable	Kimura Taro (CC0)	11.157	0.525	-2.351	0.005	0.192	3.144	0.006
Waveshaper1 WT.xrni	additive and organ	/home/meneses/.local/share/vital/Kimura Taro/Wavetables/Waveshaper/Waveshaper1.vitaltable	Kimura Taro (CC0)	4.447	0.910	-3.444	0.005	0.164	2.330	0.005
Waveshaper2 WT.xrni	additive and organ	/home/meneses/.local/share/vital/Kimura Taro/Wavetables/Waveshaper/Waveshaper2.vitaltable	Kimura Taro (CC0)	2.823	0.663	-3.104	0.005	0.364	2.383	0.003
Worth a try Arp 1-4 WT.xrni	additive and organ	/home/meneses/.local/share/vital/Vital Harvest/Presets/Worth a try Arp 1-4.vital	other	3.486	0.567	-2.412	0.088	0.440	2.404	0.005
Wub Harmonically Interesting WT.xrni	additive and organ	/home/meneses/.local/share/vital/VitalPresets/Presets/Wub Harmonically Interesting.vital	user/Discord presets (third-party)	8.500	0.500	-1.191	0.000	0.000	1.414	0.017
aaa WT.xrni	additive and organ	/home/meneses/.local/share/vital/Vital Harvest/Presets/aaa.vital	other	6.116	0.685	-2.083	0.044	0.369	2.352	0.005
alienfountain WT.xrni	additive and organ	/home/meneses/.local/share/vital/Vital Harvest/Presets/alienfountain.vital	other	16.984	0.889	-1.779	0.093	0.128	2.406	0.037
ba.009 WT.xrni	additive and organ	/home/meneses/.local/share/vital/qub1t/Presets/ba.009.vital	user/Discord presets (third-party)	4.417	0.660	-2.613	0.156	0.376	2.005	0.003
ba.016 WT.xrni	additive and organ	/home/meneses/.local/share/vital/qub1t/Presets/ba.016.vital	user/Discord presets (third-party)	2.545	0.544	-5.396	0.001	0.345	2.086	0.002
ba.023 WT.xrni	additive and organ	/home/meneses/.local/share/vital/qub1t/Presets/ba.023.vital	user/Discord presets (third-party)	4.187	0.722	-1.916	0.024	0.463	1.252	0.008
ba.fascinator WT.xrni	additive and organ	/home/meneses/.local/share/vital/qub1t/Presets/ba.fascinator.vital	user/Discord presets (third-party)	3.828	0.567	-2.044	0.147	0.481	2.728	0.005
cave ambient WT.xrni	additive and organ	/home/meneses/.local/share/vital/Vital Harvest/Presets/cave ambient.vital	other	5.130	0.602	-3.644	0.038	0.419	2.377	0.020
ch.dub.impulsive WT.xrni	additive and organ	/home/meneses/.local/share/vital/qub1t/Presets/ch.dub.impulsive.vital	user/Discord presets (third-party)	3.456	0.670	-2.123	0.083	0.472	2.706	0.001
cowbell808_mk11_pwm WT.xrni	additive and organ	/home/meneses/.local/share/vital/Vital Harvest/Presets/cowbell808_mk11_pwm.vital	other	4.572	0.598	-2.236	0.025	0.412	2.631	0.003
first saw WT.xrni	additive and organ	/home/meneses/.local/share/vital/Vital Harvest/Presets/first saw.vital	other	4.676	0.689	-4.538	0.000	0.308	2.554	0.004
ky.016 WT.xrni	additive and organ	/home/meneses/.local/share/vital/qub1t/Presets/ky.016.vital	user/Discord presets (third-party)	3.391	0.510	-2.361	0.012	0.402	1.395	0.004
melody 11 WT.xrni	additive and organ	/home/meneses/.local/share/vital/nahush2321/Presets/melody 11.vital	user/Discord presets (third-party)	6.458	0.446	-2.999	0.164	0.088	2.187	0.063
minimal house organ 02 WT.xrni	additive and organ	/home/meneses/.local/share/vital/qub1t/Presets/minimal house organ 02.vital	user/Discord presets (third-party)	3.482	0.493	-3.123	0.012	0.311	2.520	0.003
minimal house pad 6 WT.xrni	additive and organ	/home/meneses/.local/share/vital/qub1t/Presets/minimal house pad 6.vital	user/Discord presets (third-party)	5.103	0.588	-2.599	0.205	0.114	1.749	0.012
minimal house stab 02 WT.xrni	additive and organ	/home/meneses/.local/share/vital/qub1t/Presets/minimal house stab 02.vital	user/Discord presets (third-party)	7.885	0.708	-1.498	0.057	0.485	2.639	0.008
minimal house stab 03 WT.xrni	additive and organ	/home/meneses/.local/share/vital/qub1t/Presets/minimal house stab 03.vital	user/Discord presets (third-party)	2.206	0.501	-5.266	0.000	0.229	2.256	0.002
or.crvena WT.xrni	additive and organ	/home/meneses/.local/share/vital/qub1t/Presets/or.crvena.vital	user/Discord presets (third-party)	4.964	0.675	-3.208	0.028	0.327	2.446	0.006
pd.011 WT.xrni	additive and organ	/home/meneses/.local/share/vital/qub1t/Presets/pd.011.vital	user/Discord presets (third-party)	1.918	0.656	-5.399	0.002	0.492	2.161	0.002
poly6 P10-PS2 WT.xrni	additive and organ	/home/meneses/.local/share/vital/Kimura Taro/Wavetables/Korg Analog  Synth PhaseShift2/poly6 P10-PS2.vitaltable	Kimura Taro (CC0)	9.727	0.598	-2.032	0.108	0.183	2.175	0.001
rs.009 WT.xrni	additive and organ	/home/meneses/.local/share/vital/qub1t/Presets/rs.009.vital	user/Discord presets (third-party)	4.870	0.816	-3.062	0.014	0.409	1.431	0.012
sw.005 WT.xrni	additive and organ	/home/meneses/.local/share/vital/qub1t/Presets/sw.005.vital	user/Discord presets (third-party)	4.693	0.623	-1.970	0.122	0.540	2.529	0.003
vintage bell WT.xrni	additive and organ	/home/meneses/.local/share/vital/Vital Harvest/Presets/vintage bell.vital	other	6.589	0.960	-2.216	0.000	0.000	1.878	0.010
AJ-PWM Saw2 WT.xrni	bright and gritty	/home/meneses/.local/share/vital/Kimura Taro/Wavetables/Alpha Juno SawPWM/AJ-PWM Saw2.vitaltable	Kimura Taro (CC0)	5.688	0.368	-1.999	0.321	0.325	1.327	0.002
AJ-PWM Saw3 WT.xrni	bright and gritty	/home/meneses/.local/share/vital/Kimura Taro/Wavetables/Alpha Juno SawPWM/AJ-PWM Saw3.vitaltable	Kimura Taro (CC0)	9.460	0.347	-1.966	0.296	0.193	1.299	0.004
AJ-PWM Saw4 WT.xrni	bright and gritty	/home/meneses/.local/share/vital/Kimura Taro/Wavetables/Alpha Juno SawPWM/AJ-PWM Saw4.vitaltable	Kimura Taro (CC0)	16.740	0.341	-1.955	0.283	0.171	1.291	0.008
AKVF_GRA WT.xrni	bright and gritty	/home/meneses/.local/share/vital/WaveEdit Online/Wavetables/AKVF_GRA.vitaltable	WaveEdit Online (CC0)	27.832	0.501	-0.727	0.246	0.004	1.850	0.042
AMPWM2 WT.xrni	bright and gritty	/home/meneses/.local/share/vital/Kimura Taro/Wavetables/AMPWM/AMPWM2.vitaltable	Kimura Taro (CC0)	12.026	0.586	-1.862	0.392	0.108	1.000	0.008
AMPWM5 WT.xrni	bright and gritty	/home/meneses/.local/share/vital/Kimura Taro/Wavetables/AMPWM/AMPWM5.vitaltable	Kimura Taro (CC0)	17.868	0.539	-1.245	0.413	0.330	1.732	0.009
Add Synth6 Walsh WT.xrni	bright and gritty	/home/meneses/.local/share/vital/Kimura Taro/Wavetables/Additive Synth/Add Synth6 Walsh.vitaltable	Kimura Taro (CC0)	16.201	0.604	-1.723	0.417	0.108	4.089	0.010
Atm3 WT.xrni	bright and gritty	/home/meneses/.local/share/vital/nahush2321/Presets/Atm3.vital	user/Discord presets (third-party)	18.956	0.956	-1.095	0.172	0.111	1.353	0.041
AudacityPluck WT.xrni	bright and gritty	/home/meneses/.local/share/vital/Kimura Taro/Wavetables/Audacity/AudacityPluck.vitaltable	Kimura Taro (CC0)	155.560	0.514	0.070	0.233	0.005	2.544	0.031
BANK_410 WT.xrni	bright and gritty	/home/meneses/.local/share/vital/WaveEdit Online/Wavetables/BANK_410.vitaltable	WaveEdit Online (CC0)	48.886	0.497	-0.901	0.282	0.015	1.913	0.074
BELL02 WT.xrni	bright and gritty	/home/meneses/.local/share/vital/WaveEdit Online/Wavetables/BELL02.vitaltable	WaveEdit Online (CC0)	49.705	0.501	-0.020	0.137	0.002	1.926	0.066
BELL03 WT.xrni	bright and gritty	/home/meneses/.local/share/vital/WaveEdit Online/Wavetables/BELL03.vitaltable	WaveEdit Online (CC0)	45.078	0.500	0.004	0.150	0.002	1.802	0.059
BOWING WT.xrni	bright and gritty	/home/meneses/.local/share/vital/WaveEdit Online/Wavetables/BOWING.vitaltable	WaveEdit Online (CC0)	30.037	0.483	-0.779	0.177	0.024	2.299	0.036
BRAIDS01 WT.xrni	bright and gritty	/home/meneses/.local/share/vital/WaveEdit Online/Wavetables/BRAIDS01.vitaltable	WaveEdit Online (CC0)	2.738	0.580	-1.933	0.218	0.093	2.506	0.028
BassTables 09 WT.xrni	bright and gritty	/home/meneses/Projects/renoise/wavetable-packs/basstables-v1/BassTables/BassTables 09.wav	BassTables (free use license)	19.048	0.556	-1.673	0.181	0.056	2.309	0.038
BassTables 11 WT.xrni	bright and gritty	/home/meneses/Projects/renoise/wavetable-packs/basstables-v1/BassTables/BassTables 11.wav	BassTables (free use license)	20.492	0.610	-1.028	0.173	0.322	2.554	0.031
BassTables 19 WT.xrni	bright and gritty	/home/meneses/Projects/renoise/wavetable-packs/basstables-v1/BassTables/BassTables 19.wav	BassTables (free use license)	33.561	0.981	-0.665	0.213	0.018	2.743	0.057
Bazille PDFR1 Icarus Mod WT.xrni	bright and gritty	/home/meneses/.local/share/vital/Kimura Taro/Wavetables/Bazille/Bazille PDFR1 Icarus Mod.vitaltable	Kimura Taro (CC0)	19.408	0.576	-0.726	0.242	0.087	2.356	0.012
Bazille PDFR2 FM WT.xrni	bright and gritty	/home/meneses/.local/share/vital/Kimura Taro/Wavetables/Bazille/Bazille PDFR2 FM.vitaltable	Kimura Taro (CC0)	12.884	0.463	-1.665	0.181	0.078	1.607	0.013
CZ Reso1 WT.xrni	bright and gritty	/home/meneses/.local/share/vital/Kimura Taro/Wavetables/CZ Reso/CZ Reso1.vitaltable	Kimura Taro (CC0)	13.600	0.424	-1.246	0.375	0.001	2.995	0.010
CZ Reso5 WT.xrni	bright and gritty	/home/meneses/.local/share/vital/Kimura Taro/Wavetables/CZ Reso/CZ Reso5.vitaltable	Kimura Taro (CC0)	17.119	0.500	-1.183	0.212	0.000	2.576	0.019
CZ-ISH WT.xrni	bright and gritty	/home/meneses/.local/share/vital/WaveEdit Online/Wavetables/CZ-ISH.vitaltable	WaveEdit Online (CC0)	10.628	0.505	-1.540	0.340	0.017	3.004	0.092
Callback Pain WT.xrni	bright and gritty	/home/meneses/.local/share/vital/Vital Harvest/Presets/Callback Pain.vital	other	33.945	0.547	-0.730	0.461	0.008	4.162	0.017
Celtic Gloop WT.xrni	bright and gritty	/home/meneses/.local/share/vital/Vital Harvest/Presets/Celtic Gloop.vital	other	12.370	0.311	0.270	0.401	0.000	3.054	0.015
Chebyshev poly3 WT.xrni	bright and gritty	/home/meneses/.local/share/vital/Kimura Taro/Wavetables/Chebyshev polynomials/Chebyshev poly3.vitaltable	Kimura Taro (CC0)	37.500	0.545	-0.864	0.327	0.049	1.351	0.065
Chebyshev poly4 WT.xrni	bright and gritty	/home/meneses/.local/share/vital/Kimura Taro/Wavetables/Chebyshev polynomials/Chebyshev poly4.vitaltable	Kimura Taro (CC0)	23.361	0.502	-1.870	0.359	0.039	1.398	0.013
Chebyshev poly5 WT.xrni	bright and gritty	/home/meneses/.local/share/vital/Kimura Taro/Wavetables/Chebyshev polynomials/Chebyshev poly5.vitaltable	Kimura Taro (CC0)	37.374	0.657	-0.382	0.141	0.010	1.436	0.085
Chords smooth WT.xrni	bright and gritty	/home/meneses/.local/share/vital/nahush2321/Presets/Chords smooth.vital	user/Discord presets (third-party)	9.108	0.534	-2.005	0.380	0.168	2.100	0.009
DISTORTE WT.xrni	bright and gritty	/home/meneses/.local/share/vital/WaveEdit Online/Wavetables/DISTORTE.vitaltable	WaveEdit Online (CC0)	8.695	0.941	-2.114	0.167	0.076	1.269	0.120
DRONE WT.xrni	bright and gritty	/home/meneses/.local/share/vital/WaveEdit Online/Wavetables/DRONE.vitaltable	WaveEdit Online (CC0)	8.223	0.528	-1.698	0.365	0.257	1.670	0.065
DRUMSTRU WT.xrni	bright and gritty	/home/meneses/.local/share/vital/WaveEdit Online/Wavetables/DRUMSTRU.vitaltable	WaveEdit Online (CC0)	47.721	0.514	-0.255	0.458	0.001	3.827	0.038
Dirty chords WT.xrni	bright and gritty	/home/meneses/.local/share/vital/nahush2321/Presets/Dirty chords.vital	user/Discord presets (third-party)	8.175	0.540	-1.910	0.431	0.279	2.344	0.002
ESW Digital - Air Lazer WT.xrni	bright and gritty	/home/meneses/Projects/renoise/wavetable-packs/esw/Echo Sound Works Core Tables/Digital/ESW Digital - Air Lazer.wav	Echo Sound Works Core (free pack)	26.164	0.585	-2.242	0.519	0.338	2.434	0.058
ESW Digital - Big Booty Saws WT.xrni	bright and gritty	/home/meneses/Projects/renoise/wavetable-packs/esw/Echo Sound Works Core Tables/Digital/ESW Digital - Big Booty Saws.wav	Echo Sound Works Core (free pack)	11.812	0.565	-1.715	0.295	0.131	2.653	0.019
ESW Digital - Circuit Bending WT.xrni	bright and gritty	/home/meneses/Projects/renoise/wavetable-packs/esw/Echo Sound Works Core Tables/Digital/ESW Digital - Circuit Bending.wav	Echo Sound Works Core (free pack)	28.752	0.624	-0.560	0.263	0.289	2.067	0.040
ESW Digital - Cypher WT.xrni	bright and gritty	/home/meneses/Projects/renoise/wavetable-packs/esw/Echo Sound Works Core Tables/Digital/ESW Digital - Cypher.wav	Echo Sound Works Core (free pack)	4.840	0.490	-2.219	0.250	0.305	1.453	0.004
ESW Digital - Felicity WT.xrni	bright and gritty	/home/meneses/Projects/renoise/wavetable-packs/esw/Echo Sound Works Core Tables/Digital/ESW Digital - Felicity.wav	Echo Sound Works Core (free pack)	4.579	0.767	-2.402	0.273	0.149	2.152	0.010
ESW Digital - Glass Formant WT.xrni	bright and gritty	/home/meneses/Projects/renoise/wavetable-packs/esw/Echo Sound Works Core Tables/Digital/ESW Digital - Glass Formant.wav	Echo Sound Works Core (free pack)	33.950	0.631	-0.875	0.422	0.207	2.178	0.032
ESW Digital - Hot Folds WT.xrni	bright and gritty	/home/meneses/Projects/renoise/wavetable-packs/esw/Echo Sound Works Core Tables/Digital/ESW Digital - Hot Folds.wav	Echo Sound Works Core (free pack)	5.035	0.470	-2.024	0.150	0.007	1.661	0.006
ESW Digital - Neurotic WT.xrni	bright and gritty	/home/meneses/Projects/renoise/wavetable-packs/esw/Echo Sound Works Core Tables/Digital/ESW Digital - Neurotic.wav	Echo Sound Works Core (free pack)	8.421	0.474	-1.845	0.209	0.050	2.587	0.018
ESW Digital - Protozoa WT.xrni	bright and gritty	/home/meneses/Projects/renoise/wavetable-packs/esw/Echo Sound Works Core Tables/Digital/ESW Digital - Protozoa.wav	Echo Sound Works Core (free pack)	26.039	0.381	-1.160	0.339	0.079	2.187	0.026
ESW Digital - Pyramid Scheme WT.xrni	bright and gritty	/home/meneses/Projects/renoise/wavetable-packs/esw/Echo Sound Works Core Tables/Digital/ESW Digital - Pyramid Scheme.wav	Echo Sound Works Core (free pack)	6.452	0.614	-1.930	0.224	0.271	2.129	0.003
ESW Digital - Screamer Saw WT.xrni	bright and gritty	/home/meneses/Projects/renoise/wavetable-packs/esw/Echo Sound Works Core Tables/Digital/ESW Digital - Screamer Saw.wav	Echo Sound Works Core (free pack)	8.932	0.478	-1.611	0.251	0.001	1.919	0.005
ESW Digital - Scrums WT.xrni	bright and gritty	/home/meneses/Projects/renoise/wavetable-packs/esw/Echo Sound Works Core Tables/Digital/ESW Digital - Scrums.wav	Echo Sound Works Core (free pack)	4.286	0.379	-1.933	0.244	0.277	2.329	0.011
ESW Digital - Tadpoles WT.xrni	bright and gritty	/home/meneses/Projects/renoise/wavetable-packs/esw/Echo Sound Works Core Tables/Digital/ESW Digital - Tadpoles.wav	Echo Sound Works Core (free pack)	12.460	0.645	-1.329	0.371	0.300	2.427	0.026
ESW FM - Acetate WT.xrni	bright and gritty	/home/meneses/Projects/renoise/wavetable-packs/esw/Echo Sound Works Core Tables/FM/ESW FM - Acetate.wav	Echo Sound Works Core (free pack)	37.769	0.425	-1.065	0.494	0.062	2.289	0.057
ESW FM - Acidic WT.xrni	bright and gritty	/home/meneses/Projects/renoise/wavetable-packs/esw/Echo Sound Works Core Tables/FM/ESW FM - Acidic.wav	Echo Sound Works Core (free pack)	15.088	0.557	-1.322	0.221	0.020	1.661	0.022
ESW FM - Advanced WT.xrni	bright and gritty	/home/meneses/Projects/renoise/wavetable-packs/esw/Echo Sound Works Core Tables/FM/ESW FM - Advanced.wav	Echo Sound Works Core (free pack)	19.435	0.571	-1.078	0.221	0.071	2.375	0.021
ESW FM - Angry Robot WT.xrni	bright and gritty	/home/meneses/Projects/renoise/wavetable-packs/esw/Echo Sound Works Core Tables/FM/ESW FM - Angry Robot.wav	Echo Sound Works Core (free pack)	22.024	0.631	-1.327	0.210	0.212	2.429	0.040
ESW FM - Buzz Saw WT.xrni	bright and gritty	/home/meneses/Projects/renoise/wavetable-packs/esw/Echo Sound Works Core Tables/FM/ESW FM - Buzz Saw.wav	Echo Sound Works Core (free pack)	21.865	0.543	-1.303	0.451	0.006	2.388	0.031
ESW FM - Feliz WT.xrni	bright and gritty	/home/meneses/Projects/renoise/wavetable-packs/esw/Echo Sound Works Core Tables/FM/ESW FM - Feliz.wav	Echo Sound Works Core (free pack)	33.110	0.497	-1.135	0.395	0.066	2.237	0.031
ESW FM - Groxy WT.xrni	bright and gritty	/home/meneses/Projects/renoise/wavetable-packs/esw/Echo Sound Works Core Tables/FM/ESW FM - Groxy.wav	Echo Sound Works Core (free pack)	27.731	0.521	-1.234	0.383	0.064	2.616	0.028
ESW FM - Harmful If Swallowed WT.xrni	bright and gritty	/home/meneses/Projects/renoise/wavetable-packs/esw/Echo Sound Works Core Tables/FM/ESW FM - Harmful If Swallowed.wav	Echo Sound Works Core (free pack)	59.698	0.503	-0.805	0.537	0.057	1.958	0.055
ESW FM - Paper Cut WT.xrni	bright and gritty	/home/meneses/Projects/renoise/wavetable-packs/esw/Echo Sound Works Core Tables/FM/ESW FM - Paper Cut.wav	Echo Sound Works Core (free pack)	44.002	0.652	-0.622	0.363	0.313	2.118	0.055
ESW FM - Squealer 01 WT.xrni	bright and gritty	/home/meneses/Projects/renoise/wavetable-packs/esw/Echo Sound Works Core Tables/FM/ESW FM - Squealer 01.wav	Echo Sound Works Core (free pack)	11.878	0.568	-1.007	0.082	0.134	1.895	0.029
ESW FM - Swirlys WT.xrni	bright and gritty	/home/meneses/Projects/renoise/wavetable-packs/esw/Echo Sound Works Core Tables/FM/ESW FM - Swirlys.wav	Echo Sound Works Core (free pack)	20.322	0.411	-1.165	0.155	0.004	2.012	0.020
ESW FM - Translator WT.xrni	bright and gritty	/home/meneses/Projects/renoise/wavetable-packs/esw/Echo Sound Works Core Tables/FM/ESW FM - Translator.wav	Echo Sound Works Core (free pack)	19.574	0.362	-1.329	0.295	0.033	2.975	0.018
ESW Growl - Dark Matter WT.xrni	bright and gritty	/home/meneses/Projects/renoise/wavetable-packs/esw/Echo Sound Works Core Tables/Growl/ESW Growl - Dark Matter.wav	Echo Sound Works Core (free pack)	58.868	0.672	-1.603	0.578	0.316	3.637	0.066
ESW Growl - Emmie WT.xrni	bright and gritty	/home/meneses/Projects/renoise/wavetable-packs/esw/Echo Sound Works Core Tables/Growl/ESW Growl - Emmie.wav	Echo Sound Works Core (free pack)	17.958	0.518	-1.535	0.136	0.111	1.922	0.014
ESW Growl - Machine Gun WT.xrni	bright and gritty	/home/meneses/Projects/renoise/wavetable-packs/esw/Echo Sound Works Core Tables/Growl/ESW Growl - Machine Gun.wav	Echo Sound Works Core (free pack)	26.561	0.581	-1.679	0.496	0.259	2.478	0.039
ESW Growl - Thorns WT.xrni	bright and gritty	/home/meneses/Projects/renoise/wavetable-packs/esw/Echo Sound Works Core Tables/Growl/ESW Growl - Thorns.wav	Echo Sound Works Core (free pack)	20.886	0.431	-1.313	0.454	0.019	3.122	0.043
ESW One Shot - BS Yai WT.xrni	bright and gritty	/home/meneses/Projects/renoise/wavetable-packs/esw/Echo Sound Works Core Tables/Synth One Shots/ESW One Shot - BS Yai.wav	Echo Sound Works Core (free pack)	33.348	0.440	-0.506	0.192	0.005	2.337	0.050
ESW Spectral - Conix WT.xrni	bright and gritty	/home/meneses/Projects/renoise/wavetable-packs/esw/Echo Sound Works Core Tables/Spectral/ESW Spectral - Conix.wav	Echo Sound Works Core (free pack)	8.823	0.880	-1.348	0.235	0.081	2.009	0.016
ESW Spectral - Gyro WT.xrni	bright and gritty	/home/meneses/Projects/renoise/wavetable-packs/esw/Echo Sound Works Core Tables/Spectral/ESW Spectral - Gyro.wav	Echo Sound Works Core (free pack)	26.416	0.482	-0.920	0.351	0.044	3.236	0.035
ESW Vocal - Origami WT.xrni	bright and gritty	/home/meneses/Projects/renoise/wavetable-packs/esw/Echo Sound Works Core Tables/Vocal/ESW Vocal - Origami.wav	Echo Sound Works Core (free pack)	5.322	0.496	-2.372	0.287	0.107	2.005	0.004
EUCLIDEA WT.xrni	bright and gritty	/home/meneses/.local/share/vital/WaveEdit Online/Wavetables/EUCLIDEA.vitaltable	WaveEdit Online (CC0)	11.161	0.533	-1.688	0.158	0.006	1.971	0.033
FAIRLIGH WT.xrni	bright and gritty	/home/meneses/.local/share/vital/WaveEdit Online/Wavetables/FAIRLIGH.vitaltable	WaveEdit Online (CC0)	49.275	0.324	0.800	0.256	0.000	2.874	0.050
FM_-_COM WT.xrni	bright and gritty	/home/meneses/.local/share/vital/WaveEdit Online/Wavetables/FM_-_COM.vitaltable	WaveEdit Online (CC0)	22.843	0.454	-1.346	0.283	0.024	1.745	0.031
FOURIER2 WT.xrni	bright and gritty	/home/meneses/.local/share/vital/WaveEdit Online/Wavetables/FOURIER2.vitaltable	WaveEdit Online (CC0)	13.236	0.974	-1.971	0.189	0.157	2.140	0.172
FRACTA02 WT.xrni	bright and gritty	/home/meneses/.local/share/vital/WaveEdit Online/Wavetables/FRACTA02.vitaltable	WaveEdit Online (CC0)	7.687	0.589	-1.425	0.084	0.033	2.004	0.052
FRACTA03 WT.xrni	bright and gritty	/home/meneses/.local/share/vital/WaveEdit Online/Wavetables/FRACTA03.vitaltable	WaveEdit Online (CC0)	11.985	0.702	-1.062	0.111	0.000	1.868	0.110
Fiery Hot Diarrhea WT.xrni	bright and gritty	/home/meneses/.local/share/vital/Vital Harvest/Presets/Fiery Hot Diarrhea.vital	other	10.944	0.362	0.163	0.456	0.000	2.762	0.002
Flexi-Bass GM Dec-25 WT.xrni	bright and gritty	/home/meneses/.local/share/vital/Vital Harvest/Presets/Flexi-Bass GM Dec-25.vital	other	12.856	0.579	-2.015	0.387	0.076	1.762	0.004
Folding4 WT.xrni	bright and gritty	/home/meneses/.local/share/vital/Kimura Taro/Wavetables/Folding/Folding4.vitaltable	Kimura Taro (CC0)	60.954	0.497	-0.885	0.540	0.050	1.770	0.042
Folding5 WT.xrni	bright and gritty	/home/meneses/.local/share/vital/Kimura Taro/Wavetables/Folding/Folding5.vitaltable	Kimura Taro (CC0)	13.849	0.870	-1.241	0.371	0.004	1.770	0.018
GENTLE_M WT.xrni	bright and gritty	/home/meneses/.local/share/vital/WaveEdit Online/Wavetables/GENTLE_M.vitaltable	WaveEdit Online (CC0)	71.316	0.498	-0.595	0.226	0.005	1.976	0.111
GRAV-A1 WT.xrni	bright and gritty	/home/meneses/.local/share/vital/WaveEdit Online/Wavetables/GRAV-A1.vitaltable	WaveEdit Online (CC0)	17.408	0.514	-1.526	0.351	0.011	1.662	0.032
GRAV-A10 WT.xrni	bright and gritty	/home/meneses/.local/share/vital/WaveEdit Online/Wavetables/GRAV-A10.vitaltable	WaveEdit Online (CC0)	37.203	0.533	-1.440	0.378	0.036	2.061	0.059
GRAV-A2 WT.xrni	bright and gritty	/home/meneses/.local/share/vital/WaveEdit Online/Wavetables/GRAV-A2.vitaltable	WaveEdit Online (CC0)	33.877	0.568	-1.292	0.425	0.065	1.778	0.046
GRAV-A4 WT.xrni	bright and gritty	/home/meneses/.local/share/vital/WaveEdit Online/Wavetables/GRAV-A4.vitaltable	WaveEdit Online (CC0)	21.291	0.539	-1.214	0.333	0.048	1.799	0.023
GRAV-A5 WT.xrni	bright and gritty	/home/meneses/.local/share/vital/WaveEdit Online/Wavetables/GRAV-A5.vitaltable	WaveEdit Online (CC0)	43.169	0.498	-0.860	0.420	0.018	1.162	0.043
GRAV-A6 WT.xrni	bright and gritty	/home/meneses/.local/share/vital/WaveEdit Online/Wavetables/GRAV-A6.vitaltable	WaveEdit Online (CC0)	46.436	0.532	-1.529	0.446	0.057	1.717	0.054
GRAV-A8 WT.xrni	bright and gritty	/home/meneses/.local/share/vital/WaveEdit Online/Wavetables/GRAV-A8.vitaltable	WaveEdit Online (CC0)	24.691	0.555	-1.416	0.338	0.047	1.727	0.046
GRAV-B10 WT.xrni	bright and gritty	/home/meneses/.local/share/vital/WaveEdit Online/Wavetables/GRAV-B10.vitaltable	WaveEdit Online (CC0)	42.916	0.540	-1.803	0.125	0.006	2.315	0.032
GRAV-B2 WT.xrni	bright and gritty	/home/meneses/.local/share/vital/WaveEdit Online/Wavetables/GRAV-B2.vitaltable	WaveEdit Online (CC0)	41.422	0.556	-2.147	0.221	0.017	1.818	0.050
GRAV-B3 WT.xrni	bright and gritty	/home/meneses/.local/share/vital/WaveEdit Online/Wavetables/GRAV-B3.vitaltable	WaveEdit Online (CC0)	26.843	0.538	-1.746	0.164	0.008	2.057	0.016
GRAV-B4 WT.xrni	bright and gritty	/home/meneses/.local/share/vital/WaveEdit Online/Wavetables/GRAV-B4.vitaltable	WaveEdit Online (CC0)	48.539	0.412	-1.794	0.138	0.003	2.240	0.057
GRAV-B7 WT.xrni	bright and gritty	/home/meneses/.local/share/vital/WaveEdit Online/Wavetables/GRAV-B7.vitaltable	WaveEdit Online (CC0)	32.550	0.510	-1.639	0.102	0.001	1.375	0.036
GRAV-B8 WT.xrni	bright and gritty	/home/meneses/.local/share/vital/WaveEdit Online/Wavetables/GRAV-B8.vitaltable	WaveEdit Online (CC0)	73.330	0.438	-1.591	0.139	0.001	1.669	0.050
GRAV-B9 WT.xrni	bright and gritty	/home/meneses/.local/share/vital/WaveEdit Online/Wavetables/GRAV-B9.vitaltable	WaveEdit Online (CC0)	91.351	0.386	-2.281	0.134	0.005	1.602	0.057
GRAV-C1 WT.xrni	bright and gritty	/home/meneses/.local/share/vital/WaveEdit Online/Wavetables/GRAV-C1.vitaltable	WaveEdit Online (CC0)	45.636	0.528	-1.743	0.110	0.004	2.131	0.047
GRAV-C10 WT.xrni	bright and gritty	/home/meneses/.local/share/vital/WaveEdit Online/Wavetables/GRAV-C10.vitaltable	WaveEdit Online (CC0)	58.498	0.387	-1.160	0.126	0.006	2.216	0.048
GRAV-C6 WT.xrni	bright and gritty	/home/meneses/.local/share/vital/WaveEdit Online/Wavetables/GRAV-C6.vitaltable	WaveEdit Online (CC0)	81.206	0.457	-0.123	0.130	0.006	2.282	0.090
GRAV-C7 WT.xrni	bright and gritty	/home/meneses/.local/share/vital/WaveEdit Online/Wavetables/GRAV-C7.vitaltable	WaveEdit Online (CC0)	39.590	0.506	-2.074	0.099	0.008	1.861	0.054
GRAV-C8 WT.xrni	bright and gritty	/home/meneses/.local/share/vital/WaveEdit Online/Wavetables/GRAV-C8.vitaltable	WaveEdit Online (CC0)	108.516	0.494	-1.494	0.112	0.001	2.305	0.097
Guitar - Stadiums WT.xrni	bright and gritty	/home/meneses/.local/share/vital/Vital Harvest/Presets/Guitar - Stadiums.vital	other	13.932	0.377	-1.925	0.421	0.146	2.472	0.025
HARMOMET WT.xrni	bright and gritty	/home/meneses/.local/share/vital/WaveEdit Online/Wavetables/HARMOMET.vitaltable	WaveEdit Online (CC0)	71.735	0.497	0.194	0.128	0.001	2.089	0.096
Half Clip4 WT.xrni	bright and gritty	/home/meneses/.local/share/vital/Kimura Taro/Wavetables/Half Clip/Half Clip4.vitaltable	Kimura Taro (CC0)	7.740	0.631	-2.608	0.223	0.104	2.019	0.008
Hardcore FM10 WT.xrni	bright and gritty	/home/meneses/.local/share/vital/Kimura Taro/Wavetables/Hardcore FM/Hardcore FM10.vitaltable	Kimura Taro (CC0)	62.766	0.514	-0.816	0.529	0.027	2.716	0.034
Hardcore FM2 WT.xrni	bright and gritty	/home/meneses/.local/share/vital/Kimura Taro/Wavetables/Hardcore FM/Hardcore FM2.vitaltable	Kimura Taro (CC0)	38.717	0.507	-0.648	0.316	0.014	2.171	0.050
Hardcore FM3 WT.xrni	bright and gritty	/home/meneses/.local/share/vital/Kimura Taro/Wavetables/Hardcore FM/Hardcore FM3.vitaltable	Kimura Taro (CC0)	23.358	0.510	-1.426	0.414	0.016	2.172	0.014
Hardcore FM4 WT.xrni	bright and gritty	/home/meneses/.local/share/vital/Kimura Taro/Wavetables/Hardcore FM/Hardcore FM4.vitaltable	Kimura Taro (CC0)	5.484	0.508	-2.429	0.225	0.080	2.249	0.008
Hardcore FM6 WT.xrni	bright and gritty	/home/meneses/.local/share/vital/Kimura Taro/Wavetables/Hardcore FM/Hardcore FM6.vitaltable	Kimura Taro (CC0)	14.725	0.860	-1.154	0.342	0.003	2.121	0.017
Hardcore FM7 WT.xrni	bright and gritty	/home/meneses/.local/share/vital/Kimura Taro/Wavetables/Hardcore FM/Hardcore FM7.vitaltable	Kimura Taro (CC0)	23.853	0.340	-0.439	0.329	0.000	2.582	0.024
Hardcore FM9 WT.xrni	bright and gritty	/home/meneses/.local/share/vital/Kimura Taro/Wavetables/Hardcore FM/Hardcore FM9.vitaltable	Kimura Taro (CC0)	74.752	0.532	-0.056	0.537	0.008	2.642	0.043
Humble square WT.xrni	bright and gritty	/home/meneses/.local/share/vital/nahush2321/Wavetables/Humble square.vitaltable	user/Discord presets (third-party)	11.687	0.626	-1.837	0.416	0.260	2.454	0.004
ISOBELLE WT.xrni	bright and gritty	/home/meneses/.local/share/vital/WaveEdit Online/Wavetables/ISOBELLE.vitaltable	WaveEdit Online (CC0)	10.343	0.469	-1.960	0.266	0.165	1.602	0.008
I_HEART_ WT.xrni	bright and gritty	/home/meneses/.local/share/vital/WaveEdit Online/Wavetables/I_HEART_.vitaltable	WaveEdit Online (CC0)	15.044	0.649	-1.353	0.433	0.003	2.983	0.088
Ii sensu da- WT.xrni	bright and gritty	/home/meneses/.local/share/vital/Kimura Taro/Wavetables/Walsh Function/Ii sensu da-.vitaltable	Kimura Taro (CC0)	35.131	0.499	-1.299	0.268	0.087	2.755	0.029
Ii sensu daNP- WT.xrni	bright and gritty	/home/meneses/.local/share/vital/Kimura Taro/Wavetables/Walsh Function/Ii sensu daNP-.vitaltable	Kimura Taro (CC0)	37.139	0.466	-1.159	0.286	0.087	3.017	0.023
JUST_RAN WT.xrni	bright and gritty	/home/meneses/.local/share/vital/WaveEdit Online/Wavetables/JUST_RAN.vitaltable	WaveEdit Online (CC0)	62.556	0.519	-0.924	0.426	0.046	1.684	0.080
KAWAI_K1 WT.xrni	bright and gritty	/home/meneses/.local/share/vital/WaveEdit Online/Wavetables/KAWAI_K1.vitaltable	WaveEdit Online (CC0)	9.979	0.614	-2.538	0.252	0.040	3.072	0.034
KERMITEN WT.xrni	bright and gritty	/home/meneses/.local/share/vital/WaveEdit Online/Wavetables/KERMITEN.vitaltable	WaveEdit Online (CC0)	17.239	0.596	-1.132	0.554	0.344	1.109	0.056
KERMIT_K WT.xrni	bright and gritty	/home/meneses/.local/share/vital/WaveEdit Online/Wavetables/KERMIT_K.vitaltable	WaveEdit Online (CC0)	25.908	0.444	-1.282	0.395	0.010	1.494	0.026
KOMPLE01 WT.xrni	bright and gritty	/home/meneses/.local/share/vital/WaveEdit Online/Wavetables/KOMPLE01.vitaltable	WaveEdit Online (CC0)	18.286	0.574	-1.293	0.133	0.003	2.316	0.103
LEAD - Synchole 1 WT.xrni	bright and gritty	/home/meneses/.local/share/vital/Vital Harvest/Presets/LEAD - Synchole 1.vital	other	6.396	0.220	-2.018	0.378	0.053	1.087	0.004
LFO Tool1 WT.xrni	bright and gritty	/home/meneses/.local/share/vital/Kimura Taro/Wavetables/LFO Tools/LFO Tool1.vitaltable	Kimura Taro (CC0)	11.469	0.484	-2.018	0.398	0.104	2.293	0.002
LFO_PLAY WT.xrni	bright and gritty	/home/meneses/.local/share/vital/WaveEdit Online/Wavetables/LFO_PLAY.vitaltable	WaveEdit Online (CC0)	30.408	0.373	-0.961	0.418	0.008	1.537	0.033
LOFIRISE WT.xrni	bright and gritty	/home/meneses/.local/share/vital/WaveEdit Online/Wavetables/LOFIRISE.vitaltable	WaveEdit Online (CC0)	13.327	0.456	-1.746	0.535	0.026	1.455	0.036
Lost Then Found WT.xrni	bright and gritty	/home/meneses/.local/share/vital/Vital Harvest/Presets/Lost Then Found.vital	other	22.875	0.711	-1.265	0.422	0.005	4.208	0.008
MAGNETIC WT.xrni	bright and gritty	/home/meneses/.local/share/vital/WaveEdit Online/Wavetables/MAGNETIC.vitaltable	WaveEdit Online (CC0)	115.109	0.462	-1.695	0.355	0.051	2.884	0.016
MK_DWG_H WT.xrni	bright and gritty	/home/meneses/.local/share/vital/WaveEdit Online/Wavetables/MK_DWG_H.vitaltable	WaveEdit Online (CC0)	7.670	0.534	-2.677	0.350	0.241	2.023	0.078
MS 20 P10-PS2 WT.xrni	bright and gritty	/home/meneses/.local/share/vital/Kimura Taro/Wavetables/Korg Analog  Synth PhaseShift2/MS 20 P10-PS2.vitaltable	Kimura Taro (CC0)	11.815	0.574	-2.145	0.209	0.131	2.659	0.001
MSelfFB04 DN WT.xrni	bright and gritty	/home/meneses/.local/share/vital/Kimura Taro/Wavetables/MSelfFB/MSelfFB04 DN.vitaltable	Kimura Taro (CC0)	92.668	0.596	-1.407	0.230	0.008	3.133	0.059
Melda CustumWave1 WT.xrni	bright and gritty	/home/meneses/.local/share/vital/Kimura Taro/Wavetables/Melda Oscillator/Melda CustumWave1.vitaltable	Kimura Taro (CC0)	10.079	0.518	-2.118	0.296	0.089	3.287	0.003
Melda CustumWave2 Icarus WT.xrni	bright and gritty	/home/meneses/.local/share/vital/Kimura Taro/Wavetables/Melda Oscillator/Melda CustumWave2 Icarus.vitaltable	Kimura Taro (CC0)	18.850	0.492	-1.503	0.380	0.002	3.272	0.012
Melda CustumWave2 IcarusComb WT.xrni	bright and gritty	/home/meneses/.local/share/vital/Kimura Taro/Wavetables/Melda Oscillator/Melda CustumWave2 IcarusComb.vitaltable	Kimura Taro (CC0)	28.207	0.333	-1.479	0.374	0.003	3.058	0.019
Melda CustumWave3 WT.xrni	bright and gritty	/home/meneses/.local/share/vital/Kimura Taro/Wavetables/Melda Oscillator/Melda CustumWave3.vitaltable	Kimura Taro (CC0)	16.279	0.470	-1.745	0.362	0.246	3.158	0.014
Mid Horn WT.xrni	bright and gritty	/home/meneses/.local/share/vital/VitalPresets/Presets/Mid Horn.vital	user/Discord presets (third-party)	12.028	0.606	-1.792	0.457	0.192	2.952	0.002
Modulo11 WT.xrni	bright and gritty	/home/meneses/.local/share/vital/Kimura Taro/Wavetables/Modulo/Modulo11.vitaltable	Kimura Taro (CC0)	45.770	0.477	-0.808	0.506	0.016	1.794	0.024
Modulo12 WT.xrni	bright and gritty	/home/meneses/.local/share/vital/Kimura Taro/Wavetables/Modulo/Modulo12.vitaltable	Kimura Taro (CC0)	20.085	0.662	-1.562	0.440	0.022	2.408	0.009
Modulo2 WT.xrni	bright and gritty	/home/meneses/.local/share/vital/Kimura Taro/Wavetables/Modulo/Modulo2.vitaltable	Kimura Taro (CC0)	14.779	0.707	-1.696	0.401	0.006	1.893	0.007
Modulo4 WT.xrni	bright and gritty	/home/meneses/.local/share/vital/Kimura Taro/Wavetables/Modulo/Modulo4.vitaltable	Kimura Taro (CC0)	67.911	0.563	-0.783	0.593	0.008	2.905	0.045
Modulo5 WT.xrni	bright and gritty	/home/meneses/.local/share/vital/Kimura Taro/Wavetables/Modulo/Modulo5.vitaltable	Kimura Taro (CC0)	50.513	0.603	-1.091	0.578	0.058	2.935	0.034
Modulo7 WT.xrni	bright and gritty	/home/meneses/.local/share/vital/Kimura Taro/Wavetables/Modulo/Modulo7.vitaltable	Kimura Taro (CC0)	16.814	0.386	0.047	0.315	0.000	1.738	0.008
Nice Growl WT.xrni	bright and gritty	/home/meneses/.local/share/vital/Growl 2 - Talking Yoi/Presets/Nice Growl.vital	user/Discord presets (third-party)	66.809	0.504	-0.773	0.491	0.077	3.587	0.045
ORGANIC_ WT.xrni	bright and gritty	/home/meneses/.local/share/vital/WaveEdit Online/Wavetables/ORGANIC_.vitaltable	WaveEdit Online (CC0)	6.986	0.614	-2.846	0.229	0.071	1.944	0.065
ORGAN_DI WT.xrni	bright and gritty	/home/meneses/.local/share/vital/WaveEdit Online/Wavetables/ORGAN_DI.vitaltable	WaveEdit Online (CC0)	6.454	0.460	-1.838	0.218	0.399	1.523	0.081
PLAITS02 WT.xrni	bright and gritty	/home/meneses/.local/share/vital/WaveEdit Online/Wavetables/PLAITS02.vitaltable	WaveEdit Online (CC0)	4.214	0.523	-2.218	0.251	0.125	2.124	0.029
PMSimple10 WT.xrni	bright and gritty	/home/meneses/.local/share/vital/Kimura Taro/Wavetables/PM[Simple]/PMSimple10.vitaltable	Kimura Taro (CC0)	34.725	0.513	-0.879	0.450	0.007	1.751	0.019
PMSimple12 WT.xrni	bright and gritty	/home/meneses/.local/share/vital/Kimura Taro/Wavetables/PM[Simple]/PMSimple12.vitaltable	Kimura Taro (CC0)	63.315	0.628	-0.163	0.478	0.003	1.734	0.042
PMSimple13 WT.xrni	bright and gritty	/home/meneses/.local/share/vital/Kimura Taro/Wavetables/PM[Simple]/PMSimple13.vitaltable	Kimura Taro (CC0)	40.537	0.516	-0.677	0.209	0.028	2.137	0.031
PMSimple17 WT.xrni	bright and gritty	/home/meneses/.local/share/vital/Kimura Taro/Wavetables/PM[Simple]/PMSimple17.vitaltable	Kimura Taro (CC0)	17.562	0.296	-1.196	0.389	0.069	1.790	0.017
PMSimple21 WT.xrni	bright and gritty	/home/meneses/.local/share/vital/Kimura Taro/Wavetables/PM[Simple]/PMSimple21.vitaltable	Kimura Taro (CC0)	4.565	0.801	-2.376	0.262	0.025	1.502	0.006
PMSimple3 WT.xrni	bright and gritty	/home/meneses/.local/share/vital/Kimura Taro/Wavetables/PM[Simple]/PMSimple3.vitaltable	Kimura Taro (CC0)	35.308	0.532	-0.324	0.190	0.004	1.898	0.034
PMSimple4 WT.xrni	bright and gritty	/home/meneses/.local/share/vital/Kimura Taro/Wavetables/PM[Simple]/PMSimple4.vitaltable	Kimura Taro (CC0)	3.716	0.299	-2.086	0.337	0.009	1.414	0.005
PPG_WA04 WT.xrni	bright and gritty	/home/meneses/.local/share/vital/WaveEdit Online/Wavetables/PPG_WA04.vitaltable	WaveEdit Online (CC0)	6.253	0.342	-2.300	0.306	0.155	2.370	0.034
PPG_WA05 WT.xrni	bright and gritty	/home/meneses/.local/share/vital/WaveEdit Online/Wavetables/PPG_WA05.vitaltable	WaveEdit Online (CC0)	16.974	0.376	-1.444	0.402	0.007	3.091	0.053
PPG_WA27 WT.xrni	bright and gritty	/home/meneses/.local/share/vital/WaveEdit Online/Wavetables/PPG_WA27.vitaltable	WaveEdit Online (CC0)	5.490	0.608	-2.015	0.332	0.027	2.584	0.035
PPG_WA28 WT.xrni	bright and gritty	/home/meneses/.local/share/vital/WaveEdit Online/Wavetables/PPG_WA28.vitaltable	WaveEdit Online (CC0)	60.155	0.377	0.119	0.472	0.004	1.683	0.027
PROPHE00 WT.xrni	bright and gritty	/home/meneses/.local/share/vital/WaveEdit Online/Wavetables/PROPHE00.vitaltable	WaveEdit Online (CC0)	51.452	0.477	-1.027	0.395	0.009	2.371	0.062
PROPHET_ WT.xrni	bright and gritty	/home/meneses/.local/share/vital/WaveEdit Online/Wavetables/PROPHET_.vitaltable	WaveEdit Online (CC0)	48.673	0.508	-1.091	0.389	0.014	2.489	0.072
PROTON - Woah WT.xrni	bright and gritty	/home/meneses/.local/share/vital/Vital Harvest/Presets/PROTON - Woah.vital	other	11.455	0.450	-0.670	0.185	0.000	2.537	0.015
PWN_SAW WT.xrni	bright and gritty	/home/meneses/.local/share/vital/WaveEdit Online/Wavetables/PWN_SAW.vitaltable	WaveEdit Online (CC0)	9.804	0.509	-1.684	0.536	0.183	1.258	0.057
QUACK WT.xrni	bright and gritty	/home/meneses/.local/share/vital/WaveEdit Online/Wavetables/QUACK.vitaltable	WaveEdit Online (CC0)	8.206	0.500	-1.636	0.451	0.001	2.155	0.000
RADIUS WT.xrni	bright and gritty	/home/meneses/.local/share/vital/WaveEdit Online/Wavetables/RADIUS.vitaltable	WaveEdit Online (CC0)	5.200	0.656	-2.388	0.187	0.049	2.109	0.051
RANDOM_N WT.xrni	bright and gritty	/home/meneses/.local/share/vital/WaveEdit Online/Wavetables/RANDOM_N.vitaltable	WaveEdit Online (CC0)	36.442	0.448	-0.678	0.413	0.002	1.889	0.039
REALIZE WT.xrni	bright and gritty	/home/meneses/.local/share/vital/WaveEdit Online/Wavetables/REALIZE.vitaltable	WaveEdit Online (CC0)	3.219	0.210	-2.129	0.393	0.099	1.792	0.022
RINGSHAP WT.xrni	bright and gritty	/home/meneses/.local/share/vital/WaveEdit Online/Wavetables/RINGSHAP.vitaltable	WaveEdit Online (CC0)	33.383	0.475	-0.510	0.281	0.010	1.709	0.059
RMFM02 WT.xrni	bright and gritty	/home/meneses/.local/share/vital/Kimura Taro/Wavetables/RMFM/RMFM02.vitaltable	Kimura Taro (CC0)	95.428	0.519	0.049	0.049	0.004	1.934	0.120
SAND_EYE WT.xrni	bright and gritty	/home/meneses/.local/share/vital/WaveEdit Online/Wavetables/SAND_EYE.vitaltable	WaveEdit Online (CC0)	14.275	0.566	-0.897	0.116	0.000	2.108	0.151
SINE_SPE WT.xrni	bright and gritty	/home/meneses/.local/share/vital/WaveEdit Online/Wavetables/SINE_SPE.vitaltable	WaveEdit Online (CC0)	60.267	0.502	-1.341	0.128	0.003	2.109	0.092
SMOOTH_T WT.xrni	bright and gritty	/home/meneses/.local/share/vital/WaveEdit Online/Wavetables/SMOOTH_T.vitaltable	WaveEdit Online (CC0)	11.717	0.461	-1.544	0.169	0.114	1.669	0.073
SNAKE_EY WT.xrni	bright and gritty	/home/meneses/.local/share/vital/WaveEdit Online/Wavetables/SNAKE_EY.vitaltable	WaveEdit Online (CC0)	68.562	0.518	-0.582	0.264	0.015	2.255	0.106
SOFT_MAN WT.xrni	bright and gritty	/home/meneses/.local/share/vital/WaveEdit Online/Wavetables/SOFT_MAN.vitaltable	WaveEdit Online (CC0)	15.760	0.654	-1.600	0.219	0.157	1.631	0.015
SOHLER02 WT.xrni	bright and gritty	/home/meneses/.local/share/vital/WaveEdit Online/Wavetables/SOHLER02.vitaltable	WaveEdit Online (CC0)	24.337	0.399	-0.785	0.132	0.010	1.976	0.042
SOHLER05 WT.xrni	bright and gritty	/home/meneses/.local/share/vital/WaveEdit Online/Wavetables/SOHLER05.vitaltable	WaveEdit Online (CC0)	44.669	0.382	-0.474	0.174	0.014	2.140	0.076
SOHLER09 WT.xrni	bright and gritty	/home/meneses/.local/share/vital/WaveEdit Online/Wavetables/SOHLER09.vitaltable	WaveEdit Online (CC0)	38.168	0.305	-0.586	0.236	0.006	1.990	0.064
SOHLER10 WT.xrni	bright and gritty	/home/meneses/.local/share/vital/WaveEdit Online/Wavetables/SOHLER10.vitaltable	WaveEdit Online (CC0)	47.167	0.525	-0.851	0.210	0.017	2.086	0.067
SOHLER11 WT.xrni	bright and gritty	/home/meneses/.local/share/vital/WaveEdit Online/Wavetables/SOHLER11.vitaltable	WaveEdit Online (CC0)	7.756	0.398	-2.305	0.174	0.028	2.104	0.061
SOHLER12 WT.xrni	bright and gritty	/home/meneses/.local/share/vital/WaveEdit Online/Wavetables/SOHLER12.vitaltable	WaveEdit Online (CC0)	24.278	0.517	-1.294	0.193	0.026	1.840	0.044
SOHLER13 WT.xrni	bright and gritty	/home/meneses/.local/share/vital/WaveEdit Online/Wavetables/SOHLER13.vitaltable	WaveEdit Online (CC0)	5.532	0.407	-2.660	0.196	0.126	1.819	0.061
SOHLER14 WT.xrni	bright and gritty	/home/meneses/.local/share/vital/WaveEdit Online/Wavetables/SOHLER14.vitaltable	WaveEdit Online (CC0)	44.180	0.477	-1.323	0.282	0.007	2.433	0.065
SOHLER19 WT.xrni	bright and gritty	/home/meneses/.local/share/vital/WaveEdit Online/Wavetables/SOHLER19.vitaltable	WaveEdit Online (CC0)	37.581	0.499	-0.660	0.203	0.009	2.304	0.061
SOHLER21 WT.xrni	bright and gritty	/home/meneses/.local/share/vital/WaveEdit Online/Wavetables/SOHLER21.vitaltable	WaveEdit Online (CC0)	28.991	0.501	-1.283	0.198	0.016	1.962	0.057
SOHLER24 WT.xrni	bright and gritty	/home/meneses/.local/share/vital/WaveEdit Online/Wavetables/SOHLER24.vitaltable	WaveEdit Online (CC0)	32.595	0.517	-0.742	0.264	0.010	1.723	0.075
SOHLER25 WT.xrni	bright and gritty	/home/meneses/.local/share/vital/WaveEdit Online/Wavetables/SOHLER25.vitaltable	WaveEdit Online (CC0)	35.495	0.494	-0.942	0.272	0.004	1.927	0.073
SOHLER28 WT.xrni	bright and gritty	/home/meneses/.local/share/vital/WaveEdit Online/Wavetables/SOHLER28.vitaltable	WaveEdit Online (CC0)	59.653	0.401	-0.763	0.304	0.006	2.007	0.103
SOHLER31 WT.xrni	bright and gritty	/home/meneses/.local/share/vital/WaveEdit Online/Wavetables/SOHLER31.vitaltable	WaveEdit Online (CC0)	4.412	0.551	-2.428	0.269	0.283	1.617	0.077
SOHLER34 WT.xrni	bright and gritty	/home/meneses/.local/share/vital/WaveEdit Online/Wavetables/SOHLER34.vitaltable	WaveEdit Online (CC0)	13.183	0.601	-1.164	0.152	0.012	1.651	0.022
SOHLER35 WT.xrni	bright and gritty	/home/meneses/.local/share/vital/WaveEdit Online/Wavetables/SOHLER35.vitaltable	WaveEdit Online (CC0)	24.917	0.543	-0.958	0.143	0.002	1.548	0.045
SOHLER36 WT.xrni	bright and gritty	/home/meneses/.local/share/vital/WaveEdit Online/Wavetables/SOHLER36.vitaltable	WaveEdit Online (CC0)	25.858	0.426	-1.270	0.170	0.012	1.632	0.044
SOHLER37 WT.xrni	bright and gritty	/home/meneses/.local/share/vital/WaveEdit Online/Wavetables/SOHLER37.vitaltable	WaveEdit Online (CC0)	11.131	0.430	-1.796	0.182	0.008	1.471	0.020
SOHLER39 WT.xrni	bright and gritty	/home/meneses/.local/share/vital/WaveEdit Online/Wavetables/SOHLER39.vitaltable	WaveEdit Online (CC0)	33.397	0.674	-0.519	0.180	0.001	1.557	0.037
SOHLER42 WT.xrni	bright and gritty	/home/meneses/.local/share/vital/WaveEdit Online/Wavetables/SOHLER42.vitaltable	WaveEdit Online (CC0)	15.391	0.388	-0.502	0.152	0.003	1.629	0.031
SOHLER46 WT.xrni	bright and gritty	/home/meneses/.local/share/vital/WaveEdit Online/Wavetables/SOHLER46.vitaltable	WaveEdit Online (CC0)	9.891	0.582	-2.191	0.219	0.186	1.550	0.146
SOHLER51 WT.xrni	bright and gritty	/home/meneses/.local/share/vital/WaveEdit Online/Wavetables/SOHLER51.vitaltable	WaveEdit Online (CC0)	6.250	0.681	-1.346	0.217	0.000	1.434	0.094
SOHLER52 WT.xrni	bright and gritty	/home/meneses/.local/share/vital/WaveEdit Online/Wavetables/SOHLER52.vitaltable	WaveEdit Online (CC0)	38.772	0.391	-0.779	0.126	0.014	1.494	0.095
SOHLER54 WT.xrni	bright and gritty	/home/meneses/.local/share/vital/WaveEdit Online/Wavetables/SOHLER54.vitaltable	WaveEdit Online (CC0)	24.097	0.464	-0.963	0.122	0.010	2.188	0.041
SOHLER57 WT.xrni	bright and gritty	/home/meneses/.local/share/vital/WaveEdit Online/Wavetables/SOHLER57.vitaltable	WaveEdit Online (CC0)	19.555	0.399	-1.225	0.187	0.017	1.849	0.038
SOHLER59 WT.xrni	bright and gritty	/home/meneses/.local/share/vital/WaveEdit Online/Wavetables/SOHLER59.vitaltable	WaveEdit Online (CC0)	3.816	0.411	-2.454	0.177	0.253	1.549	0.057
SOHLER62 WT.xrni	bright and gritty	/home/meneses/.local/share/vital/WaveEdit Online/Wavetables/SOHLER62.vitaltable	WaveEdit Online (CC0)	16.420	0.508	-1.321	0.191	0.040	1.661	0.030
SOHLER63 WT.xrni	bright and gritty	/home/meneses/.local/share/vital/WaveEdit Online/Wavetables/SOHLER63.vitaltable	WaveEdit Online (CC0)	30.833	0.380	-1.045	0.132	0.013	1.925	0.062
SOHLER64 WT.xrni	bright and gritty	/home/meneses/.local/share/vital/WaveEdit Online/Wavetables/SOHLER64.vitaltable	WaveEdit Online (CC0)	9.895	0.166	-1.341	0.296	0.118	1.609	0.114
SOHLER65 WT.xrni	bright and gritty	/home/meneses/.local/share/vital/WaveEdit Online/Wavetables/SOHLER65.vitaltable	WaveEdit Online (CC0)	17.433	0.440	-1.040	0.124	0.025	1.668	0.030
SOHLER66 WT.xrni	bright and gritty	/home/meneses/.local/share/vital/WaveEdit Online/Wavetables/SOHLER66.vitaltable	WaveEdit Online (CC0)	20.899	0.441	-0.939	0.121	0.036	1.873	0.039
SOHLER70 WT.xrni	bright and gritty	/home/meneses/.local/share/vital/WaveEdit Online/Wavetables/SOHLER70.vitaltable	WaveEdit Online (CC0)	38.573	0.457	-0.460	0.140	0.021	2.040	0.062
SOHLER75 WT.xrni	bright and gritty	/home/meneses/.local/share/vital/WaveEdit Online/Wavetables/SOHLER75.vitaltable	WaveEdit Online (CC0)	14.236	0.428	-1.420	0.111	0.020	1.703	0.024
SOHLER76 WT.xrni	bright and gritty	/home/meneses/.local/share/vital/WaveEdit Online/Wavetables/SOHLER76.vitaltable	WaveEdit Online (CC0)	26.183	0.456	-0.887	0.165	0.010	1.996	0.041
SOHLER79 WT.xrni	bright and gritty	/home/meneses/.local/share/vital/WaveEdit Online/Wavetables/SOHLER79.vitaltable	WaveEdit Online (CC0)	13.865	0.331	-1.478	0.192	0.015	1.726	0.025
SOHLER80 WT.xrni	bright and gritty	/home/meneses/.local/share/vital/WaveEdit Online/Wavetables/SOHLER80.vitaltable	WaveEdit Online (CC0)	11.106	0.411	-1.810	0.177	0.011	1.684	0.025
SOHLER82 WT.xrni	bright and gritty	/home/meneses/.local/share/vital/WaveEdit Online/Wavetables/SOHLER82.vitaltable	WaveEdit Online (CC0)	20.345	0.408	-1.250	0.178	0.009	1.742	0.038
SOHLER83 WT.xrni	bright and gritty	/home/meneses/.local/share/vital/WaveEdit Online/Wavetables/SOHLER83.vitaltable	WaveEdit Online (CC0)	74.341	0.482	-0.976	0.248	0.029	1.992	0.103
SOHLER85 WT.xrni	bright and gritty	/home/meneses/.local/share/vital/WaveEdit Online/Wavetables/SOHLER85.vitaltable	WaveEdit Online (CC0)	49.230	0.460	-1.009	0.373	0.010	1.834	0.075
SOHLER88 WT.xrni	bright and gritty	/home/meneses/.local/share/vital/WaveEdit Online/Wavetables/SOHLER88.vitaltable	WaveEdit Online (CC0)	16.886	0.651	-1.677	0.353	0.077	1.457	0.027
SOHLER89 WT.xrni	bright and gritty	/home/meneses/.local/share/vital/WaveEdit Online/Wavetables/SOHLER89.vitaltable	WaveEdit Online (CC0)	24.736	0.437	-1.221	0.273	0.027	1.570	0.055
SOHLER90 WT.xrni	bright and gritty	/home/meneses/.local/share/vital/WaveEdit Online/Wavetables/SOHLER90.vitaltable	WaveEdit Online (CC0)	22.502	0.514	-1.199	0.214	0.016	1.691	0.047
SOHLER91 WT.xrni	bright and gritty	/home/meneses/.local/share/vital/WaveEdit Online/Wavetables/SOHLER91.vitaltable	WaveEdit Online (CC0)	23.040	0.627	-1.360	0.328	0.012	1.723	0.045
SOHLER92 WT.xrni	bright and gritty	/home/meneses/.local/share/vital/WaveEdit Online/Wavetables/SOHLER92.vitaltable	WaveEdit Online (CC0)	24.001	0.511	-1.278	0.258	0.007	1.836	0.045
SOHLER94 WT.xrni	bright and gritty	/home/meneses/.local/share/vital/WaveEdit Online/Wavetables/SOHLER94.vitaltable	WaveEdit Online (CC0)	24.528	0.459	-1.313	0.271	0.015	1.641	0.038
SOHLER96 WT.xrni	bright and gritty	/home/meneses/.local/share/vital/WaveEdit Online/Wavetables/SOHLER96.vitaltable	WaveEdit Online (CC0)	39.103	0.398	-1.188	0.390	0.023	1.680	0.064
SOHLER97 WT.xrni	bright and gritty	/home/meneses/.local/share/vital/WaveEdit Online/Wavetables/SOHLER97.vitaltable	WaveEdit Online (CC0)	34.761	0.513	-1.171	0.286	0.021	2.016	0.051
SOHLER98 WT.xrni	bright and gritty	/home/meneses/.local/share/vital/WaveEdit Online/Wavetables/SOHLER98.vitaltable	WaveEdit Online (CC0)	33.940	0.419	-0.874	0.228	0.004	1.996	0.061
SPECTR00 WT.xrni	bright and gritty	/home/meneses/.local/share/vital/WaveEdit Online/Wavetables/SPECTR00.vitaltable	WaveEdit Online (CC0)	22.200	0.538	-1.389	0.330	0.014	1.481	0.033
SPECTR03 WT.xrni	bright and gritty	/home/meneses/.local/share/vital/WaveEdit Online/Wavetables/SPECTR03.vitaltable	WaveEdit Online (CC0)	74.643	0.500	-0.312	0.074	0.001	1.809	0.110
SPECTR04 WT.xrni	bright and gritty	/home/meneses/.local/share/vital/WaveEdit Online/Wavetables/SPECTR04.vitaltable	WaveEdit Online (CC0)	66.241	0.502	-0.789	0.297	0.001	2.929	0.051
SPECTR05 WT.xrni	bright and gritty	/home/meneses/.local/share/vital/WaveEdit Online/Wavetables/SPECTR05.vitaltable	WaveEdit Online (CC0)	21.032	0.660	-1.601	0.357	0.084	1.665	0.024
SPECTRAL WT.xrni	bright and gritty	/home/meneses/.local/share/vital/WaveEdit Online/Wavetables/SPECTRAL.vitaltable	WaveEdit Online (CC0)	3.824	0.832	-0.925	0.089	0.073	1.920	0.061
SPOLY ERT WT.xrni	bright and gritty	/home/meneses/.local/share/vital/nahush2321/Presets/SPOLY ERT.vital	user/Discord presets (third-party)	11.043	0.515	-2.009	0.366	0.131	1.994	0.005
SQUARE_P WT.xrni	bright and gritty	/home/meneses/.local/share/vital/WaveEdit Online/Wavetables/SQUARE_P.vitaltable	WaveEdit Online (CC0)	4.692	0.574	-1.911	0.259	0.278	2.928	0.007
SYNLP100 WT.xrni	bright and gritty	/home/meneses/.local/share/vital/WaveEdit Online/Wavetables/SYNLP100.vitaltable	WaveEdit Online (CC0)	15.894	0.678	-1.290	0.154	0.004	1.417	0.029
SYNLP101 WT.xrni	bright and gritty	/home/meneses/.local/share/vital/WaveEdit Online/Wavetables/SYNLP101.vitaltable	WaveEdit Online (CC0)	20.536	0.918	-1.857	0.248	0.046	1.490	0.012
SYNLP102 WT.xrni	bright and gritty	/home/meneses/.local/share/vital/WaveEdit Online/Wavetables/SYNLP102.vitaltable	WaveEdit Online (CC0)	32.912	0.587	-0.422	0.179	0.000	1.499	0.067
SYNLP103 WT.xrni	bright and gritty	/home/meneses/.local/share/vital/WaveEdit Online/Wavetables/SYNLP103.vitaltable	WaveEdit Online (CC0)	63.700	0.885	-0.285	0.208	0.023	1.426	0.058
SYNLP105 WT.xrni	bright and gritty	/home/meneses/.local/share/vital/WaveEdit Online/Wavetables/SYNLP105.vitaltable	WaveEdit Online (CC0)	15.596	0.605	-1.490	0.184	0.004	1.273	0.011
SYNLP106 WT.xrni	bright and gritty	/home/meneses/.local/share/vital/WaveEdit Online/Wavetables/SYNLP106.vitaltable	WaveEdit Online (CC0)	62.594	0.600	-0.642	0.188	0.047	1.308	0.104
SYNLP107 WT.xrni	bright and gritty	/home/meneses/.local/share/vital/WaveEdit Online/Wavetables/SYNLP107.vitaltable	WaveEdit Online (CC0)	30.815	0.531	-0.181	0.153	0.007	1.430	0.035
SYNLP108 WT.xrni	bright and gritty	/home/meneses/.local/share/vital/WaveEdit Online/Wavetables/SYNLP108.vitaltable	WaveEdit Online (CC0)	56.940	0.788	1.440	0.281	0.000	1.236	0.105
SYNLP112 WT.xrni	bright and gritty	/home/meneses/.local/share/vital/WaveEdit Online/Wavetables/SYNLP112.vitaltable	WaveEdit Online (CC0)	5.748	0.510	-2.618	0.229	0.023	1.625	0.008
SYNLP117 WT.xrni	bright and gritty	/home/meneses/.local/share/vital/WaveEdit Online/Wavetables/SYNLP117.vitaltable	WaveEdit Online (CC0)	28.119	0.526	-0.820	0.015	0.002	1.476	0.048
SYNLP120 WT.xrni	bright and gritty	/home/meneses/.local/share/vital/WaveEdit Online/Wavetables/SYNLP120.vitaltable	WaveEdit Online (CC0)	46.822	0.411	0.411	0.149	0.002	1.386	0.076
SYNLP121 WT.xrni	bright and gritty	/home/meneses/.local/share/vital/WaveEdit Online/Wavetables/SYNLP121.vitaltable	WaveEdit Online (CC0)	30.206	0.518	-1.064	0.111	0.002	1.509	0.045
SYNLP122 WT.xrni	bright and gritty	/home/meneses/.local/share/vital/WaveEdit Online/Wavetables/SYNLP122.vitaltable	WaveEdit Online (CC0)	37.625	0.583	-0.153	0.113	0.001	1.462	0.053
SYNLP124 WT.xrni	bright and gritty	/home/meneses/.local/share/vital/WaveEdit Online/Wavetables/SYNLP124.vitaltable	WaveEdit Online (CC0)	35.693	0.777	0.079	0.147	0.012	1.307	0.062
SYNLP125 WT.xrni	bright and gritty	/home/meneses/.local/share/vital/WaveEdit Online/Wavetables/SYNLP125.vitaltable	WaveEdit Online (CC0)	18.562	0.430	-1.601	0.294	0.147	1.421	0.014
SYNLP127 WT.xrni	bright and gritty	/home/meneses/.local/share/vital/WaveEdit Online/Wavetables/SYNLP127.vitaltable	WaveEdit Online (CC0)	18.030	0.244	-1.081	0.268	0.001	2.385	0.017
SYNLP129 WT.xrni	bright and gritty	/home/meneses/.local/share/vital/WaveEdit Online/Wavetables/SYNLP129.vitaltable	WaveEdit Online (CC0)	38.019	0.491	-0.572	0.065	0.005	1.392	0.075
SYNLP13 WT.xrni	bright and gritty	/home/meneses/.local/share/vital/WaveEdit Online/Wavetables/SYNLP13.vitaltable	WaveEdit Online (CC0)	39.947	0.811	0.036	0.179	0.009	1.394	0.052
SYNLP131 WT.xrni	bright and gritty	/home/meneses/.local/share/vital/WaveEdit Online/Wavetables/SYNLP131.vitaltable	WaveEdit Online (CC0)	21.859	0.790	-0.871	0.224	0.004	1.523	0.027
SYNLP133 WT.xrni	bright and gritty	/home/meneses/.local/share/vital/WaveEdit Online/Wavetables/SYNLP133.vitaltable	WaveEdit Online (CC0)	26.970	0.753	-1.518	0.138	0.011	1.387	0.058
SYNLP134 WT.xrni	bright and gritty	/home/meneses/.local/share/vital/WaveEdit Online/Wavetables/SYNLP134.vitaltable	WaveEdit Online (CC0)	39.735	0.607	0.857	0.148	0.000	1.420	0.076
SYNLP135 WT.xrni	bright and gritty	/home/meneses/.local/share/vital/WaveEdit Online/Wavetables/SYNLP135.vitaltable	WaveEdit Online (CC0)	22.030	0.676	-0.358	0.211	0.000	1.416	0.040
SYNLP136 WT.xrni	bright and gritty	/home/meneses/.local/share/vital/WaveEdit Online/Wavetables/SYNLP136.vitaltable	WaveEdit Online (CC0)	22.929	0.945	-0.327	0.196	0.000	2.126	0.025
SYNLP14 WT.xrni	bright and gritty	/home/meneses/.local/share/vital/WaveEdit Online/Wavetables/SYNLP14.vitaltable	WaveEdit Online (CC0)	40.784	0.748	0.074	0.212	0.005	1.428	0.046
SYNLP145 WT.xrni	bright and gritty	/home/meneses/.local/share/vital/WaveEdit Online/Wavetables/SYNLP145.vitaltable	WaveEdit Online (CC0)	11.600	0.041	-0.169	0.326	0.000	1.443	0.145
SYNLP147 WT.xrni	bright and gritty	/home/meneses/.local/share/vital/WaveEdit Online/Wavetables/SYNLP147.vitaltable	WaveEdit Online (CC0)	20.528	0.347	-1.157	0.206	0.005	1.468	0.026
SYNLP150 WT.xrni	bright and gritty	/home/meneses/.local/share/vital/WaveEdit Online/Wavetables/SYNLP150.vitaltable	WaveEdit Online (CC0)	19.924	0.487	-1.003	0.224	0.001	1.421	0.035
SYNLP151 WT.xrni	bright and gritty	/home/meneses/.local/share/vital/WaveEdit Online/Wavetables/SYNLP151.vitaltable	WaveEdit Online (CC0)	45.582	0.656	0.042	0.412	0.000	1.832	0.056
SYNLP168 WT.xrni	bright and gritty	/home/meneses/.local/share/vital/WaveEdit Online/Wavetables/SYNLP168.vitaltable	WaveEdit Online (CC0)	12.415	0.754	-1.832	0.195	0.002	1.435	0.020
SYNLP169 WT.xrni	bright and gritty	/home/meneses/.local/share/vital/WaveEdit Online/Wavetables/SYNLP169.vitaltable	WaveEdit Online (CC0)	14.988	0.574	-2.058	0.174	0.009	1.415	0.028
SYNLP170 WT.xrni	bright and gritty	/home/meneses/.local/share/vital/WaveEdit Online/Wavetables/SYNLP170.vitaltable	WaveEdit Online (CC0)	36.329	0.871	-0.086	0.121	0.008	1.471	0.053
SYNLP176 WT.xrni	bright and gritty	/home/meneses/.local/share/vital/WaveEdit Online/Wavetables/SYNLP176.vitaltable	WaveEdit Online (CC0)	45.986	0.848	-0.754	0.169	0.072	1.397	0.049
SYNLP177 WT.xrni	bright and gritty	/home/meneses/.local/share/vital/WaveEdit Online/Wavetables/SYNLP177.vitaltable	WaveEdit Online (CC0)	66.541	0.501	-0.241	0.235	0.045	1.418	0.073
SYNLP18 WT.xrni	bright and gritty	/home/meneses/.local/share/vital/WaveEdit Online/Wavetables/SYNLP18.vitaltable	WaveEdit Online (CC0)	16.702	0.653	-1.049	0.191	0.000	1.426	0.031
SYNLP183 WT.xrni	bright and gritty	/home/meneses/.local/share/vital/WaveEdit Online/Wavetables/SYNLP183.vitaltable	WaveEdit Online (CC0)	100.245	0.557	-1.853	0.216	0.246	1.904	0.094
SYNLP19 WT.xrni	bright and gritty	/home/meneses/.local/share/vital/WaveEdit Online/Wavetables/SYNLP19.vitaltable	WaveEdit Online (CC0)	3.812	0.605	-2.341	0.281	0.028	1.422	0.027
SYNLP191 WT.xrni	bright and gritty	/home/meneses/.local/share/vital/WaveEdit Online/Wavetables/SYNLP191.vitaltable	WaveEdit Online (CC0)	63.644	0.803	1.568	0.177	0.000	1.414	0.124
SYNLP192 WT.xrni	bright and gritty	/home/meneses/.local/share/vital/WaveEdit Online/Wavetables/SYNLP192.vitaltable	WaveEdit Online (CC0)	16.818	0.358	-1.657	0.169	0.005	1.413	0.032
SYNLP196 WT.xrni	bright and gritty	/home/meneses/.local/share/vital/WaveEdit Online/Wavetables/SYNLP196.vitaltable	WaveEdit Online (CC0)	4.898	0.570	-2.401	0.224	0.004	1.490	0.009
SYNLP197 WT.xrni	bright and gritty	/home/meneses/.local/share/vital/WaveEdit Online/Wavetables/SYNLP197.vitaltable	WaveEdit Online (CC0)	4.919	0.558	-2.403	0.264	0.022	1.439	0.008
SYNLP2 WT.xrni	bright and gritty	/home/meneses/.local/share/vital/WaveEdit Online/Wavetables/SYNLP2.vitaltable	WaveEdit Online (CC0)	9.088	0.708	-2.116	0.251	0.001	1.418	0.140
SYNLP20 WT.xrni	bright and gritty	/home/meneses/.local/share/vital/WaveEdit Online/Wavetables/SYNLP20.vitaltable	WaveEdit Online (CC0)	21.268	0.624	-1.334	0.283	0.063	1.866	0.017
SYNLP21 WT.xrni	bright and gritty	/home/meneses/.local/share/vital/WaveEdit Online/Wavetables/SYNLP21.vitaltable	WaveEdit Online (CC0)	10.504	0.852	-1.835	0.272	0.009	1.265	0.006
SYNLP22 WT.xrni	bright and gritty	/home/meneses/.local/share/vital/WaveEdit Online/Wavetables/SYNLP22.vitaltable	WaveEdit Online (CC0)	35.544	0.365	-0.373	0.123	0.010	1.368	0.070
SYNLP24 WT.xrni	bright and gritty	/home/meneses/.local/share/vital/WaveEdit Online/Wavetables/SYNLP24.vitaltable	WaveEdit Online (CC0)	47.595	0.524	-0.465	0.212	0.019	1.394	0.088
SYNLP25 WT.xrni	bright and gritty	/home/meneses/.local/share/vital/WaveEdit Online/Wavetables/SYNLP25.vitaltable	WaveEdit Online (CC0)	33.964	0.471	-0.316	0.235	0.001	1.434	0.070
SYNLP26 WT.xrni	bright and gritty	/home/meneses/.local/share/vital/WaveEdit Online/Wavetables/SYNLP26.vitaltable	WaveEdit Online (CC0)	14.478	0.398	-1.902	0.345	0.278	1.566	0.009
SYNLP29 WT.xrni	bright and gritty	/home/meneses/.local/share/vital/WaveEdit Online/Wavetables/SYNLP29.vitaltable	WaveEdit Online (CC0)	51.630	0.410	-0.463	0.151	0.003	1.412	0.101
SYNLP3 WT.xrni	bright and gritty	/home/meneses/.local/share/vital/WaveEdit Online/Wavetables/SYNLP3.vitaltable	WaveEdit Online (CC0)	7.547	0.467	-2.107	0.270	0.002	1.414	0.013
SYNLP30 WT.xrni	bright and gritty	/home/meneses/.local/share/vital/WaveEdit Online/Wavetables/SYNLP30.vitaltable	WaveEdit Online (CC0)	32.222	0.774	-1.133	0.177	0.048	1.561	0.033
SYNLP32 WT.xrni	bright and gritty	/home/meneses/.local/share/vital/WaveEdit Online/Wavetables/SYNLP32.vitaltable	WaveEdit Online (CC0)	20.060	0.739	-0.977	0.244	0.003	1.407	0.029
SYNLP34 WT.xrni	bright and gritty	/home/meneses/.local/share/vital/WaveEdit Online/Wavetables/SYNLP34.vitaltable	WaveEdit Online (CC0)	17.709	0.471	-1.286	0.200	0.019	1.421	0.029
SYNLP36 WT.xrni	bright and gritty	/home/meneses/.local/share/vital/WaveEdit Online/Wavetables/SYNLP36.vitaltable	WaveEdit Online (CC0)	16.945	0.451	-1.533	0.304	0.053	1.459	0.018
SYNLP37 WT.xrni	bright and gritty	/home/meneses/.local/share/vital/WaveEdit Online/Wavetables/SYNLP37.vitaltable	WaveEdit Online (CC0)	9.560	0.649	-2.443	0.215	0.027	1.520	0.009
SYNLP42 WT.xrni	bright and gritty	/home/meneses/.local/share/vital/WaveEdit Online/Wavetables/SYNLP42.vitaltable	WaveEdit Online (CC0)	18.950	0.760	-1.454	0.248	0.006	1.870	0.017
SYNLP46 WT.xrni	bright and gritty	/home/meneses/.local/share/vital/WaveEdit Online/Wavetables/SYNLP46.vitaltable	WaveEdit Online (CC0)	17.923	0.509	-1.358	0.159	0.001	1.417	0.037
SYNLP48 WT.xrni	bright and gritty	/home/meneses/.local/share/vital/WaveEdit Online/Wavetables/SYNLP48.vitaltable	WaveEdit Online (CC0)	14.982	0.678	-1.593	0.231	0.002	1.413	0.030
SYNLP51 WT.xrni	bright and gritty	/home/meneses/.local/share/vital/WaveEdit Online/Wavetables/SYNLP51.vitaltable	WaveEdit Online (CC0)	61.146	0.641	0.687	0.045	0.000	1.449	0.116
SYNLP54 WT.xrni	bright and gritty	/home/meneses/.local/share/vital/WaveEdit Online/Wavetables/SYNLP54.vitaltable	WaveEdit Online (CC0)	8.975	0.575	-2.129	0.290	0.099	1.141	0.017
SYNLP55 WT.xrni	bright and gritty	/home/meneses/.local/share/vital/WaveEdit Online/Wavetables/SYNLP55.vitaltable	WaveEdit Online (CC0)	19.559	0.462	-1.079	0.102	0.123	1.421	0.038
SYNLP65 WT.xrni	bright and gritty	/home/meneses/.local/share/vital/WaveEdit Online/Wavetables/SYNLP65.vitaltable	WaveEdit Online (CC0)	3.024	0.486	-2.419	0.306	0.373	1.337	0.029
SYNLP68 WT.xrni	bright and gritty	/home/meneses/.local/share/vital/WaveEdit Online/Wavetables/SYNLP68.vitaltable	WaveEdit Online (CC0)	34.073	0.581	-0.013	0.099	0.009	1.728	0.052
SYNLP77 WT.xrni	bright and gritty	/home/meneses/.local/share/vital/WaveEdit Online/Wavetables/SYNLP77.vitaltable	WaveEdit Online (CC0)	35.512	0.608	-0.053	0.153	0.001	1.417	0.070
SYNLP78 WT.xrni	bright and gritty	/home/meneses/.local/share/vital/WaveEdit Online/Wavetables/SYNLP78.vitaltable	WaveEdit Online (CC0)	50.605	0.197	0.970	0.155	0.000	1.414	0.099
SYNLP9 WT.xrni	bright and gritty	/home/meneses/.local/share/vital/WaveEdit Online/Wavetables/SYNLP9.vitaltable	WaveEdit Online (CC0)	38.057	0.843	-0.358	0.136	0.013	1.317	0.064
SYNLP91 WT.xrni	bright and gritty	/home/meneses/.local/share/vital/WaveEdit Online/Wavetables/SYNLP91.vitaltable	WaveEdit Online (CC0)	41.467	0.482	0.304	0.182	0.001	1.534	0.073
SYNLP94 WT.xrni	bright and gritty	/home/meneses/.local/share/vital/WaveEdit Online/Wavetables/SYNLP94.vitaltable	WaveEdit Online (CC0)	19.188	0.469	-1.619	0.267	0.142	1.425	0.015
SYNLPG02 WT.xrni	bright and gritty	/home/meneses/.local/share/vital/WaveEdit Online/Wavetables/SYNLPG02.vitaltable	WaveEdit Online (CC0)	12.139	0.625	-1.625	0.166	0.001	1.422	0.020
SYNLPG03 WT.xrni	bright and gritty	/home/meneses/.local/share/vital/WaveEdit Online/Wavetables/SYNLPG03.vitaltable	WaveEdit Online (CC0)	25.358	0.474	-0.555	0.177	0.002	1.413	0.049
SYNLPG06 WT.xrni	bright and gritty	/home/meneses/.local/share/vital/WaveEdit Online/Wavetables/SYNLPG06.vitaltable	WaveEdit Online (CC0)	25.761	0.845	-1.007	0.185	0.044	1.419	0.029
SYNLPG08 WT.xrni	bright and gritty	/home/meneses/.local/share/vital/WaveEdit Online/Wavetables/SYNLPG08.vitaltable	WaveEdit Online (CC0)	20.000	0.508	-0.959	0.272	0.003	1.779	0.019
SYNLPG14 WT.xrni	bright and gritty	/home/meneses/.local/share/vital/WaveEdit Online/Wavetables/SYNLPG14.vitaltable	WaveEdit Online (CC0)	18.711	0.395	-1.242	0.196	0.148	1.169	0.012
SYNTH45 WT.xrni	bright and gritty	/home/meneses/.local/share/vital/nahush2321/Presets/SYNTH45.vital	user/Discord presets (third-party)	29.384	0.604	-1.091	0.435	0.111	2.393	0.012
ScreecherLead WT.xrni	bright and gritty	/home/meneses/.local/share/vital/Growl 4 - Screech Tearout/Presets/ScreecherLead.vital	user/Discord presets (third-party)	53.614	0.768	-0.019	0.511	0.033	2.368	0.067
Shaper Wave1 WT.xrni	bright and gritty	/home/meneses/.local/share/vital/Kimura Taro/Wavetables/Shaper Wave/Shaper Wave1.vitaltable	Kimura Taro (CC0)	26.061	0.777	-1.170	0.307	0.010	2.376	0.019
Shaper Wave2 WT.xrni	bright and gritty	/home/meneses/.local/share/vital/Kimura Taro/Wavetables/Shaper Wave/Shaper Wave2.vitaltable	Kimura Taro (CC0)	12.219	0.559	-1.771	0.153	0.047	1.750	0.013
Shaper Wave4 WT.xrni	bright and gritty	/home/meneses/.local/share/vital/Kimura Taro/Wavetables/Shaper Wave/Shaper Wave4.vitaltable	Kimura Taro (CC0)	6.203	0.404	-2.162	0.267	0.157	2.388	0.004
Shaper Wave5 WT.xrni	bright and gritty	/home/meneses/.local/share/vital/Kimura Taro/Wavetables/Shaper Wave/Shaper Wave5.vitaltable	Kimura Taro (CC0)	7.943	0.498	-1.887	0.308	0.320	2.556	0.003
Shaper Wave6 WT.xrni	bright and gritty	/home/meneses/.local/share/vital/Kimura Taro/Wavetables/Shaper Wave/Shaper Wave6.vitaltable	Kimura Taro (CC0)	3.337	0.475	-2.049	0.258	0.138	1.760	0.003
Synth 23 WT.xrni	bright and gritty	/home/meneses/.local/share/vital/nahush2321/Presets/Synth 23.vital	user/Discord presets (third-party)	8.568	0.759	-1.874	0.393	0.018	1.517	0.005
TIDAL WT.xrni	bright and gritty	/home/meneses/.local/share/vital/WaveEdit Online/Wavetables/TIDAL.vitaltable	WaveEdit Online (CC0)	22.407	0.311	-0.438	0.235	0.000	1.596	0.016
TIDYB002 WT.xrni	bright and gritty	/home/meneses/.local/share/vital/WaveEdit Online/Wavetables/TIDYB002.vitaltable	WaveEdit Online (CC0)	26.015	0.550	-1.425	0.340	0.032	1.805	0.041
TIDYB003 WT.xrni	bright and gritty	/home/meneses/.local/share/vital/WaveEdit Online/Wavetables/TIDYB003.vitaltable	WaveEdit Online (CC0)	24.229	0.518	-1.222	0.264	0.019	1.665	0.040
TIDYB004 WT.xrni	bright and gritty	/home/meneses/.local/share/vital/WaveEdit Online/Wavetables/TIDYB004.vitaltable	WaveEdit Online (CC0)	42.477	0.508	-1.175	0.341	0.039	1.898	0.062
TIDYB005 WT.xrni	bright and gritty	/home/meneses/.local/share/vital/WaveEdit Online/Wavetables/TIDYB005.vitaltable	WaveEdit Online (CC0)	49.344	0.467	-0.865	0.409	0.017	2.416	0.065
TIDYB006 WT.xrni	bright and gritty	/home/meneses/.local/share/vital/WaveEdit Online/Wavetables/TIDYB006.vitaltable	WaveEdit Online (CC0)	13.886	0.401	-1.814	0.326	0.025	1.576	0.021
TIDYB007 WT.xrni	bright and gritty	/home/meneses/.local/share/vital/WaveEdit Online/Wavetables/TIDYB007.vitaltable	WaveEdit Online (CC0)	14.084	0.562	-1.621	0.291	0.046	1.635	0.022
TIDYB008 WT.xrni	bright and gritty	/home/meneses/.local/share/vital/WaveEdit Online/Wavetables/TIDYB008.vitaltable	WaveEdit Online (CC0)	17.405	0.495	-1.531	0.333	0.024	1.611	0.025
TIDYB009 WT.xrni	bright and gritty	/home/meneses/.local/share/vital/WaveEdit Online/Wavetables/TIDYB009.vitaltable	WaveEdit Online (CC0)	22.819	0.472	-1.073	0.326	0.021	1.702	0.030
TIDYB010 WT.xrni	bright and gritty	/home/meneses/.local/share/vital/WaveEdit Online/Wavetables/TIDYB010.vitaltable	WaveEdit Online (CC0)	34.689	0.435	-1.059	0.355	0.016	1.981	0.049
TIDYB011 WT.xrni	bright and gritty	/home/meneses/.local/share/vital/WaveEdit Online/Wavetables/TIDYB011.vitaltable	WaveEdit Online (CC0)	29.234	0.501	-1.031	0.285	0.068	1.672	0.046
TIDYB012 WT.xrni	bright and gritty	/home/meneses/.local/share/vital/WaveEdit Online/Wavetables/TIDYB012.vitaltable	WaveEdit Online (CC0)	23.975	0.507	-1.225	0.255	0.036	1.757	0.036
TIDYB013 WT.xrni	bright and gritty	/home/meneses/.local/share/vital/WaveEdit Online/Wavetables/TIDYB013.vitaltable	WaveEdit Online (CC0)	19.788	0.555	-1.209	0.283	0.064	1.543	0.027
TIDYB014 WT.xrni	bright and gritty	/home/meneses/.local/share/vital/WaveEdit Online/Wavetables/TIDYB014.vitaltable	WaveEdit Online (CC0)	25.496	0.481	-1.482	0.396	0.051	1.686	0.047
TIDYB015 WT.xrni	bright and gritty	/home/meneses/.local/share/vital/WaveEdit Online/Wavetables/TIDYB015.vitaltable	WaveEdit Online (CC0)	26.186	0.521	-1.349	0.393	0.050	1.680	0.046
TIDYB016 WT.xrni	bright and gritty	/home/meneses/.local/share/vital/WaveEdit Online/Wavetables/TIDYB016.vitaltable	WaveEdit Online (CC0)	41.850	0.469	-1.144	0.430	0.041	1.754	0.074
TIDYB018 WT.xrni	bright and gritty	/home/meneses/.local/share/vital/WaveEdit Online/Wavetables/TIDYB018.vitaltable	WaveEdit Online (CC0)	46.676	0.504	-1.090	0.457	0.011	1.631	0.084
TIDYB019 WT.xrni	bright and gritty	/home/meneses/.local/share/vital/WaveEdit Online/Wavetables/TIDYB019.vitaltable	WaveEdit Online (CC0)	37.509	0.527	-1.138	0.424	0.015	1.522	0.064
TIDYB020 WT.xrni	bright and gritty	/home/meneses/.local/share/vital/WaveEdit Online/Wavetables/TIDYB020.vitaltable	WaveEdit Online (CC0)	62.444	0.524	-1.013	0.466	0.023	1.719	0.082
TIDYB023 WT.xrni	bright and gritty	/home/meneses/.local/share/vital/WaveEdit Online/Wavetables/TIDYB023.vitaltable	WaveEdit Online (CC0)	41.786	0.483	-1.146	0.467	0.019	1.626	0.070
TIDYB029 WT.xrni	bright and gritty	/home/meneses/.local/share/vital/WaveEdit Online/Wavetables/TIDYB029.vitaltable	WaveEdit Online (CC0)	44.479	0.534	-1.183	0.496	0.040	1.459	0.084
TIDYB036 WT.xrni	bright and gritty	/home/meneses/.local/share/vital/WaveEdit Online/Wavetables/TIDYB036.vitaltable	WaveEdit Online (CC0)	3.925	0.593	-2.314	0.228	0.323	1.816	0.056
TIDYB040 WT.xrni	bright and gritty	/home/meneses/.local/share/vital/WaveEdit Online/Wavetables/TIDYB040.vitaltable	WaveEdit Online (CC0)	49.374	0.510	-0.936	0.487	0.011	1.566	0.092
TIDYB041 WT.xrni	bright and gritty	/home/meneses/.local/share/vital/WaveEdit Online/Wavetables/TIDYB041.vitaltable	WaveEdit Online (CC0)	49.368	0.506	-0.774	0.454	0.006	1.665	0.085
TIDYB066 WT.xrni	bright and gritty	/home/meneses/.local/share/vital/WaveEdit Online/Wavetables/TIDYB066.vitaltable	WaveEdit Online (CC0)	8.100	0.492	-2.113	0.486	0.041	1.459	0.118
TIDYB073 WT.xrni	bright and gritty	/home/meneses/.local/share/vital/WaveEdit Online/Wavetables/TIDYB073.vitaltable	WaveEdit Online (CC0)	16.294	0.664	-2.226	0.409	0.191	2.020	0.150
TIDYBNK0 WT.xrni	bright and gritty	/home/meneses/.local/share/vital/WaveEdit Online/Wavetables/TIDYBNK0.vitaltable	WaveEdit Online (CC0)	40.997	0.478	-1.377	0.362	0.060	1.562	0.074
Terra Bend_PD WT.xrni	bright and gritty	/home/meneses/.local/share/vital/Kimura Taro/Wavetables/K-Devicees Terra/Terra Bend+PD.vitaltable	Kimura Taro (CC0)	46.164	0.427	-1.137	0.359	0.036	2.113	0.053
Terra CpxMod1 WT.xrni	bright and gritty	/home/meneses/.local/share/vital/Kimura Taro/Wavetables/K-Devicees Terra/Terra CpxMod1.vitaltable	Kimura Taro (CC0)	67.498	0.118	-0.642	0.336	0.001	2.419	0.035
Terra CpxMod2 WT.xrni	bright and gritty	/home/meneses/.local/share/vital/Kimura Taro/Wavetables/K-Devicees Terra/Terra CpxMod2.vitaltable	Kimura Taro (CC0)	23.282	0.321	-1.299	0.322	0.035	1.895	0.018
VMX - Simple Pad WT.xrni	bright and gritty	/home/meneses/.local/share/vital/Vital Harvest/Presets/VMX - Simple Pad.vital	other	5.148	0.532	-1.986	0.276	0.168	1.927	0.006
WAVETABL WT.xrni	bright and gritty	/home/meneses/.local/share/vital/WaveEdit Online/Wavetables/WAVETABL.vitaltable	WaveEdit Online (CC0)	10.612	0.315	-1.801	0.367	0.015	3.074	0.042
WAVETRIP WT.xrni	bright and gritty	/home/meneses/.local/share/vital/WaveEdit Online/Wavetables/WAVETRIP.vitaltable	WaveEdit Online (CC0)	17.179	0.149	-1.610	0.427	0.011	2.679	0.077
WH Dy- WT.xrni	bright and gritty	/home/meneses/.local/share/vital/Kimura Taro/Wavetables/Walsh Function/WH Dy-.vitaltable	Kimura Taro (CC0)	12.134	0.439	-1.639	0.209	0.088	2.282	0.021
WHERE_NO WT.xrni	bright and gritty	/home/meneses/.local/share/vital/WaveEdit Online/Wavetables/WHERE_NO.vitaltable	WaveEdit Online (CC0)	22.941	0.473	-1.122	0.261	0.032	1.660	0.034
WHT- WT.xrni	bright and gritty	/home/meneses/.local/share/vital/Kimura Taro/Wavetables/Walsh Function/WHT-.vitaltable	Kimura Taro (CC0)	30.336	0.556	-1.153	0.332	0.128	2.994	0.028
WHTHad Dy- WT.xrni	bright and gritty	/home/meneses/.local/share/vital/Kimura Taro/Wavetables/Walsh Function/WHTHad Dy-.vitaltable	Kimura Taro (CC0)	16.064	0.601	-1.725	0.421	0.112	1.466	0.023
Wub - Playa Hater 02 WT.xrni	bright and gritty	/home/meneses/.local/share/vital/VitalPresets/Presets/Wub - Playa Hater 02.vital	user/Discord presets (third-party)	16.046	0.549	-1.691	0.278	0.072	1.919	0.010
Wub Saight WT.xrni	bright and gritty	/home/meneses/.local/share/vital/VitalPresets/Presets/Wub Saight.vital	user/Discord presets (third-party)	25.452	0.723	0.149	0.408	0.000	2.490	0.052
_D_ ADPR - Pisser WT.xrni	bright and gritty	/home/meneses/.local/share/vital/Vital Harvest/Presets/_D_ ADPR - Pisser.vital	other	30.157	0.531	-1.352	0.390	0.017	1.042	0.005
_Metallic Ambient Drone WT.xrni	bright and gritty	/home/meneses/.local/share/vital/Vital Harvest/Presets/_Metallic Ambient Drone.vital	other	10.944	0.362	0.249	0.455	0.000	2.762	0.002
abs1 WT.xrni	bright and gritty	/home/meneses/.local/share/vital/Kimura Taro/Wavetables/abs/abs1.vitaltable	Kimura Taro (CC0)	9.304	0.609	-2.046	0.285	0.306	3.099	0.007
abs5 WT.xrni	bright and gritty	/home/meneses/.local/share/vital/Kimura Taro/Wavetables/abs/abs5.vitaltable	Kimura Taro (CC0)	14.857	0.547	-1.704	0.386	0.026	2.177	0.011
atmosexp2.1 WT.xrni	bright and gritty	/home/meneses/.local/share/vital/Vital Harvest/Presets/atmosexp2.1.vital	other	2.282	0.562	-2.423	0.291	0.310	2.086	0.006
ba.007 WT.xrni	bright and gritty	/home/meneses/.local/share/vital/qub1t/Presets/ba.007.vital	user/Discord presets (third-party)	6.124	0.555	-1.849	0.210	0.348	1.410	0.010
ba.008 WT.xrni	bright and gritty	/home/meneses/.local/share/vital/qub1t/Presets/ba.008.vital	user/Discord presets (third-party)	4.912	0.526	-2.186	0.194	0.177	1.701	0.006
bwap WT.xrni	bright and gritty	/home/meneses/.local/share/vital/Vital Harvest/Presets/bwap.vital	other	5.574	0.592	-1.826	0.373	0.177	1.774	0.052
chords 233 WT.xrni	bright and gritty	/home/meneses/.local/share/vital/nahush2321/Presets/chords 233.vital	user/Discord presets (third-party)	20.015	0.426	-1.683	0.431	0.095	1.991	0.007
crazydnb WT.xrni	bright and gritty	/home/meneses/.local/share/vital/Vital Harvest/Presets/crazydnb.vital	other	12.252	0.190	-1.832	0.445	0.016	3.794	0.009
go ahead make my day- WT.xrni	bright and gritty	/home/meneses/.local/share/vital/Kimura Taro/Wavetables/Walsh Function/go ahead make my day-.vitaltable	Kimura Taro (CC0)	55.610	0.539	-0.512	0.293	0.002	3.248	0.011
kaleidoscope WT.xrni	bright and gritty	/home/meneses/.local/share/vital/Vital Harvest/Presets/kaleidoscope.vital	other	17.916	0.516	-1.629	0.479	0.254	2.100	0.018
ky.010 WT.xrni	bright and gritty	/home/meneses/.local/share/vital/qub1t/Presets/ky.010.vital	user/Discord presets (third-party)	88.760	0.091	-0.131	0.298	0.000	2.727	0.064
new 5 WT.xrni	bright and gritty	/home/meneses/.local/share/vital/nahush2321/Wavetables/new 5.vitaltable	user/Discord presets (third-party)	12.763	0.534	-1.775	0.313	0.325	2.016	0.018
new wave 232 WT.xrni	bright and gritty	/home/meneses/.local/share/vital/nahush2321/Wavetables/new wave 232.vitaltable	user/Discord presets (third-party)	10.111	0.490	-2.274	0.459	0.234	2.603	0.007
new wave 8 WT.xrni	bright and gritty	/home/meneses/.local/share/vital/nahush2321/Wavetables/new wave 8.vitaltable	user/Discord presets (third-party)	7.362	0.442	-2.104	0.340	0.308	1.680	0.009
nintendosoundesigner III WT.xrni	bright and gritty	/home/meneses/.local/share/vital/Vital Harvest/Presets/nintendosoundesigner III.vital	other	17.076	0.471	-1.406	0.462	0.004	1.419	0.031
pd.017 WT.xrni	bright and gritty	/home/meneses/.local/share/vital/qub1t/Presets/pd.017.vital	user/Discord presets (third-party)	12.252	0.190	-1.832	0.449	0.016	3.794	0.009
preset that always sounds different WT.xrni	bright and gritty	/home/meneses/.local/share/vital/Vital Harvest/Presets/preset that always sounds different.vital	other	11.659	0.585	-1.429	0.316	0.295	2.086	0.007
some feelings WT.xrni	bright and gritty	/home/meneses/.local/share/vital/nahush2321/Presets/some feelings.vital	user/Discord presets (third-party)	7.686	0.463	-2.951	0.370	0.157	2.166	0.006
something WT.xrni	bright and gritty	/home/meneses/.local/share/vital/nahush2321/Presets/something.vital	user/Discord presets (third-party)	21.263	0.129	-1.414	0.474	0.005	1.679	0.008
sw.004 WT.xrni	bright and gritty	/home/meneses/.local/share/vital/qub1t/Presets/sw.004.vital	user/Discord presets (third-party)	8.646	0.422	-1.691	0.124	0.095	1.953	0.031
white noise groove WT.xrni	bright and gritty	/home/meneses/.local/share/vital/Vital Harvest/Presets/white noise groove.vital	other	29.660	0.487	-1.149	0.561	0.066	2.967	0.025
Higher Snare WT.xrni	impulses and clicks	/home/meneses/.local/share/vital/Vital Harvest/Presets/Higher Snare.vital	other	513.340	0.491	0.229	0.405	0.001	21.490	0.039
Noise WalshDY WT.xrni	impulses and clicks	/home/meneses/.local/share/vital/Kimura Taro/Wavetables/Noise/Noise WalshDY.vitaltable	Kimura Taro (CC0)	498.336	0.524	-0.120	0.838	0.001	26.523	0.032
my earsssss WT.xrni	impulses and clicks	/home/meneses/.local/share/vital/Vital Harvest/Presets/my earsssss.vital	other	512.500	0.500	0.000	1.000	0.001	39.872	0.002
259E-G5 WT.xrni	metallic and FM	/home/meneses/.local/share/vital/Kimura Taro/Wavetables/Softbe Modular/259E-G5.vitaltable	Kimura Taro (CC0)	112.505	0.520	-0.155	0.008	0.006	2.597	0.111
259E-G7 WT.xrni	metallic and FM	/home/meneses/.local/share/vital/Kimura Taro/Wavetables/Softbe Modular/259E-G7.vitaltable	Kimura Taro (CC0)	87.632	0.492	-0.643	0.010	0.012	3.801	0.055
259e-R7 WT.xrni	metallic and FM	/home/meneses/.local/share/vital/Kimura Taro/Wavetables/Buchla 259e-Red/259e-R7.vitaltable	Kimura Taro (CC0)	10.797	0.545	-1.893	0.133	0.161	4.798	0.002
A4PWM WT.xrni	metallic and FM	/home/meneses/.local/share/vital/Kimura Taro/Wavetables/AnalogFour/A4PWM.vitaltable	Kimura Taro (CC0)	8.669	0.524	-1.759	0.012	0.238	5.378	0.002
A4SawLPF WT.xrni	metallic and FM	/home/meneses/.local/share/vital/Kimura Taro/Wavetables/AnalogFour/A4SawLPF.vitaltable	Kimura Taro (CC0)	6.961	0.550	-2.354	0.005	0.185	5.781	0.001
A4SawPWM WT.xrni	metallic and FM	/home/meneses/.local/share/vital/Kimura Taro/Wavetables/AnalogFour/A4SawPWM.vitaltable	Kimura Taro (CC0)	9.513	0.576	-1.762	0.010	0.230	4.387	0.003
A4SyncTrPulse WT.xrni	metallic and FM	/home/meneses/.local/share/vital/Kimura Taro/Wavetables/AnalogFour/A4SyncTrPulse.vitaltable	Kimura Taro (CC0)	9.478	0.518	-1.691	0.060	0.001	2.480	0.007
A4TrPulseLPF WT.xrni	metallic and FM	/home/meneses/.local/share/vital/Kimura Taro/Wavetables/AnalogFour/A4TrPulseLPF.vitaltable	Kimura Taro (CC0)	8.759	0.498	-2.011	0.009	0.027	5.066	0.002
A4TranPulse WT.xrni	metallic and FM	/home/meneses/.local/share/vital/Kimura Taro/Wavetables/AnalogFour/A4TranPulse.vitaltable	Kimura Taro (CC0)	11.572	0.501	-1.773	0.011	0.039	5.567	0.002
A4TriPWM WT.xrni	metallic and FM	/home/meneses/.local/share/vital/Kimura Taro/Wavetables/AnalogFour/A4TriPWM.vitaltable	Kimura Taro (CC0)	6.501	0.664	-1.903	0.012	0.419	4.970	0.002
ACID_SP WT.xrni	metallic and FM	/home/meneses/.local/share/vital/WaveEdit Online/Wavetables/ACID_SP.vitaltable	WaveEdit Online (CC0)	69.489	0.511	-1.443	0.306	0.005	3.942	0.051
ADPR - Corrosion WT.xrni	metallic and FM	/home/meneses/.local/share/vital/Growl 4 - Screech Tearout/Presets/ADPR - Corrosion.vital	user/Discord presets (third-party)	18.860	0.987	-1.271	0.218	0.030	4.238	0.014
AudacityPluck Bell WT.xrni	metallic and FM	/home/meneses/.local/share/vital/Kimura Taro/Wavetables/Audacity/AudacityPluck Bell.vitaltable	Kimura Taro (CC0)	43.511	0.447	-2.557	0.015	0.146	3.113	0.059
AudacityPluck Harm WT.xrni	metallic and FM	/home/meneses/.local/share/vital/Kimura Taro/Wavetables/Audacity/AudacityPluck Harm.vitaltable	Kimura Taro (CC0)	130.005	1.000	-1.311	0.000	0.018	3.230	0.113
BANK_A WT.xrni	metallic and FM	/home/meneses/.local/share/vital/WaveEdit Online/Wavetables/BANK_A.vitaltable	WaveEdit Online (CC0)	36.570	0.372	-0.517	0.043	0.001	2.050	0.065
Bass - Nerdy WT.xrni	metallic and FM	/home/meneses/.local/share/vital/Vital Harvest/Presets/Bass - Nerdy.vital	other	22.933	0.601	-0.815	0.012	0.002	2.935	0.018
BassTables 18 WT.xrni	metallic and FM	/home/meneses/Projects/renoise/wavetable-packs/basstables-v1/BassTables/BassTables 18.wav	BassTables (free use license)	40.506	0.530	-0.405	0.175	0.004	3.590	0.041
BassTables 23 WT.xrni	metallic and FM	/home/meneses/Projects/renoise/wavetable-packs/basstables-v1/BassTables/BassTables 23.wav	BassTables (free use license)	12.718	0.494	-1.862	0.016	0.007	3.422	0.011
BassTables 25 WT.xrni	metallic and FM	/home/meneses/Projects/renoise/wavetable-packs/basstables-v1/BassTables/BassTables 25.wav	BassTables (free use license)	24.458	0.633	-0.754	0.111	0.464	2.694	0.029
BassTables 28 WT.xrni	metallic and FM	/home/meneses/Projects/renoise/wavetable-packs/basstables-v1/BassTables/BassTables 28.wav	BassTables (free use license)	43.104	0.494	-0.614	0.146	0.015	2.547	0.048
BassTables 29 WT.xrni	metallic and FM	/home/meneses/Projects/renoise/wavetable-packs/basstables-v1/BassTables/BassTables 29.wav	BassTables (free use license)	52.587	0.572	-0.214	0.140	0.019	2.799	0.055
Bells - Downhill WT.xrni	metallic and FM	/home/meneses/.local/share/vital/Vital Harvest/Presets/Bells - Downhill.vital	other	29.200	0.595	-0.613	0.000	0.000	2.527	0.036
Big Deal WT.xrni	metallic and FM	/home/meneses/.local/share/vital/Vital Harvest/Presets/Big Deal.vital	other	6.771	0.356	-1.938	0.167	0.287	3.007	0.002
Bounce WT.xrni	metallic and FM	/home/meneses/.local/share/vital/nahush2321/Presets/Bounce.vital	user/Discord presets (third-party)	55.446	0.544	0.058	0.191	0.000	4.248	0.035
CC_Dark Ambient Drone_PresetPack_2 WT.xrni	metallic and FM	/home/meneses/.local/share/vital/Vital Harvest/Presets/CC_Dark Ambient Drone_PresetPack_2.vital	other	21.436	0.456	-0.582	0.132	0.008	3.826	0.032
CZ Reso2 WT.xrni	metallic and FM	/home/meneses/.local/share/vital/Kimura Taro/Wavetables/CZ Reso/CZ Reso2.vitaltable	Kimura Taro (CC0)	23.355	0.512	-1.765	0.070	0.022	3.252	0.017
CZ Reso3 WT.xrni	metallic and FM	/home/meneses/.local/share/vital/Kimura Taro/Wavetables/CZ Reso/CZ Reso3.vitaltable	Kimura Taro (CC0)	30.940	0.506	-0.563	0.355	0.001	5.128	0.014
CZ Reso4 WT.xrni	metallic and FM	/home/meneses/.local/share/vital/Kimura Taro/Wavetables/CZ Reso/CZ Reso4.vitaltable	Kimura Taro (CC0)	15.034	0.502	-0.683	0.057	0.003	3.168	0.012
Cant Give Up 1-16th WT.xrni	metallic and FM	/home/meneses/.local/share/vital/Vital Harvest/Presets/Cant Give Up 1-16th.vital	other	4.794	0.424	-2.005	0.124	0.166	3.330	0.003
Cherry Blossom Bells WT.xrni	metallic and FM	/home/meneses/.local/share/vital/VitalBank/Presets/Cherry Blossom Bells.vital	other	10.236	0.496	-2.922	0.000	0.085	3.928	0.004
D ADPR - True Wub WT.xrni	metallic and FM	/home/meneses/.local/share/vital/Growl 2 - Talking Yoi/Presets/D ADPR - True Wub.vital	user/Discord presets (third-party)	28.120	0.867	-1.065	0.106	0.058	2.802	0.046
DSPWF4bit WT.xrni	metallic and FM	/home/meneses/.local/share/vital/Kimura Taro/Wavetables/DSP Wavefolder/DSPWF4bit.vitaltable	Kimura Taro (CC0)	57.762	0.410	-1.115	0.009	0.128	2.852	0.066
Dampé WT.xrni	metallic and FM	/home/meneses/.local/share/vital/VitalBank/Presets/Dampé.vital	other	17.271	0.765	-1.451	0.052	0.013	2.541	0.022
Dark Step WT.xrni	metallic and FM	/home/meneses/.local/share/vital/Vital Harvest/Presets/Dark Step.vital	other	11.547	0.473	-2.724	0.002	0.040	5.031	0.004
DarkSynth1 WT.xrni	metallic and FM	/home/meneses/.local/share/vital/Kimura Taro/Wavetables/AmaizingNoises DarkSynth/DarkSynth1.vitaltable	Kimura Taro (CC0)	22.621	0.469	-1.592	0.004	0.000	5.374	0.008
DarkSynth3 WT.xrni	metallic and FM	/home/meneses/.local/share/vital/Kimura Taro/Wavetables/AmaizingNoises DarkSynth/DarkSynth3.vitaltable	Kimura Taro (CC0)	113.471	0.734	-0.011	0.009	0.000	5.782	0.026
DarkSynth3FM WT.xrni	metallic and FM	/home/meneses/.local/share/vital/Kimura Taro/Wavetables/AmaizingNoises DarkSynth/DarkSynth3FM.vitaltable	Kimura Taro (CC0)	118.024	0.722	0.508	0.010	0.000	4.485	0.035
DarkSynth4 WT.xrni	metallic and FM	/home/meneses/.local/share/vital/Kimura Taro/Wavetables/AmaizingNoises DarkSynth/DarkSynth4.vitaltable	Kimura Taro (CC0)	9.725	0.666	-1.498	0.008	0.504	3.724	0.008
DirtyHarry 8bit WT.xrni	metallic and FM	/home/meneses/.local/share/vital/Kimura Taro/Wavetables/Vocorder/DirtyHarry 8bit.vitaltable	Kimura Taro (CC0)	10.792	0.587	-1.769	0.038	0.285	3.347	0.002
DirtyHarry WT.xrni	metallic and FM	/home/meneses/.local/share/vital/Kimura Taro/Wavetables/Vocorder/DirtyHarry.vitaltable	Kimura Taro (CC0)	8.571	0.586	-1.931	0.060	0.230	3.628	0.000
ELOB_A WT.xrni	metallic and FM	/home/meneses/.local/share/vital/WaveEdit Online/Wavetables/ELOB_A.vitaltable	WaveEdit Online (CC0)	20.443	0.494	-1.493	0.101	0.035	3.261	0.041
ESW Basics - Saw Dual 03 WT.xrni	metallic and FM	/home/meneses/Projects/renoise/wavetable-packs/esw/Echo Sound Works Core Tables/Basics/ESW Basics - Saw Dual 03.wav	Echo Sound Works Core (free pack)	9.191	0.679	-1.662	0.025	0.464	3.495	0.004
ESW Basics - Saw Fifth 01 WT.xrni	metallic and FM	/home/meneses/Projects/renoise/wavetable-packs/esw/Echo Sound Works Core Tables/Basics/ESW Basics - Saw Fifth 01.wav	Echo Sound Works Core (free pack)	7.203	0.476	-2.131	0.084	0.059	2.842	0.006
ESW Basics - Saw Fifth 02 WT.xrni	metallic and FM	/home/meneses/Projects/renoise/wavetable-packs/esw/Echo Sound Works Core Tables/Basics/ESW Basics - Saw Fifth 02.wav	Echo Sound Works Core (free pack)	13.313	0.651	-1.631	0.026	0.261	3.055	0.011
ESW Basics - Saw Fifth 03 WT.xrni	metallic and FM	/home/meneses/Projects/renoise/wavetable-packs/esw/Echo Sound Works Core Tables/Basics/ESW Basics - Saw Fifth 03.wav	Echo Sound Works Core (free pack)	14.242	0.388	-1.643	0.044	0.253	2.965	0.011
ESW Digital - Angry 02 WT.xrni	metallic and FM	/home/meneses/Projects/renoise/wavetable-packs/esw/Echo Sound Works Core Tables/Digital/ESW Digital - Angry 02.wav	Echo Sound Works Core (free pack)	23.120	0.502	-1.071	0.140	0.202	3.776	0.017
ESW Digital - Aries WT.xrni	metallic and FM	/home/meneses/Projects/renoise/wavetable-packs/esw/Echo Sound Works Core Tables/Digital/ESW Digital - Aries.wav	Echo Sound Works Core (free pack)	11.854	0.553	-1.774	0.061	0.209	3.164	0.011
ESW Digital - Astro Scorpio WT.xrni	metallic and FM	/home/meneses/Projects/renoise/wavetable-packs/esw/Echo Sound Works Core Tables/Digital/ESW Digital - Astro Scorpio.wav	Echo Sound Works Core (free pack)	21.865	0.496	-1.137	0.115	0.103	3.613	0.014
ESW Digital - Bass Angry 01 WT.xrni	metallic and FM	/home/meneses/Projects/renoise/wavetable-packs/esw/Echo Sound Works Core Tables/Digital/ESW Digital - Bass Angry 01.wav	Echo Sound Works Core (free pack)	24.148	0.511	-1.022	0.102	0.199	4.535	0.014
ESW Digital - Bit Bass WT.xrni	metallic and FM	/home/meneses/Projects/renoise/wavetable-packs/esw/Echo Sound Works Core Tables/Digital/ESW Digital - Bit Bass.wav	Echo Sound Works Core (free pack)	17.177	0.508	-1.506	0.109	0.012	3.995	0.011
ESW Digital - Complex Saw 01 WT.xrni	metallic and FM	/home/meneses/Projects/renoise/wavetable-packs/esw/Echo Sound Works Core Tables/Digital/ESW Digital - Complex Saw 01.wav	Echo Sound Works Core (free pack)	7.613	0.502	-2.283	0.005	0.181	3.209	0.008
ESW Digital - Filter Sweep Pulse WT.xrni	metallic and FM	/home/meneses/Projects/renoise/wavetable-packs/esw/Echo Sound Works Core Tables/Digital/ESW Digital - Filter Sweep Pulse.wav	Echo Sound Works Core (free pack)	8.320	0.512	-2.413	0.012	0.025	3.256	0.006
ESW Digital - Gruff Throat WT.xrni	metallic and FM	/home/meneses/Projects/renoise/wavetable-packs/esw/Echo Sound Works Core Tables/Digital/ESW Digital - Gruff Throat.wav	Echo Sound Works Core (free pack)	12.105	0.566	-1.585	0.098	0.177	2.605	0.013
ESW Digital - Leo WT.xrni	metallic and FM	/home/meneses/Projects/renoise/wavetable-packs/esw/Echo Sound Works Core Tables/Digital/ESW Digital - Leo.wav	Echo Sound Works Core (free pack)	11.698	0.544	-1.792	0.140	0.096	3.551	0.015
ESW Digital - Libra WT.xrni	metallic and FM	/home/meneses/Projects/renoise/wavetable-packs/esw/Echo Sound Works Core Tables/Digital/ESW Digital - Libra.wav	Echo Sound Works Core (free pack)	10.783	0.500	-2.595	0.029	0.018	3.447	0.006
ESW Digital - Roboto WT.xrni	metallic and FM	/home/meneses/Projects/renoise/wavetable-packs/esw/Echo Sound Works Core Tables/Digital/ESW Digital - Roboto.wav	Echo Sound Works Core (free pack)	30.379	0.527	-1.950	0.059	0.004	5.384	0.011
ESW Digital - Sync Ring WT.xrni	metallic and FM	/home/meneses/Projects/renoise/wavetable-packs/esw/Echo Sound Works Core Tables/Digital/ESW Digital - Sync Ring.wav	Echo Sound Works Core (free pack)	8.288	0.510	-2.036	0.089	0.034	3.005	0.009
ESW Digital - Taurus WT.xrni	metallic and FM	/home/meneses/Projects/renoise/wavetable-packs/esw/Echo Sound Works Core Tables/Digital/ESW Digital - Taurus.wav	Echo Sound Works Core (free pack)	14.703	0.504	-1.637	0.053	0.028	3.292	0.014
ESW Digital - Throaty WT.xrni	metallic and FM	/home/meneses/Projects/renoise/wavetable-packs/esw/Echo Sound Works Core Tables/Digital/ESW Digital - Throaty.wav	Echo Sound Works Core (free pack)	22.862	0.640	-0.626	0.233	0.203	3.036	0.022
ESW FM - Sticky WT.xrni	metallic and FM	/home/meneses/Projects/renoise/wavetable-packs/esw/Echo Sound Works Core Tables/FM/ESW FM - Sticky.wav	Echo Sound Works Core (free pack)	15.461	0.793	-1.710	0.004	0.118	3.391	0.012
ESW Growl - Dino WT.xrni	metallic and FM	/home/meneses/Projects/renoise/wavetable-packs/esw/Echo Sound Works Core Tables/Growl/ESW Growl - Dino.wav	Echo Sound Works Core (free pack)	53.467	0.551	-0.997	0.225	0.093	3.374	0.058
ESW Growl - Engine Noise WT.xrni	metallic and FM	/home/meneses/Projects/renoise/wavetable-packs/esw/Echo Sound Works Core Tables/Growl/ESW Growl - Engine Noise.wav	Echo Sound Works Core (free pack)	55.445	0.544	0.058	0.191	0.000	4.248	0.035
ESW Growl - Grizzly WT.xrni	metallic and FM	/home/meneses/Projects/renoise/wavetable-packs/esw/Echo Sound Works Core Tables/Growl/ESW Growl - Grizzly.wav	Echo Sound Works Core (free pack)	17.271	0.765	-1.451	0.052	0.013	2.541	0.022
ESW Growl - Mission WT.xrni	metallic and FM	/home/meneses/Projects/renoise/wavetable-packs/esw/Echo Sound Works Core Tables/Growl/ESW Growl - Mission.wav	Echo Sound Works Core (free pack)	19.702	0.448	-1.350	0.201	0.046	3.379	0.024
ESW Growl - Monsters WT.xrni	metallic and FM	/home/meneses/Projects/renoise/wavetable-packs/esw/Echo Sound Works Core Tables/Growl/ESW Growl - Monsters.wav	Echo Sound Works Core (free pack)	10.393	0.558	-1.443	0.171	0.248	3.117	0.007
ESW Growl - Ugh WT.xrni	metallic and FM	/home/meneses/Projects/renoise/wavetable-packs/esw/Echo Sound Works Core Tables/Growl/ESW Growl - Ugh.wav	Echo Sound Works Core (free pack)	25.424	0.577	-1.508	0.088	0.257	3.214	0.029
ESW Growl - Vocal Nodes WT.xrni	metallic and FM	/home/meneses/Projects/renoise/wavetable-packs/esw/Echo Sound Works Core Tables/Growl/ESW Growl - Vocal Nodes.wav	Echo Sound Works Core (free pack)	38.141	0.792	-0.582	0.071	0.021	7.787	0.013
ESW Growl - We Wow WT.xrni	metallic and FM	/home/meneses/Projects/renoise/wavetable-packs/esw/Echo Sound Works Core Tables/Growl/ESW Growl - We Wow.wav	Echo Sound Works Core (free pack)	19.867	0.512	-0.717	0.159	0.002	3.009	0.015
ESW One Shot - LD Busy WT.xrni	metallic and FM	/home/meneses/Projects/renoise/wavetable-packs/esw/Echo Sound Works Core Tables/Synth One Shots/ESW One Shot - LD Busy.wav	Echo Sound Works Core (free pack)	12.589	0.364	-1.710	0.093	0.000	2.758	0.003
ESW Spectral - Bearish WT.xrni	metallic and FM	/home/meneses/Projects/renoise/wavetable-packs/esw/Echo Sound Works Core Tables/Spectral/ESW Spectral - Bearish.wav	Echo Sound Works Core (free pack)	23.188	0.691	-0.480	0.136	0.443	3.117	0.032
ESW Spectral - Burpie WT.xrni	metallic and FM	/home/meneses/Projects/renoise/wavetable-packs/esw/Echo Sound Works Core Tables/Spectral/ESW Spectral - Burpie.wav	Echo Sound Works Core (free pack)	54.102	0.164	-0.223	0.160	0.000	3.838	0.030
ESW Spectral - Kronk WT.xrni	metallic and FM	/home/meneses/Projects/renoise/wavetable-packs/esw/Echo Sound Works Core Tables/Spectral/ESW Spectral - Kronk.wav	Echo Sound Works Core (free pack)	21.929	0.664	-0.754	0.205	0.499	3.598	0.024
ESW Spectral - Ring Mod WT.xrni	metallic and FM	/home/meneses/Projects/renoise/wavetable-packs/esw/Echo Sound Works Core Tables/Spectral/ESW Spectral - Ring Mod.wav	Echo Sound Works Core (free pack)	8.557	0.530	-1.661	0.034	0.002	2.697	0.012
ESW Spectral - Robo Cop WT.xrni	metallic and FM	/home/meneses/Projects/renoise/wavetable-packs/esw/Echo Sound Works Core Tables/Spectral/ESW Spectral - Robo Cop.wav	Echo Sound Works Core (free pack)	54.105	0.164	-0.223	0.162	0.000	3.878	0.034
ESW Spectral - Stubble WT.xrni	metallic and FM	/home/meneses/Projects/renoise/wavetable-packs/esw/Echo Sound Works Core Tables/Spectral/ESW Spectral - Stubble.wav	Echo Sound Works Core (free pack)	57.638	0.509	-0.515	0.137	0.000	4.032	0.032
ESW Spectral - Yayiiii WT.xrni	metallic and FM	/home/meneses/Projects/renoise/wavetable-packs/esw/Echo Sound Works Core Tables/Spectral/ESW Spectral - Yayiiii.wav	Echo Sound Works Core (free pack)	26.125	0.507	-1.670	0.084	0.001	2.979	0.015
ESW Vocal -  AhWoYeYo WT.xrni	metallic and FM	/home/meneses/Projects/renoise/wavetable-packs/esw/Echo Sound Works Core Tables/Vocal/ESW Vocal -  AhWoYeYo.wav	Echo Sound Works Core (free pack)	12.090	0.463	-1.921	0.173	0.000	3.443	0.005
ESW Vocal - Ah 02 WT.xrni	metallic and FM	/home/meneses/Projects/renoise/wavetable-packs/esw/Echo Sound Works Core Tables/Vocal/ESW Vocal - Ah 02.wav	Echo Sound Works Core (free pack)	9.824	0.529	-2.348	0.072	0.161	3.613	0.014
ESW Vocal - Ahhh 01 WT.xrni	metallic and FM	/home/meneses/Projects/renoise/wavetable-packs/esw/Echo Sound Works Core Tables/Vocal/ESW Vocal - Ahhh 01.wav	Echo Sound Works Core (free pack)	16.228	0.506	-2.425	0.060	0.002	3.711	0.009
ESW Vocal - Blowing It WT.xrni	metallic and FM	/home/meneses/Projects/renoise/wavetable-packs/esw/Echo Sound Works Core Tables/Vocal/ESW Vocal - Blowing It.wav	Echo Sound Works Core (free pack)	17.007	0.659	-0.813	0.089	0.247	2.892	0.000
ESW Vocal - Bright Vowel WT.xrni	metallic and FM	/home/meneses/Projects/renoise/wavetable-packs/esw/Echo Sound Works Core Tables/Vocal/ESW Vocal - Bright Vowel.wav	Echo Sound Works Core (free pack)	8.769	0.538	-2.167	0.149	0.060	2.716	0.007
ESW Vocal - Digital Vowels WT.xrni	metallic and FM	/home/meneses/Projects/renoise/wavetable-packs/esw/Echo Sound Works Core Tables/Vocal/ESW Vocal - Digital Vowels.wav	Echo Sound Works Core (free pack)	15.278	0.499	-2.111	0.010	0.001	3.233	0.009
ESW Vocal - Flight Ahh WT.xrni	metallic and FM	/home/meneses/Projects/renoise/wavetable-packs/esw/Echo Sound Works Core Tables/Vocal/ESW Vocal - Flight Ahh.wav	Echo Sound Works Core (free pack)	9.097	0.497	-2.662	0.021	0.014	3.185	0.007
ESW Vocal - Formant Bot 01 WT.xrni	metallic and FM	/home/meneses/Projects/renoise/wavetable-packs/esw/Echo Sound Works Core Tables/Vocal/ESW Vocal - Formant Bot 01.wav	Echo Sound Works Core (free pack)	55.024	0.540	-0.111	0.070	0.006	4.812	0.009
ESW Vocal - Formant Bot 02 WT.xrni	metallic and FM	/home/meneses/Projects/renoise/wavetable-packs/esw/Echo Sound Works Core Tables/Vocal/ESW Vocal - Formant Bot 02.wav	Echo Sound Works Core (free pack)	19.001	0.496	-1.115	0.084	0.011	3.454	0.008
ESW Vocal - Formant Bot 05 WT.xrni	metallic and FM	/home/meneses/Projects/renoise/wavetable-packs/esw/Echo Sound Works Core Tables/Vocal/ESW Vocal - Formant Bot 05.wav	Echo Sound Works Core (free pack)	20.375	0.645	-1.288	0.027	0.278	3.054	0.023
ESW Vocal - Monks WT.xrni	metallic and FM	/home/meneses/Projects/renoise/wavetable-packs/esw/Echo Sound Works Core Tables/Vocal/ESW Vocal - Monks.wav	Echo Sound Works Core (free pack)	15.193	0.471	-0.599	0.197	0.000	5.043	0.006
ESW Vocal - Multi Vowel WT.xrni	metallic and FM	/home/meneses/Projects/renoise/wavetable-packs/esw/Echo Sound Works Core Tables/Vocal/ESW Vocal - Multi Vowel.wav	Echo Sound Works Core (free pack)	9.396	0.435	-2.541	0.129	0.052	3.858	0.004
ESW Vocal - Nasal 01 WT.xrni	metallic and FM	/home/meneses/Projects/renoise/wavetable-packs/esw/Echo Sound Works Core Tables/Vocal/ESW Vocal - Nasal 01.wav	Echo Sound Works Core (free pack)	10.743	0.528	-1.747	0.027	0.215	3.086	0.011
ESW Vocal - Now WT.xrni	metallic and FM	/home/meneses/Projects/renoise/wavetable-packs/esw/Echo Sound Works Core Tables/Vocal/ESW Vocal - Now.wav	Echo Sound Works Core (free pack)	12.162	0.514	-1.988	0.024	0.007	3.303	0.002
ESW Vocal - Serum Voice 04 WT.xrni	metallic and FM	/home/meneses/Projects/renoise/wavetable-packs/esw/Echo Sound Works Core Tables/Vocal/ESW Vocal - Serum Voice 04.wav	Echo Sound Works Core (free pack)	12.532	0.526	-1.386	0.049	0.001	2.758	0.009
ESW Vocal - Serum Voice 05 WT.xrni	metallic and FM	/home/meneses/Projects/renoise/wavetable-packs/esw/Echo Sound Works Core Tables/Vocal/ESW Vocal - Serum Voice 05.wav	Echo Sound Works Core (free pack)	27.781	0.429	-0.739	0.137	0.003	3.142	0.015
ESW Vocal - Serum Voice 06 WT.xrni	metallic and FM	/home/meneses/Projects/renoise/wavetable-packs/esw/Echo Sound Works Core Tables/Vocal/ESW Vocal - Serum Voice 06.wav	Echo Sound Works Core (free pack)	32.147	0.503	-0.588	0.076	0.020	3.758	0.023
ESW Vocal - Vowel Sweep WT.xrni	metallic and FM	/home/meneses/Projects/renoise/wavetable-packs/esw/Echo Sound Works Core Tables/Vocal/ESW Vocal - Vowel Sweep.wav	Echo Sound Works Core (free pack)	8.178	0.463	-2.226	0.149	0.071	2.721	0.007
FMFold WT.xrni	metallic and FM	/home/meneses/.local/share/vital/Kimura Taro/Wavetables/Waveshaper/FMFold.vitaltable	Kimura Taro (CC0)	21.210	0.560	-1.046	0.006	0.101	2.070	0.033
FoldRing FM WT.xrni	metallic and FM	/home/meneses/.local/share/vital/Kimura Taro/Wavetables/Waveshaper/FoldRing FM.vitaltable	Kimura Taro (CC0)	41.934	0.479	-0.682	0.007	0.027	3.135	0.032
FoldRing WT.xrni	metallic and FM	/home/meneses/.local/share/vital/Kimura Taro/Wavetables/Waveshaper/FoldRing.vitaltable	Kimura Taro (CC0)	29.613	0.556	-0.611	0.006	0.064	3.137	0.022
FormantStep WT.xrni	metallic and FM	/home/meneses/.local/share/vital/Kimura Taro/Wavetables/FormantStep/FormantStep.vitaltable	Kimura Taro (CC0)	26.868	0.517	-0.506	0.009	0.001	3.556	0.012
Fourier1 WT.xrni	metallic and FM	/home/meneses/.local/share/vital/Kimura Taro/Wavetables/ck.fourier 1.0/Fourier1.vitaltable	Kimura Taro (CC0)	29.792	0.510	-0.325	0.008	0.000	4.560	0.010
GMa Vowel WT.xrni	metallic and FM	/home/meneses/.local/share/vital/Kimura Taro/Wavetables/GMa Vowel/GMa Vowel.vitaltable	Kimura Taro (CC0)	17.027	0.536	-1.149	0.005	0.005	3.946	0.010
GRAV-B5 WT.xrni	metallic and FM	/home/meneses/.local/share/vital/WaveEdit Online/Wavetables/GRAV-B5.vitaltable	WaveEdit Online (CC0)	116.428	0.555	-2.113	0.136	0.015	2.981	0.061
GROWL - Futuristic WT.xrni	metallic and FM	/home/meneses/.local/share/vital/Growl 2 - Talking Yoi/Presets/GROWL - Futuristic.vital	user/Discord presets (third-party)	97.737	0.715	-1.973	0.082	0.469	2.995	0.152
God piano WT.xrni	metallic and FM	/home/meneses/.local/share/vital/nahush2321/Presets/God piano.vital	user/Discord presets (third-party)	21.385	0.498	0.716	0.007	0.000	3.671	0.013
Guitar - Power Solo WT.xrni	metallic and FM	/home/meneses/.local/share/vital/Vital Harvest/Presets/Guitar - Power Solo.vital	other	27.067	0.403	-1.171	0.000	0.000	2.899	0.017
HARMONIC WT.xrni	metallic and FM	/home/meneses/.local/share/vital/WaveEdit Online/Wavetables/HARMONIC.vitaltable	WaveEdit Online (CC0)	32.614	0.373	-1.729	0.104	0.000	5.879	0.074
Hardcore FM5 WT.xrni	metallic and FM	/home/meneses/.local/share/vital/Kimura Taro/Wavetables/Hardcore FM/Hardcore FM5.vitaltable	Kimura Taro (CC0)	17.441	0.510	-0.912	0.129	0.001	2.621	0.018
Im Batman WT.xrni	metallic and FM	/home/meneses/.local/share/vital/Kimura Taro/Wavetables/Tone2Icarus Granular/Im Batman.vitaltable	Kimura Taro (CC0)	26.582	0.491	-0.558	0.005	0.002	3.133	0.004
KD Shaper4 WT.xrni	metallic and FM	/home/meneses/.local/share/vital/Kimura Taro/Wavetables/K-Devices shaper/KD Shaper4.vitaltable	Kimura Taro (CC0)	18.205	0.457	-0.591	0.007	0.438	2.368	0.025
KONBANWA WT.xrni	metallic and FM	/home/meneses/.local/share/vital/WaveEdit Online/Wavetables/KONBANWA.vitaltable	WaveEdit Online (CC0)	50.289	0.511	0.253	0.260	0.021	6.128	0.005
Karplus BP WT.xrni	metallic and FM	/home/meneses/.local/share/vital/Kimura Taro/Wavetables/Karplus Strong/Karplus BP.vitaltable	Kimura Taro (CC0)	9.942	0.528	-1.808	0.001	0.111	6.642	0.001
Karplus CMP WT.xrni	metallic and FM	/home/meneses/.local/share/vital/Kimura Taro/Wavetables/Karplus Strong/Karplus CMP.vitaltable	Kimura Taro (CC0)	22.877	0.654	-0.873	0.007	0.403	3.114	0.026
Karplus Rk WT.xrni	metallic and FM	/home/meneses/.local/share/vital/Kimura Taro/Wavetables/Karplus Strong/Karplus Rk.vitaltable	Kimura Taro (CC0)	16.515	0.453	-1.201	0.006	0.007	2.864	0.003
Keys - Gotham WT.xrni	metallic and FM	/home/meneses/.local/share/vital/Vital Harvest/Presets/Keys - Gotham.vital	other	43.826	0.941	-1.111	0.000	0.000	2.270	0.032
Keys - Organ Vibratos WT.xrni	metallic and FM	/home/meneses/.local/share/vital/Vital Harvest/Presets/Keys - Organ Vibratos.vital	other	24.018	0.389	-0.493	0.000	0.000	2.676	0.027
Littlefoot WT.xrni	metallic and FM	/home/meneses/.local/share/vital/VitalBank/Presets/Littlefoot.vital	other	21.865	0.496	-1.137	0.116	0.103	3.614	0.014
M1 ABass Complex1 WT.xrni	metallic and FM	/home/meneses/.local/share/vital/Kimura Taro/Wavetables/M1 Wavetable[Mini][2048-44.1khz-32bit]/M1 ABass Complex1.vitaltable	Kimura Taro (CC0)	28.807	0.507	-0.883	0.004	0.006	2.567	0.026
M1 AcoGuitar Complex1 WT.xrni	metallic and FM	/home/meneses/.local/share/vital/Kimura Taro/Wavetables/M1 Wavetable[Mini][2048-44.1khz-32bit]/M1 AcoGuitar Complex1.vitaltable	Kimura Taro (CC0)	29.453	0.472	-1.211	0.005	0.035	2.080	0.052
M1 BariSax FB1 WT.xrni	metallic and FM	/home/meneses/.local/share/vital/Kimura Taro/Wavetables/M1 Wavetable[Mini][2048-44.1khz-32bit]/M1 BariSax FB1.vitaltable	Kimura Taro (CC0)	14.578	0.407	-1.826	0.002	0.006	2.957	0.012
MAGNET00 WT.xrni	metallic and FM	/home/meneses/.local/share/vital/WaveEdit Online/Wavetables/MAGNET00.vitaltable	WaveEdit Online (CC0)	17.289	0.434	-1.163	0.188	0.015	3.844	0.008
MONICS WT.xrni	metallic and FM	/home/meneses/.local/share/vital/WaveEdit Online/Wavetables/MONICS.vitaltable	WaveEdit Online (CC0)	32.614	0.373	-1.731	0.104	0.000	5.879	0.074
MS 20 P10 PS1 WT.xrni	metallic and FM	/home/meneses/.local/share/vital/Kimura Taro/Wavetables/Korg Analog  Synth PhaseShift1/MS 20 P10 PS1.vitaltable	Kimura Taro (CC0)	11.216	0.547	-2.069	0.187	0.081	3.189	0.001
MS2K WT.xrni	metallic and FM	/home/meneses/.local/share/vital/WaveEdit Online/Wavetables/MS2K.vitaltable	WaveEdit Online (CC0)	7.065	0.556	-2.078	0.130	0.104	2.773	0.050
MSelfFB03 Mod WT.xrni	metallic and FM	/home/meneses/.local/share/vital/Kimura Taro/Wavetables/MSelfFB/MSelfFB03 Mod.vitaltable	Kimura Taro (CC0)	41.757	0.540	0.586	0.008	0.000	3.224	0.015
Melda SKEW IcarusMirror WT.xrni	metallic and FM	/home/meneses/.local/share/vital/Kimura Taro/Wavetables/Melda Oscillator/Melda SKEW IcarusMirror.vitaltable	Kimura Taro (CC0)	11.177	0.499	-2.027	0.179	0.021	2.885	0.010
NOMAD WT.xrni	metallic and FM	/home/meneses/.local/share/vital/WaveEdit Online/Wavetables/NOMAD.vitaltable	WaveEdit Online (CC0)	29.470	0.557	-1.135	0.235	0.057	3.488	0.013
Neuro One Shotta WT.xrni	metallic and FM	/home/meneses/.local/share/vital/VitalPresets/Presets/Neuro One Shotta.vital	user/Discord presets (third-party)	34.259	0.864	-0.047	0.238	0.327	4.134	0.037
Note Breaker WT.xrni	metallic and FM	/home/meneses/.local/share/vital/Vital Harvest/Presets/Note Breaker.vital	other	29.584	0.731	-1.409	0.158	0.309	2.844	0.049
OP1 DNA01 WT.xrni	metallic and FM	/home/meneses/.local/share/vital/Kimura Taro/Wavetables/TE OP-1/OP1 DNA01.vitaltable	Kimura Taro (CC0)	22.173	0.483	-1.320	0.007	0.046	2.548	0.034
OP1 DNA02 WT.xrni	metallic and FM	/home/meneses/.local/share/vital/Kimura Taro/Wavetables/TE OP-1/OP1 DNA02.vitaltable	Kimura Taro (CC0)	40.175	0.480	-0.468	0.010	0.007	3.044	0.020
OP1 DNA03 WT.xrni	metallic and FM	/home/meneses/.local/share/vital/Kimura Taro/Wavetables/TE OP-1/OP1 DNA03.vitaltable	Kimura Taro (CC0)	32.137	0.521	-0.660	0.008	0.017	3.097	0.018
OP1 DNA04I WT.xrni	metallic and FM	/home/meneses/.local/share/vital/Kimura Taro/Wavetables/TE OP-1/OP1 DNA04I.vitaltable	Kimura Taro (CC0)	17.801	0.497	-1.236	0.005	0.062	2.849	0.025
OP1 DNA05 WT.xrni	metallic and FM	/home/meneses/.local/share/vital/Kimura Taro/Wavetables/TE OP-1/OP1 DNA05.vitaltable	Kimura Taro (CC0)	38.561	0.482	-0.665	0.010	0.033	2.945	0.025
OP1 Digital07 WT.xrni	metallic and FM	/home/meneses/.local/share/vital/Kimura Taro/Wavetables/TE OP-1/OP1 Digital07.vitaltable	Kimura Taro (CC0)	20.027	0.514	-1.237	0.008	0.329	2.535	0.024
OP1 Digital08 WT.xrni	metallic and FM	/home/meneses/.local/share/vital/Kimura Taro/Wavetables/TE OP-1/OP1 Digital08.vitaltable	Kimura Taro (CC0)	6.140	0.549	-1.965	0.008	0.238	3.548	0.002
OP1 Phase03I WT.xrni	metallic and FM	/home/meneses/.local/share/vital/Kimura Taro/Wavetables/TE OP-1/OP1 Phase03I.vitaltable	Kimura Taro (CC0)	16.822	0.504	-1.797	0.003	0.028	2.890	0.013
OP1 Phase04 WT.xrni	metallic and FM	/home/meneses/.local/share/vital/Kimura Taro/Wavetables/TE OP-1/OP1 Phase04.vitaltable	Kimura Taro (CC0)	34.724	0.503	-0.839	0.003	0.009	2.155	0.030
OP1 Phase04I WT.xrni	metallic and FM	/home/meneses/.local/share/vital/Kimura Taro/Wavetables/TE OP-1/OP1 Phase04I.vitaltable	Kimura Taro (CC0)	37.054	0.505	-1.100	0.003	0.004	2.145	0.033
OP1 String01 WT.xrni	metallic and FM	/home/meneses/.local/share/vital/Kimura Taro/Wavetables/TE OP-1/OP1 String01.vitaltable	Kimura Taro (CC0)	60.776	0.422	-0.081	0.006	0.003	3.184	0.054
OP1 String02 WT.xrni	metallic and FM	/home/meneses/.local/share/vital/Kimura Taro/Wavetables/TE OP-1/OP1 String02.vitaltable	Kimura Taro (CC0)	63.548	0.509	0.078	0.006	0.000	2.752	0.050
OP1 String04 WT.xrni	metallic and FM	/home/meneses/.local/share/vital/Kimura Taro/Wavetables/TE OP-1/OP1 String04.vitaltable	Kimura Taro (CC0)	47.588	0.500	-0.022	0.011	0.001	10.604	0.002
PLAITS01 WT.xrni	metallic and FM	/home/meneses/.local/share/vital/WaveEdit Online/Wavetables/PLAITS01.vitaltable	WaveEdit Online (CC0)	44.866	0.356	-0.297	0.029	0.001	2.264	0.066
PMSimple1 WT.xrni	metallic and FM	/home/meneses/.local/share/vital/Kimura Taro/Wavetables/PM[Simple]/PMSimple1.vitaltable	Kimura Taro (CC0)	30.540	0.776	-0.243	0.038	0.014	1.750	0.030
PPG05 4bit WT.xrni	metallic and FM	/home/meneses/.local/share/vital/Kimura Taro/Wavetables/PPG Wave[4bit]/PPG05 4bit.vitaltable	Kimura Taro (CC0)	25.593	0.372	-0.919	0.006	0.007	3.755	0.021
PPG05 WT.xrni	metallic and FM	/home/meneses/.local/share/vital/Kimura Taro/Wavetables/PPG Wave/PPG05.vitaltable	Kimura Taro (CC0)	24.304	0.371	-0.844	0.001	0.008	3.708	0.018
PPG13 4bit WT.xrni	metallic and FM	/home/meneses/.local/share/vital/Kimura Taro/Wavetables/PPG Wave[4bit]/PPG13 4bit.vitaltable	Kimura Taro (CC0)	38.955	0.550	-0.491	0.005	0.030	2.346	0.049
PPG13 WT.xrni	metallic and FM	/home/meneses/.local/share/vital/Kimura Taro/Wavetables/PPG Wave/PPG13.vitaltable	Kimura Taro (CC0)	38.755	0.551	-0.490	0.003	0.031	2.305	0.047
PPG26 4bit WT.xrni	metallic and FM	/home/meneses/.local/share/vital/Kimura Taro/Wavetables/PPG Wave[4bit]/PPG26 4bit.vitaltable	Kimura Taro (CC0)	8.967	0.612	-1.292	0.008	0.391	3.078	0.008
PPG26 WT.xrni	metallic and FM	/home/meneses/.local/share/vital/Kimura Taro/Wavetables/PPG Wave/PPG26.vitaltable	Kimura Taro (CC0)	8.553	0.612	-1.364	0.002	0.400	3.064	0.005
PPG27 4bit WT.xrni	metallic and FM	/home/meneses/.local/share/vital/Kimura Taro/Wavetables/PPG Wave[4bit]/PPG27 4bit.vitaltable	Kimura Taro (CC0)	11.446	0.514	-1.602	0.009	0.006	2.907	0.012
PPG27 WT.xrni	metallic and FM	/home/meneses/.local/share/vital/Kimura Taro/Wavetables/PPG Wave/PPG27.vitaltable	Kimura Taro (CC0)	9.754	0.510	-1.669	0.007	0.006	2.716	0.007
PPG28 4bit WT.xrni	metallic and FM	/home/meneses/.local/share/vital/Kimura Taro/Wavetables/PPG Wave[4bit]/PPG28 4bit.vitaltable	Kimura Taro (CC0)	10.634	0.503	-1.243	0.005	0.001	2.211	0.017
PPG28 WT.xrni	metallic and FM	/home/meneses/.local/share/vital/Kimura Taro/Wavetables/PPG Wave/PPG28.vitaltable	Kimura Taro (CC0)	9.873	0.505	-1.309	0.000	0.001	2.201	0.010
PROTON - Maxxwell_s Corruption WT.xrni	metallic and FM	/home/meneses/.local/share/vital/Growl 6 - Heavy Basses/Presets/PROTON - Maxxwell_s Corruption.vital	user/Discord presets (third-party)	13.025	0.448	-1.633	0.182	0.021	3.483	0.015
PUSH_THE WT.xrni	metallic and FM	/home/meneses/.local/share/vital/WaveEdit Online/Wavetables/PUSH_THE.vitaltable	WaveEdit Online (CC0)	72.043	0.501	1.542	0.210	0.000	5.968	0.015
Pad - Choir Practice WT.xrni	metallic and FM	/home/meneses/.local/share/vital/Vital Harvest/Presets/Pad - Choir Practice.vital	other	15.278	0.499	-2.111	0.010	0.001	3.233	0.009
Pad - Ice Sculpture WT.xrni	metallic and FM	/home/meneses/.local/share/vital/Vital Harvest/Presets/Pad - Ice Sculpture.vital	other	22.242	0.597	-1.389	0.001	0.000	3.398	0.015
Pad - Launch Into Space WT.xrni	metallic and FM	/home/meneses/.local/share/vital/Vital Harvest/Presets/Pad - Launch Into Space.vital	other	42.562	0.484	-0.783	0.001	0.000	2.759	0.033
Pad - Submarine Choir WT.xrni	metallic and FM	/home/meneses/.local/share/vital/Vital Harvest/Presets/Pad - Submarine Choir.vital	other	34.873	0.510	-0.965	0.056	0.002	3.119	0.019
Pad - Talk Formant WT.xrni	metallic and FM	/home/meneses/.local/share/vital/Vital Harvest/Presets/Pad - Talk Formant.vital	other	29.683	0.592	-0.490	0.000	0.000	2.868	0.024
Pipe2 WT.xrni	metallic and FM	/home/meneses/.local/share/vital/Kimura Taro/Wavetables/Karplus Strong/Pipe2.vitaltable	Kimura Taro (CC0)	26.088	0.465	-0.616	0.049	0.014	3.316	0.025
Quickie Squishy WT.xrni	metallic and FM	/home/meneses/.local/share/vital/VitalPresets/Presets/Quickie Squishy.vital	user/Discord presets (third-party)	30.831	0.865	-1.183	0.115	0.012	3.169	0.033
RMFM01 WT.xrni	metallic and FM	/home/meneses/.local/share/vital/Kimura Taro/Wavetables/RMFM/RMFM01.vitaltable	Kimura Taro (CC0)	62.700	0.775	-0.459	0.095	0.019	3.520	0.030
RMFM05 WT.xrni	metallic and FM	/home/meneses/.local/share/vital/Kimura Taro/Wavetables/RMFM/RMFM05.vitaltable	Kimura Taro (CC0)	49.414	0.550	-0.440	0.089	0.196	2.433	0.059
RMFM1 WT.xrni	metallic and FM	/home/meneses/.local/share/vital/Kimura Taro/Wavetables/Combination of various synthesis methods/RMFM1.vitaltable	Kimura Taro (CC0)	61.477	0.540	0.219	0.005	0.002	2.708	0.044
Random Spectrum1 WT.xrni	metallic and FM	/home/meneses/.local/share/vital/Kimura Taro/Wavetables/Random Spectrum/Random Spectrum1.vitaltable	Kimura Taro (CC0)	27.313	0.357	-1.340	0.099	0.011	2.680	0.031
RandomFFT2 WT.xrni	metallic and FM	/home/meneses/.local/share/vital/Kimura Taro/Wavetables/RandomFFT/RandomFFT2.vitaltable	Kimura Taro (CC0)	8.928	0.632	-1.062	0.003	0.000	2.069	0.013
RandomFFT4 WT.xrni	metallic and FM	/home/meneses/.local/share/vital/Kimura Taro/Wavetables/RandomFFT/RandomFFT4.vitaltable	Kimura Taro (CC0)	9.208	0.759	0.577	0.001	0.000	2.332	0.016
SINE_X2 WT.xrni	metallic and FM	/home/meneses/.local/share/vital/WaveEdit Online/Wavetables/SINE_X2.vitaltable	WaveEdit Online (CC0)	10.500	0.500	-0.871	0.003	0.000	1.982	0.084
SPECTR02 WT.xrni	metallic and FM	/home/meneses/.local/share/vital/WaveEdit Online/Wavetables/SPECTR02.vitaltable	WaveEdit Online (CC0)	11.274	0.428	-2.229	0.153	0.000	3.148	0.031
SYNLP166 WT.xrni	metallic and FM	/home/meneses/.local/share/vital/WaveEdit Online/Wavetables/SYNLP166.vitaltable	WaveEdit Online (CC0)	26.407	0.488	-1.326	0.203	0.004	3.474	0.010
SYNTHARP WT.xrni	metallic and FM	/home/meneses/.local/share/vital/WaveEdit Online/Wavetables/SYNTHARP.vitaltable	WaveEdit Online (CC0)	55.533	0.658	0.904	0.162	0.000	2.951	0.042
Salomon WT.xrni	metallic and FM	/home/meneses/.local/share/vital/Factory Presets/Presets/Salomon.vital	other	81.468	0.947	2.772	0.039	0.000	3.166	0.085
SawFMRingSPR WT.xrni	metallic and FM	/home/meneses/.local/share/vital/Kimura Taro/Wavetables/Combination of various synthesis methods/SawFMRingSPR.vitaltable	Kimura Taro (CC0)	28.337	0.386	-1.064	0.008	0.079	2.523	0.020
SawFRSR WT.xrni	metallic and FM	/home/meneses/.local/share/vital/Kimura Taro/Wavetables/Combination of various synthesis methods/SawFRSR.vitaltable	Kimura Taro (CC0)	17.538	0.985	-1.054	0.012	0.238	3.054	0.014
SawPWMSync2 WT.xrni	metallic and FM	/home/meneses/.local/share/vital/Kimura Taro/Wavetables/OSC Sync+PWM/SawPWMSync2.vitaltable	Kimura Taro (CC0)	13.101	0.504	-1.726	0.008	0.041	2.713	0.006
SawSync3 WT.xrni	metallic and FM	/home/meneses/.local/share/vital/Kimura Taro/Wavetables/OSC Sync+PWM/SawSync3.vitaltable	Kimura Taro (CC0)	14.581	0.465	-1.215	0.008	0.031	2.350	0.012
SawSync7 WT.xrni	metallic and FM	/home/meneses/.local/share/vital/Kimura Taro/Wavetables/OSC Sync+PWM/SawSync7.vitaltable	Kimura Taro (CC0)	12.695	0.732	-0.985	0.007	0.004	2.267	0.010
Say my name- WT.xrni	metallic and FM	/home/meneses/.local/share/vital/Kimura Taro/Wavetables/Walsh Function/Say my name-.vitaltable	Kimura Taro (CC0)	33.860	0.485	-0.807	0.239	0.001	3.320	0.003
Skew Resandal WT.xrni	metallic and FM	/home/meneses/.local/share/vital/Factory Presets/Presets/Skew Resandal.vital	other	30.460	0.581	0.046	0.122	0.283	3.705	0.031
SpaceOrgan WT.xrni	metallic and FM	/home/meneses/.local/share/vital/Vital Harvest/Presets/SpaceOrgan.vital	other	7.203	0.476	-2.131	0.084	0.059	2.842	0.006
StringCp2 WT.xrni	metallic and FM	/home/meneses/.local/share/vital/Kimura Taro/Wavetables/Karplus Strong/StringCp2.vitaltable	Kimura Taro (CC0)	24.372	1.000	0.135	0.003	0.000	2.621	0.014
Synth Brass - Recall WT.xrni	metallic and FM	/home/meneses/.local/share/vital/Vital Harvest/Presets/Synth Brass - Recall.vital	other	21.032	0.421	-0.956	0.096	0.000	2.307	0.041
Synth Warriors WT.xrni	metallic and FM	/home/meneses/.local/share/vital/Vital Harvest/Presets/Synth Warriors.vital	other	16.536	0.438	-1.117	0.092	0.045	2.060	0.011
TEZZALOG WT.xrni	metallic and FM	/home/meneses/.local/share/vital/WaveEdit Online/Wavetables/TEZZALOG.vitaltable	WaveEdit Online (CC0)	76.420	0.464	0.693	0.223	0.006	4.806	0.017
TWIST31 WT.xrni	metallic and FM	/home/meneses/.local/share/vital/WaveEdit Online/Wavetables/TWIST31.vitaltable	WaveEdit Online (CC0)	68.461	0.525	-0.765	0.010	0.001	2.756	0.052
Taste Of Charcoal WT.xrni	metallic and FM	/home/meneses/.local/share/vital/Growl 6 - Heavy Basses/Presets/Taste Of Charcoal.vital	user/Discord presets (third-party)	34.259	0.864	-0.079	0.238	0.327	4.134	0.037
Teleport Station FX WT.xrni	metallic and FM	/home/meneses/.local/share/vital/Vital Harvest/Presets/Teleport Station FX.vital	other	107.227	0.510	-0.283	0.247	0.014	11.505	0.005
Term3 WT.xrni	metallic and FM	/home/meneses/.local/share/vital/Kimura Taro/Wavetables/AudioTerm/Term3.vitaltable	Kimura Taro (CC0)	24.878	0.522	-0.907	0.000	0.008	2.611	0.025
Term6 WT.xrni	metallic and FM	/home/meneses/.local/share/vital/Kimura Taro/Wavetables/AudioTerm/Term6.vitaltable	Kimura Taro (CC0)	25.416	0.382	0.422	0.000	0.000	2.330	0.016
Times Running Out WT.xrni	metallic and FM	/home/meneses/.local/share/vital/Vital Harvest/Presets/Times Running Out.vital	other	4.514	0.376	-2.084	0.192	0.280	3.128	0.002
UH...PSY WT.xrni	metallic and FM	/home/meneses/.local/share/vital/WaveEdit Online/Wavetables/UH...PSY.vitaltable	WaveEdit Online (CC0)	143.940	0.478	1.418	0.300	0.000	5.552	0.004
VS Morph5 WT.xrni	metallic and FM	/home/meneses/.local/share/vital/Kimura Taro/Wavetables/Prophet VS Wave/VS Morph5.vitaltable	Kimura Taro (CC0)	9.874	0.447	-1.685	0.004	0.115	2.598	0.008
VWave4 WT.xrni	metallic and FM	/home/meneses/.local/share/vital/Kimura Taro/Wavetables/Combination of various synthesis methods/VWave4.vitaltable	Kimura Taro (CC0)	20.467	0.416	-1.391	0.011	0.091	2.126	0.013
VWave7 WT.xrni	metallic and FM	/home/meneses/.local/share/vital/Kimura Taro/Wavetables/Combination of various synthesis methods/VWave7.vitaltable	Kimura Taro (CC0)	142.412	0.499	-0.222	0.012	0.002	6.553	0.025
Wall Street WT.xrni	metallic and FM	/home/meneses/.local/share/vital/Kimura Taro/Wavetables/Tone2Icarus Granular/Wall Street.vitaltable	Kimura Taro (CC0)	9.281	0.506	-1.973	0.004	0.000	3.249	0.007
Wash Losco WT.xrni	metallic and FM	/home/meneses/.local/share/vital/VitalPresets/Presets/Wash Losco.vital	user/Discord presets (third-party)	26.234	0.402	-0.929	0.123	0.011	2.893	0.034
ba.006 WT.xrni	metallic and FM	/home/meneses/.local/share/vital/qub1t/Presets/ba.006.vital	user/Discord presets (third-party)	5.960	0.737	-1.369	0.067	0.576	3.744	0.003
check23 WT.xrni	metallic and FM	/home/meneses/.local/share/vital/nahush2321/Presets/check23.vital	user/Discord presets (third-party)	18.171	0.600	-2.923	0.015	0.026	4.294	0.007
mOVING SYNTH WT.xrni	metallic and FM	/home/meneses/.local/share/vital/nahush2321/Presets/mOVING SYNTH.vital	user/Discord presets (third-party)	40.607	0.536	-0.440	0.134	0.001	2.974	0.029
new shape 1 WT.xrni	metallic and FM	/home/meneses/.local/share/vital/nahush2321/Wavetables/new shape 1.vitaltable	user/Discord presets (third-party)	11.511	0.424	-1.067	0.000	0.000	2.636	0.013
outrage01 WT.xrni	metallic and FM	/home/meneses/.local/share/vital/Kimura Taro/Wavetables/Tone2Icarus Granular/outrage01.vitaltable	Kimura Taro (CC0)	20.593	0.530	-0.513	0.005	0.000	3.384	0.006
outrage02 WT.xrni	metallic and FM	/home/meneses/.local/share/vital/Kimura Taro/Wavetables/Tone2Icarus Granular/outrage02.vitaltable	Kimura Taro (CC0)	19.426	0.529	-0.576	0.006	0.002	3.570	0.009
outrage03 WT.xrni	metallic and FM	/home/meneses/.local/share/vital/Kimura Taro/Wavetables/Tone2Icarus Granular/outrage03.vitaltable	Kimura Taro (CC0)	26.389	0.491	-0.326	0.008	0.000	3.219	0.002
outrage04 WT.xrni	metallic and FM	/home/meneses/.local/share/vital/Kimura Taro/Wavetables/Tone2Icarus Granular/outrage04.vitaltable	Kimura Taro (CC0)	17.304	0.525	0.423	0.005	0.000	2.689	0.003
outrage05 WT.xrni	metallic and FM	/home/meneses/.local/share/vital/Kimura Taro/Wavetables/Tone2Icarus Granular/outrage05.vitaltable	Kimura Taro (CC0)	11.898	0.463	-0.654	0.008	0.000	2.582	0.002
poly6 P10 PS1 WT.xrni	metallic and FM	/home/meneses/.local/share/vital/Kimura Taro/Wavetables/Korg Analog  Synth PhaseShift1/poly6 P10 PS1.vitaltable	Kimura Taro (CC0)	9.451	0.569	-1.932	0.098	0.111	2.756	0.001
pulsed bass WT.xrni	metallic and FM	/home/meneses/.local/share/vital/Growl 6 - Heavy Basses/Presets/pulsed bass.vital	user/Discord presets (third-party)	75.430	0.694	-1.929	0.509	0.478	8.098	0.008
rs.001 WT.xrni	metallic and FM	/home/meneses/.local/share/vital/qub1t/Presets/rs.001.vital	user/Discord presets (third-party)	46.485	0.500	-0.393	0.027	0.020	3.941	0.034
rs.008 WT.xrni	metallic and FM	/home/meneses/.local/share/vital/qub1t/Presets/rs.008.vital	user/Discord presets (third-party)	34.911	0.491	-1.241	0.123	0.001	5.310	0.008
some cliks WT.xrni	metallic and FM	/home/meneses/.local/share/vital/nahush2321/Presets/some cliks.vital	user/Discord presets (third-party)	75.179	0.625	-0.942	0.125	0.136	2.877	0.079
wonderful noise WT.xrni	metallic and FM	/home/meneses/.local/share/vital/Vital Harvest/Presets/wonderful noise.vital	other	44.950	0.512	0.023	0.151	0.052	8.040	0.007
13579 WT.xrni	near sine	/home/meneses/.local/share/vital/VitalPresets/Wavetables/13579.vitaltable	user/Discord presets (third-party)	1.786	0.767	-10.644	0.016	0.655	1.863	0.003
Acoustic Guitar WT.xrni	near sine	/home/meneses/.local/share/vital/Vital Harvest/Presets/Acoustic Guitar.vital	other	1.472	0.937	-9.664	0.000	0.843	2.597	0.002
Ambient Soundscape 3 WT.xrni	near sine	/home/meneses/.local/share/vital/Vital Harvest/Presets/Ambient Soundscape 3.vital	other	2.557	0.589	-11.516	0.000	0.366	2.156	0.003
Ambient Soundscape 6 WT.xrni	near sine	/home/meneses/.local/share/vital/Vital Harvest/Presets/Ambient Soundscape 6.vital	other	4.808	0.429	-12.513	0.000	0.004	2.231	0.004
Big Glock WT.xrni	near sine	/home/meneses/.local/share/vital/Vital Harvest/Presets/Big Glock.vital	other	2.563	0.071	-7.719	0.000	0.056	2.205	0.007
Brown Note WT.xrni	near sine	/home/meneses/.local/share/vital/VitalPresets/Presets/Brown Note.vital	user/Discord presets (third-party)	1.518	1.000	-6.508	0.018	0.845	1.209	0.003
Chords Middy Thiccer WT.xrni	near sine	/home/meneses/.local/share/vital/VitalPresets/Presets/Chords Middy Thiccer.vital	user/Discord presets (third-party)	1.952	0.759	-11.784	0.025	0.641	1.929	0.003
Cyber Sunset Solo WT.xrni	near sine	/home/meneses/.local/share/vital/VitalBank/Presets/Cyber Sunset Solo.vital	other	2.162	0.543	-9.324	0.000	0.351	1.579	0.003
DeepRocks WT.xrni	near sine	/home/meneses/.local/share/vital/VitalBank/Presets/DeepRocks.vital	other	3.466	0.557	-7.545	0.000	0.234	2.363	0.003
ESW Basics - Sine PWM WT.xrni	near sine	/home/meneses/Projects/renoise/wavetable-packs/esw/Echo Sound Works Core Tables/Basics/ESW Basics - Sine PWM.wav	Echo Sound Works Core (free pack)	1.742	0.657	-8.022	0.000	0.518	1.115	0.002
ESW Chill - Bad Signs WT.xrni	near sine	/home/meneses/Projects/renoise/wavetable-packs/esw/Echo Sound Works Core Tables/Chill/ESW Chill - Bad Signs.wav	Echo Sound Works Core (free pack)	2.162	0.543	-14.255	0.000	0.351	1.579	0.003
ESW Chill - Foamer WT.xrni	near sine	/home/meneses/Projects/renoise/wavetable-packs/esw/Echo Sound Works Core Tables/Chill/ESW Chill - Foamer.wav	Echo Sound Works Core (free pack)	3.466	0.557	-11.005	0.000	0.234	2.363	0.003
ESW Chill - Kick it WT.xrni	near sine	/home/meneses/Projects/renoise/wavetable-packs/esw/Echo Sound Works Core Tables/Chill/ESW Chill - Kick it.wav	Echo Sound Works Core (free pack)	4.505	0.361	-10.887	0.000	0.008	1.954	0.005
ESW Chill - Purple Haze WT.xrni	near sine	/home/meneses/Projects/renoise/wavetable-packs/esw/Echo Sound Works Core Tables/Chill/ESW Chill - Purple Haze.wav	Echo Sound Works Core (free pack)	4.602	0.948	-14.710	0.000	0.607	1.992	0.007
ESW Chill - Top Down WT.xrni	near sine	/home/meneses/Projects/renoise/wavetable-packs/esw/Echo Sound Works Core Tables/Chill/ESW Chill - Top Down.wav	Echo Sound Works Core (free pack)	6.929	0.508	-14.611	0.000	0.036	3.501	0.003
ESW Digital - Additive Tones WT.xrni	near sine	/home/meneses/Projects/renoise/wavetable-packs/esw/Echo Sound Works Core Tables/Digital/ESW Digital - Additive Tones.wav	Echo Sound Works Core (free pack)	5.027	1.000	-6.140	0.000	0.354	1.997	0.007
ESW One Shot - LD Brassy WT.xrni	near sine	/home/meneses/Projects/renoise/wavetable-packs/esw/Echo Sound Works Core Tables/Synth One Shots/ESW One Shot - LD Brassy.wav	Echo Sound Works Core (free pack)	1.517	0.916	-6.264	0.000	0.756	1.680	0.001
ESW Real - BR Trumpeter 03 WT.xrni	near sine	/home/meneses/Projects/renoise/wavetable-packs/esw/Echo Sound Works Core Tables/Instruments/ESW Real - BR Trumpeter 03.wav	Echo Sound Works Core (free pack)	2.096	0.401	-6.841	0.000	0.312	1.789	0.002
ESW Real - Guitar Acou Harm 01 WT.xrni	near sine	/home/meneses/Projects/renoise/wavetable-packs/esw/Echo Sound Works Core Tables/Instruments/ESW Real - Guitar Acou Harm 01.wav	Echo Sound Works Core (free pack)	1.062	0.939	-11.703	0.000	0.938	1.693	0.000
ESW Real - Organ 02 WT.xrni	near sine	/home/meneses/Projects/renoise/wavetable-packs/esw/Echo Sound Works Core Tables/Instruments/ESW Real - Organ 02.wav	Echo Sound Works Core (free pack)	2.685	0.807	-14.196	0.000	0.746	2.200	0.004
ESW Real - Rhodes Hybrid WT.xrni	near sine	/home/meneses/Projects/renoise/wavetable-packs/esw/Echo Sound Works Core Tables/Instruments/ESW Real - Rhodes Hybrid.wav	Echo Sound Works Core (free pack)	1.354	0.736	-6.354	0.000	0.716	1.806	0.001
ESW Real - ST Violin Stac WT.xrni	near sine	/home/meneses/Projects/renoise/wavetable-packs/esw/Echo Sound Works Core Tables/Instruments/ESW Real - ST Violin Stac.wav	Echo Sound Works Core (free pack)	1.581	0.652	-13.351	0.000	0.507	2.194	0.000
ESW Real - Trumpeter 01 WT.xrni	near sine	/home/meneses/Projects/renoise/wavetable-packs/esw/Echo Sound Works Core Tables/Instruments/ESW Real - Trumpeter 01.wav	Echo Sound Works Core (free pack)	2.104	0.449	-6.510	0.000	0.332	2.231	0.002
ESW Real - World Japanese Guitar WT.xrni	near sine	/home/meneses/Projects/renoise/wavetable-packs/esw/Echo Sound Works Core Tables/Instruments/ESW Real - World Japanese Guitar.wav	Echo Sound Works Core (free pack)	2.394	0.840	-5.880	0.001	0.300	2.241	0.001
Electric Combo Piano WT.xrni	near sine	/home/meneses/.local/share/vital/Vital Harvest/Presets/Electric Combo Piano.vital	other	1.347	0.816	-5.940	0.000	0.735	1.749	0.002
FM FB1 WT.xrni	near sine	/home/meneses/.local/share/vital/Kimura Taro/Wavetables/FM Feedback/FM FB1.vitaltable	Kimura Taro (CC0)	1.076	0.945	-6.439	0.000	0.937	1.415	0.002
Flange Flames WT.xrni	near sine	/home/meneses/.local/share/vital/Vital Harvest/Presets/Flange Flames.vital	other	2.180	0.718	-6.628	0.003	0.418	1.427	0.004
Fluetey WT.xrni	near sine	/home/meneses/.local/share/vital/nahush2321/Wavetables/Fluetey.vitaltable	user/Discord presets (third-party)	5.151	0.606	-7.040	0.000	0.153	2.131	0.008
Heavy Rock Toms WT.xrni	near sine	/home/meneses/.local/share/vital/Vital Harvest/Presets/Heavy Rock Toms.vital	other	5.368	0.998	-6.890	0.000	0.006	1.808	0.002
Hi-Hat 6 WT.xrni	near sine	/home/meneses/.local/share/vital/Vital Harvest/Presets/Hi-Hat 6.vital	other	172.333	0.733	-7.432	0.000	0.067	2.359	0.255
Keys - Ultra Cinematic WT.xrni	near sine	/home/meneses/.local/share/vital/Vital Harvest/Presets/Keys - Ultra Cinematic.vital	other	1.732	0.437	-6.770	0.004	0.422	2.159	0.002
MISC Digi Choir WT.xrni	near sine	/home/meneses/.local/share/vital/Vital Harvest/Presets/MISC Digi Choir.vital	other	1.021	0.982	-8.155	0.000	0.981	1.564	0.002
Mostly Cloudy WT.xrni	near sine	/home/meneses/.local/share/vital/VitalBank/Presets/Mostly Cloudy.vital	other	4.602	0.948	-9.414	0.000	0.607	1.992	0.007
ND-02-Snare1 WT.xrni	near sine	/home/meneses/.local/share/vital/Vital Harvest/Presets/ND-02-Snare1.vital	other	2.054	0.576	-10.975	0.000	0.404	2.152	0.002
ND-02-Snare1-Random WT.xrni	near sine	/home/meneses/.local/share/vital/Vital Harvest/Presets/ND-02-Snare1-Random.vital	other	1.264	0.849	-8.505	0.000	0.848	1.369	0.002
PL - Hyperpop WT.xrni	near sine	/home/meneses/.local/share/vital/Vital Harvest/Presets/PL - Hyperpop.vital	other	2.284	0.039	-14.036	0.000	0.019	1.757	0.002
PURE_MAJ WT.xrni	near sine	/home/meneses/.local/share/vital/WaveEdit Online/Wavetables/PURE_MAJ.vitaltable	WaveEdit Online (CC0)	2.864	0.603	-7.209	0.001	0.432	1.970	0.038
Phase1 WT.xrni	near sine	/home/meneses/.local/share/vital/Kimura Taro/Wavetables/Phase/Phase1.vitaltable	Kimura Taro (CC0)	1.606	0.409	-6.149	0.003	0.408	1.864	0.002
Raid WT.xrni	near sine	/home/meneses/.local/share/vital/Growl 6 - Heavy Basses/Presets/Raid.vital	user/Discord presets (third-party)	2.523	0.742	-6.222	0.000	0.559	1.435	0.004
Rhodes WT.xrni	near sine	/home/meneses/.local/share/vital/Vital Harvest/Presets/Rhodes.vital	other	3.118	0.709	-11.934	0.000	0.351	2.261	0.001
Roto Toms WT.xrni	near sine	/home/meneses/.local/share/vital/Vital Harvest/Presets/Roto Toms.vital	other	4.912	1.000	-6.791	0.000	0.005	1.753	0.002
SDS - Vox - Angelic WT.xrni	near sine	/home/meneses/.local/share/vital/Vital Harvest/Presets/SDS - Vox - Angelic.vital	other	2.493	0.274	-7.383	0.001	0.017	1.994	0.001
SYNLP140 WT.xrni	near sine	/home/meneses/.local/share/vital/WaveEdit Online/Wavetables/SYNLP140.vitaltable	WaveEdit Online (CC0)	1.521	0.888	-8.336	0.000	0.757	1.733	0.008
SYNLP175 WT.xrni	near sine	/home/meneses/.local/share/vital/WaveEdit Online/Wavetables/SYNLP175.vitaltable	WaveEdit Online (CC0)	1.575	0.529	-6.424	0.002	0.489	1.815	0.009
SYNLP39 WT.xrni	near sine	/home/meneses/.local/share/vital/WaveEdit Online/Wavetables/SYNLP39.vitaltable	WaveEdit Online (CC0)	2.259	0.488	-7.437	0.002	0.345	1.945	0.014
SYNLP72 WT.xrni	near sine	/home/meneses/.local/share/vital/WaveEdit Online/Wavetables/SYNLP72.vitaltable	WaveEdit Online (CC0)	2.159	0.479	-6.421	0.006	0.197	1.416	0.032
SYNLP89 WT.xrni	near sine	/home/meneses/.local/share/vital/WaveEdit Online/Wavetables/SYNLP89.vitaltable	WaveEdit Online (CC0)	1.772	0.838	-6.227	0.002	0.726	1.265	0.014
Salted Caramel Keys WT.xrni	near sine	/home/meneses/.local/share/vital/Vital Harvest/Presets/Salted Caramel Keys.vital	other	1.557	0.554	-5.952	0.000	0.499	2.038	0.002
Shakuhachi WT.xrni	near sine	/home/meneses/.local/share/vital/Vital Harvest/Presets/Shakuhachi.vital	other	1.073	0.978	-11.306	0.000	0.956	1.426	0.002
Sine waver WT.xrni	near sine	/home/meneses/.local/share/vital/nahush2321/Wavetables/Sine waver.vitaltable	user/Discord presets (third-party)	2.712	0.923	-6.626	0.000	0.624	1.848	0.005
SnareAttempt1 WT.xrni	near sine	/home/meneses/.local/share/vital/Vital Harvest/Presets/SnareAttempt1.vital	other	1.092	0.925	-13.379	0.000	0.917	1.475	0.002
Standard Hammond Organ WT.xrni	near sine	/home/meneses/.local/share/vital/Vital Harvest/Presets/Standard Hammond Organ.vital	other	2.015	0.583	-7.680	0.000	0.383	2.075	0.001
Tester169 WT.xrni	near sine	/home/meneses/.local/share/vital/Vital Harvest/Presets/Tester169.vital	other	4.205	0.682	-8.421	0.000	0.550	2.451	0.005
WIP Toms WT.xrni	near sine	/home/meneses/.local/share/vital/Vital Harvest/Presets/WIP Toms.vital	other	1.015	0.989	-8.446	0.000	0.987	1.383	0.002
Wub Mideh WT.xrni	near sine	/home/meneses/.local/share/vital/VitalPresets/Presets/Wub Mideh.vital	user/Discord presets (third-party)	26.000	0.510	-7.769	0.000	0.020	7.387	0.005
ba.020 WT.xrni	near sine	/home/meneses/.local/share/vital/qub1t/Presets/ba.020.vital	user/Discord presets (third-party)	1.387	0.818	-6.203	0.000	0.728	1.968	0.002
ba.species WT.xrni	near sine	/home/meneses/.local/share/vital/qub1t/Presets/ba.species.vital	user/Discord presets (third-party)	2.694	0.738	-7.039	0.000	0.616	2.072	0.012
ky.003 WT.xrni	near sine	/home/meneses/.local/share/vital/qub1t/Presets/ky.003.vital	user/Discord presets (third-party)	2.685	0.807	-8.902	0.000	0.746	2.200	0.004
ky.022 WT.xrni	near sine	/home/meneses/.local/share/vital/qub1t/Presets/ky.022.vital	user/Discord presets (third-party)	3.156	0.834	-9.139	0.000	0.552	1.789	0.006
or.001 WT.xrni	near sine	/home/meneses/.local/share/vital/qub1t/Presets/or.001.vital	user/Discord presets (third-party)	1.106	0.992	-6.615	0.001	0.951	1.659	0.002
sine curces WT.xrni	near sine	/home/meneses/.local/share/vital/nahush2321/Wavetables/sine curces.vitaltable	user/Discord presets (third-party)	1.135	0.988	-7.134	0.000	0.935	1.282	0.002
sine snake WT.xrni	near sine	/home/meneses/.local/share/vital/nahush2321/Wavetables/sine snake.vitaltable	user/Discord presets (third-party)	1.338	0.815	-7.042	0.000	0.739	1.744	0.002
259e-Mix3 WT.xrni	octave and folded	/home/meneses/.local/share/vital/Kimura Taro/Wavetables/Buchla 259e-Red/259e-Mix3.vitaltable	Kimura Taro (CC0)	21.322	0.062	-1.158	0.335	0.000	3.624	0.038
259e-R3 WT.xrni	octave and folded	/home/meneses/.local/share/vital/Kimura Taro/Wavetables/Buchla 259e-Red/259e-R3.vitaltable	Kimura Taro (CC0)	2.287	0.276	-3.737	0.029	0.215	1.919	0.004
A Night in Kalyan WT.xrni	octave and folded	/home/meneses/.local/share/vital/Factory Presets/Presets/A Night in Kalyan.vital	other	11.972	0.250	-2.366	0.026	0.040	2.774	0.002
AAHWOHYE WT.xrni	octave and folded	/home/meneses/.local/share/vital/WaveEdit Online/Wavetables/AAHWOHYE.vitaltable	WaveEdit Online (CC0)	3.876	0.002	-3.143	0.060	0.001	2.000	0.034
ADDITIVE WT.xrni	octave and folded	/home/meneses/.local/share/vital/WaveEdit Online/Wavetables/ADDITIVE.vitaltable	WaveEdit Online (CC0)	33.992	0.124	0.879	0.000	0.000	2.803	0.212
AKVF_VID WT.xrni	octave and folded	/home/meneses/.local/share/vital/WaveEdit Online/Wavetables/AKVF_VID.vitaltable	WaveEdit Online (CC0)	15.302	0.066	-1.260	0.199	0.001	2.033	0.021
AKWF_FMS WT.xrni	octave and folded	/home/meneses/.local/share/vital/WaveEdit Online/Wavetables/AKWF_FMS.vitaltable	WaveEdit Online (CC0)	12.092	0.121	-1.569	0.156	0.002	1.803	0.159
ASSYMETR WT.xrni	octave and folded	/home/meneses/.local/share/vital/WaveEdit Online/Wavetables/ASSYMETR.vitaltable	WaveEdit Online (CC0)	6.195	0.207	-2.658	0.189	0.022	1.749	0.077
AUDIOTER WT.xrni	octave and folded	/home/meneses/.local/share/vital/WaveEdit Online/Wavetables/AUDIOTER.vitaltable	WaveEdit Online (CC0)	8.350	0.274	-4.874	0.001	0.002	2.194	0.095
Add Synth3 Icarus WT.xrni	octave and folded	/home/meneses/.local/share/vital/Kimura Taro/Wavetables/Additive Synth/Add Synth3 Icarus.vitaltable	Kimura Taro (CC0)	7.742	0.093	-2.491	0.003	0.026	2.014	0.013
Add Synth4 IcarusStack WT.xrni	octave and folded	/home/meneses/.local/share/vital/Kimura Taro/Wavetables/Additive Synth/Add Synth4 IcarusStack.vitaltable	Kimura Taro (CC0)	47.198	0.084	-1.780	0.015	0.048	3.201	0.047
Analog Electric Sunshine WT.xrni	octave and folded	/home/meneses/.local/share/vital/VitalBank/Presets/Analog Electric Sunshine.vital	other	2.031	0.183	-4.536	0.005	0.161	1.860	0.000
Bass - Funkdefy WT.xrni	octave and folded	/home/meneses/.local/share/vital/Vital Harvest/Presets/Bass - Funkdefy.vital	other	3.047	0.000	-2.742	0.014	0.000	1.678	0.005
Bass - Guard Dog WT.xrni	octave and folded	/home/meneses/.local/share/vital/Vital Harvest/Presets/Bass - Guard Dog.vital	other	13.408	0.375	-1.369	0.000	0.000	2.167	0.018
Bass - Squared WT.xrni	octave and folded	/home/meneses/.local/share/vital/Vital Harvest/Presets/Bass - Squared.vital	other	6.897	0.000	-0.725	0.082	0.000	2.116	0.003
Bazille FR1 WT.xrni	octave and folded	/home/meneses/.local/share/vital/Kimura Taro/Wavetables/Bazille/Bazille FR1.vitaltable	Kimura Taro (CC0)	5.945	0.307	-3.269	0.021	0.127	3.071	0.004
Bazille FR2 WT.xrni	octave and folded	/home/meneses/.local/share/vital/Kimura Taro/Wavetables/Bazille/Bazille FR2.vitaltable	Kimura Taro (CC0)	7.602	0.301	-2.467	0.076	0.089	2.240	0.009
Bazille PD1 WT.xrni	octave and folded	/home/meneses/.local/share/vital/Kimura Taro/Wavetables/Bazille/Bazille PD1.vitaltable	Kimura Taro (CC0)	3.475	0.281	-3.635	0.045	0.188	2.726	0.005
Bazille PD3 AM WT.xrni	octave and folded	/home/meneses/.local/share/vital/Kimura Taro/Wavetables/Bazille/Bazille PD3 AM.vitaltable	Kimura Taro (CC0)	12.892	0.024	-1.644	0.178	0.000	2.410	0.011
Bazille PD3 WT.xrni	octave and folded	/home/meneses/.local/share/vital/Kimura Taro/Wavetables/Bazille/Bazille PD3.vitaltable	Kimura Taro (CC0)	6.262	0.024	-2.305	0.057	0.000	2.280	0.009
Bazille PDFR2 WT.xrni	octave and folded	/home/meneses/.local/share/vital/Kimura Taro/Wavetables/Bazille/Bazille PDFR2.vitaltable	Kimura Taro (CC0)	10.755	0.336	-1.687	0.094	0.112	2.244	0.009
Bells - RM Dude WT.xrni	octave and folded	/home/meneses/.local/share/vital/Vital Harvest/Presets/Bells - RM Dude.vital	other	7.588	0.000	-0.707	0.232	0.000	2.948	0.004
Chords for love WT.xrni	octave and folded	/home/meneses/.local/share/vital/nahush2321/Presets/Chords for love.vital	user/Discord presets (third-party)	4.805	0.018	-3.433	0.009	0.001	2.343	0.006
DIY WT.xrni	octave and folded	/home/meneses/.local/share/vital/Factory Presets/Presets/DIY.vital	other	2.525	0.066	-4.027	0.025	0.030	2.025	0.000
DSPWF WT.xrni	octave and folded	/home/meneses/.local/share/vital/Kimura Taro/Wavetables/DSP Wavefolder/DSPWF.vitaltable	Kimura Taro (CC0)	31.911	0.251	-1.602	0.005	0.060	1.937	0.046
Damped Horn WT.xrni	octave and folded	/home/meneses/.local/share/vital/Factory Presets/Presets/Damped Horn.vital	other	3.235	0.197	-5.565	0.001	0.059	2.764	0.002
Data Entry Bells WT.xrni	octave and folded	/home/meneses/.local/share/vital/Vital Harvest/Presets/Data Entry Bells.vital	other	5.192	0.265	-1.923	0.089	0.213	2.825	0.003
Digi Sync WT.xrni	octave and folded	/home/meneses/.local/share/vital/Vital Harvest/Presets/Digi Sync.vital	other	16.528	0.378	-3.268	0.001	0.015	1.835	0.020
Dril bu WT.xrni	octave and folded	/home/meneses/.local/share/vital/Kimura Taro/Wavetables/Additive Synth/Dril bu.vitaltable	Kimura Taro (CC0)	25.515	0.377	-1.351	0.004	0.000	2.191	0.036
Drunk Mean Clown WT.xrni	octave and folded	/home/meneses/.local/share/vital/VitalPresets/Presets/Drunk Mean Clown.vital	user/Discord presets (third-party)	3.142	0.215	-3.438	0.072	0.062	1.783	0.005
ESW Basics - Deep High WT.xrni	octave and folded	/home/meneses/Projects/renoise/wavetable-packs/esw/Echo Sound Works Core Tables/Basics/ESW Basics - Deep High.wav	Echo Sound Works Core (free pack)	4.575	0.236	-2.735	0.011	0.230	2.053	0.007
ESW Chill - Cosine WT.xrni	octave and folded	/home/meneses/Projects/renoise/wavetable-packs/esw/Echo Sound Works Core Tables/Chill/ESW Chill - Cosine.wav	Echo Sound Works Core (free pack)	5.033	0.011	-2.617	0.015	0.005	2.538	0.002
ESW Digital - Phaser Saw WT.xrni	octave and folded	/home/meneses/Projects/renoise/wavetable-packs/esw/Echo Sound Works Core Tables/Digital/ESW Digital - Phaser Saw.wav	Echo Sound Works Core (free pack)	4.242	0.393	-2.469	0.119	0.097	2.221	0.003
ESW Digital - SSW 04 WT.xrni	octave and folded	/home/meneses/Projects/renoise/wavetable-packs/esw/Echo Sound Works Core Tables/Digital/ESW Digital - SSW 04.wav	Echo Sound Works Core (free pack)	12.488	0.221	-1.966	0.313	0.201	2.933	0.013
ESW Digital - Sine Fingers WT.xrni	octave and folded	/home/meneses/Projects/renoise/wavetable-packs/esw/Echo Sound Works Core Tables/Digital/ESW Digital - Sine Fingers.wav	Echo Sound Works Core (free pack)	4.188	0.019	-3.474	0.067	0.001	1.568	0.002
ESW FM - X Noise WT.xrni	octave and folded	/home/meneses/Projects/renoise/wavetable-packs/esw/Echo Sound Works Core Tables/FM/ESW FM - X Noise.wav	Echo Sound Works Core (free pack)	50.759	0.009	-0.945	0.321	0.000	3.436	0.031
ESW Growl - Angular WT.xrni	octave and folded	/home/meneses/Projects/renoise/wavetable-packs/esw/Echo Sound Works Core Tables/Growl/ESW Growl - Angular.wav	Echo Sound Works Core (free pack)	7.416	0.108	-1.701	0.320	0.019	1.677	0.033
ESW Growl - Beats WT.xrni	octave and folded	/home/meneses/Projects/renoise/wavetable-packs/esw/Echo Sound Works Core Tables/Growl/ESW Growl - Beats.wav	Echo Sound Works Core (free pack)	12.137	0.094	-1.328	0.099	0.009	2.174	0.015
ESW Growl - Outer Space WT.xrni	octave and folded	/home/meneses/Projects/renoise/wavetable-packs/esw/Echo Sound Works Core Tables/Growl/ESW Growl - Outer Space.wav	Echo Sound Works Core (free pack)	16.650	0.062	-0.758	0.076	0.000	2.594	0.018
ESW Metallic - Ogran Bell WT.xrni	octave and folded	/home/meneses/Projects/renoise/wavetable-packs/esw/Echo Sound Works Core Tables/Metallic/ESW Metallic - Ogran Bell.wav	Echo Sound Works Core (free pack)	3.835	0.375	-2.659	0.022	0.103	2.325	0.004
ESW Metallic - Vocal Bell WT.xrni	octave and folded	/home/meneses/Projects/renoise/wavetable-packs/esw/Echo Sound Works Core Tables/Metallic/ESW Metallic - Vocal Bell.wav	Echo Sound Works Core (free pack)	3.694	0.014	-4.046	0.007	0.005	2.040	0.007
ESW One Shot - LD Clouds WT.xrni	octave and folded	/home/meneses/Projects/renoise/wavetable-packs/esw/Echo Sound Works Core Tables/Synth One Shots/ESW One Shot - LD Clouds.wav	Echo Sound Works Core (free pack)	2.490	0.200	-5.486	0.000	0.136	1.855	0.001
ESW One Shot - LD Tropics WT.xrni	octave and folded	/home/meneses/Projects/renoise/wavetable-packs/esw/Echo Sound Works Core Tables/Synth One Shots/ESW One Shot - LD Tropics.wav	Echo Sound Works Core (free pack)	2.522	0.007	-2.535	0.001	0.001	1.822	0.001
ESW Real - BR French Horn 01 WT.xrni	octave and folded	/home/meneses/Projects/renoise/wavetable-packs/esw/Echo Sound Works Core Tables/Instruments/ESW Real - BR French Horn 01.wav	Echo Sound Works Core (free pack)	4.688	0.290	-3.740	0.000	0.004	3.458	0.003
ESW Real - Bell Thin Metal WT.xrni	octave and folded	/home/meneses/Projects/renoise/wavetable-packs/esw/Echo Sound Works Core Tables/Instruments/ESW Real - Bell Thin Metal.wav	Echo Sound Works Core (free pack)	2.001	0.021	-5.074	0.000	0.020	1.532	0.002
ESW Real - Brass Shorts WT.xrni	octave and folded	/home/meneses/Projects/renoise/wavetable-packs/esw/Echo Sound Works Core Tables/Instruments/ESW Real - Brass Shorts.wav	Echo Sound Works Core (free pack)	4.576	0.315	-3.574	0.007	0.002	3.325	0.002
ESW Real - Horn 01 WT.xrni	octave and folded	/home/meneses/Projects/renoise/wavetable-packs/esw/Echo Sound Works Core Tables/Instruments/ESW Real - Horn 01.wav	Echo Sound Works Core (free pack)	4.548	0.293	-3.704	0.001	0.006	3.480	0.003
ESW Real - Key Music Box WT.xrni	octave and folded	/home/meneses/Projects/renoise/wavetable-packs/esw/Echo Sound Works Core Tables/Instruments/ESW Real - Key Music Box.wav	Echo Sound Works Core (free pack)	4.020	0.001	-2.092	0.066	0.000	1.490	0.000
ESW Real - Mallet Senza WT.xrni	octave and folded	/home/meneses/Projects/renoise/wavetable-packs/esw/Echo Sound Works Core Tables/Instruments/ESW Real - Mallet Senza.wav	Echo Sound Works Core (free pack)	4.037	0.005	-2.459	0.023	0.000	1.515	0.000
ESW Real - Marimba WT.xrni	octave and folded	/home/meneses/Projects/renoise/wavetable-packs/esw/Echo Sound Works Core Tables/Instruments/ESW Real - Marimba.wav	Echo Sound Works Core (free pack)	2.257	0.014	-2.502	0.061	0.000	1.706	0.000
ESW Real - Simple Brass WT.xrni	octave and folded	/home/meneses/Projects/renoise/wavetable-packs/esw/Echo Sound Works Core Tables/Instruments/ESW Real - Simple Brass.wav	Echo Sound Works Core (free pack)	4.786	0.032	-3.904	0.001	0.002	3.227	0.001
ESW Real - String Violins WT.xrni	octave and folded	/home/meneses/Projects/renoise/wavetable-packs/esw/Echo Sound Works Core Tables/Instruments/ESW Real - String Violins.wav	Echo Sound Works Core (free pack)	2.195	0.213	-3.752	0.003	0.052	1.987	0.002
ESW Real - WW Chill Sax WT.xrni	octave and folded	/home/meneses/Projects/renoise/wavetable-packs/esw/Echo Sound Works Core Tables/Instruments/ESW Real - WW Chill Sax .wav	Echo Sound Works Core (free pack)	4.829	0.003	-1.874	0.004	0.000	2.592	0.004
ESW Real - WW Flutey WT.xrni	octave and folded	/home/meneses/Projects/renoise/wavetable-packs/esw/Echo Sound Works Core Tables/Instruments/ESW Real - WW Flutey.wav	Echo Sound Works Core (free pack)	2.130	0.088	-3.749	0.002	0.041	1.827	0.002
ESW Spectral - Over Tones WT.xrni	octave and folded	/home/meneses/Projects/renoise/wavetable-packs/esw/Echo Sound Works Core Tables/Spectral/ESW Spectral - Over Tones.wav	Echo Sound Works Core (free pack)	31.842	0.026	-0.412	0.093	0.001	2.928	0.016
ESW Vocal - Chops for Days WT.xrni	octave and folded	/home/meneses/Projects/renoise/wavetable-packs/esw/Echo Sound Works Core Tables/Vocal/ESW Vocal - Chops for Days.wav	Echo Sound Works Core (free pack)	2.019	0.318	-3.009	0.047	0.210	2.075	0.001
ESW Vocal - Digital Vowel WT.xrni	octave and folded	/home/meneses/Projects/renoise/wavetable-packs/esw/Echo Sound Works Core Tables/Vocal/ESW Vocal - Digital Vowel.wav	Echo Sound Works Core (free pack)	6.102	0.364	-3.052	0.093	0.063	3.011	0.003
ESW Vocal - Flute Vox WT.xrni	octave and folded	/home/meneses/Projects/renoise/wavetable-packs/esw/Echo Sound Works Core Tables/Vocal/ESW Vocal - Flute Vox.wav	Echo Sound Works Core (free pack)	2.031	0.183	-4.535	0.000	0.161	1.860	0.000
ESW Vocal - Mumbles WT.xrni	octave and folded	/home/meneses/Projects/renoise/wavetable-packs/esw/Echo Sound Works Core Tables/Vocal/ESW Vocal - Mumbles.wav	Echo Sound Works Core (free pack)	7.471	0.246	-1.866	0.049	0.004	2.535	0.012
ESW Vocal - Serum Voice 01 WT.xrni	octave and folded	/home/meneses/Projects/renoise/wavetable-packs/esw/Echo Sound Works Core Tables/Vocal/ESW Vocal - Serum Voice 01.wav	Echo Sound Works Core (free pack)	4.244	0.250	-1.746	0.149	0.090	1.690	0.009
ESW Vocal - Sine Throat WT.xrni	octave and folded	/home/meneses/Projects/renoise/wavetable-packs/esw/Echo Sound Works Core Tables/Vocal/ESW Vocal - Sine Throat.wav	Echo Sound Works Core (free pack)	3.747	0.016	-1.001	0.409	0.000	1.804	0.022
Easy Mallet WT.xrni	octave and folded	/home/meneses/.local/share/vital/Factory Presets/Presets/Easy Mallet.vital	other	2.378	0.205	-5.435	0.240	0.200	1.717	0.004
Electric Grand Piano WT.xrni	octave and folded	/home/meneses/.local/share/vital/Vital Harvest/Presets/Electric Grand Piano.vital	other	45.360	0.043	0.995	0.000	0.000	3.353	0.041
Evil Doers WT.xrni	octave and folded	/home/meneses/.local/share/vital/Vital Harvest/Presets/Evil Doers.vital	other	3.493	0.345	-2.637	0.008	0.206	2.908	0.003
Extra Large WT.xrni	octave and folded	/home/meneses/.local/share/vital/Vital Harvest/Presets/Extra Large.vital	other	4.562	0.182	-2.004	0.075	0.140	2.216	0.002
FEEDBACK WT.xrni	octave and folded	/home/meneses/.local/share/vital/WaveEdit Online/Wavetables/FEEDBACK.vitaltable	WaveEdit Online (CC0)	17.495	0.009	-1.687	0.245	0.001	2.380	0.163
FX - Riser Up WT.xrni	octave and folded	/home/meneses/.local/share/vital/Vital Harvest/Presets/FX - Riser Up.vital	other	11.515	0.208	-1.657	0.000	0.000	2.475	0.013
Formant1 WT.xrni	octave and folded	/home/meneses/.local/share/vital/Kimura Taro/Wavetables/Formant/Formant1.vitaltable	Kimura Taro (CC0)	11.804	0.344	-2.618	0.003	0.002	2.269	0.010
GRAV-B6 WT.xrni	octave and folded	/home/meneses/.local/share/vital/WaveEdit Online/Wavetables/GRAV-B6.vitaltable	WaveEdit Online (CC0)	47.539	0.328	-1.625	0.129	0.006	2.406	0.023
GRAV-C2 WT.xrni	octave and folded	/home/meneses/.local/share/vital/WaveEdit Online/Wavetables/GRAV-C2.vitaltable	WaveEdit Online (CC0)	32.528	0.127	-2.229	0.126	0.005	1.600	0.051
GRAV-C9 WT.xrni	octave and folded	/home/meneses/.local/share/vital/WaveEdit Online/Wavetables/GRAV-C9.vitaltable	WaveEdit Online (CC0)	37.828	0.368	-1.896	0.098	0.009	1.873	0.045
Go Arp Yourself WT.xrni	octave and folded	/home/meneses/.local/share/vital/Vital Harvest/Presets/Go Arp Yourself.vital	other	4.319	0.000	-1.881	0.038	0.000	1.676	0.003
Good Job WT.xrni	octave and folded	/home/meneses/.local/share/vital/Vital Harvest/Presets/Good Job.vital	other	4.974	0.266	-1.979	0.055	0.203	3.485	0.003
Gorgeous Choir Pad WT.xrni	octave and folded	/home/meneses/.local/share/vital/Vital Harvest/Presets/Gorgeous Choir Pad.vital	other	5.835	0.140	-1.971	0.082	0.054	2.553	0.002
Grand Piano WT.xrni	octave and folded	/home/meneses/.local/share/vital/Vital Harvest/Presets/Grand Piano.vital	other	39.594	0.026	1.004	0.000	0.000	3.523	0.030
HVOICEA WT.xrni	octave and folded	/home/meneses/.local/share/vital/WaveEdit Online/Wavetables/HVOICEA.vitaltable	WaveEdit Online (CC0)	6.024	0.113	-2.766	0.097	0.011	2.054	0.065
Hardcore FM8 WT.xrni	octave and folded	/home/meneses/.local/share/vital/Kimura Taro/Wavetables/Hardcore FM/Hardcore FM8.vitaltable	Kimura Taro (CC0)	14.559	0.326	-1.755	0.126	0.270	2.467	0.017
Horny WT.xrni	octave and folded	/home/meneses/.local/share/vital/VitalPresets/Presets/Horny.vital	user/Discord presets (third-party)	4.548	0.293	-3.705	0.001	0.006	3.480	0.003
Intimate Piano WT.xrni	octave and folded	/home/meneses/.local/share/vital/Vital Harvest/Presets/Intimate Piano.vital	other	42.165	0.044	0.657	0.000	0.000	2.481	0.063
JUNOX_HO WT.xrni	octave and folded	/home/meneses/.local/share/vital/WaveEdit Online/Wavetables/JUNOX_HO.vitaltable	WaveEdit Online (CC0)	14.781	0.046	-1.633	0.250	0.010	2.925	0.062
Keys - Haunted WT.xrni	octave and folded	/home/meneses/.local/share/vital/Vital Harvest/Presets/Keys - Haunted.vital	other	25.738	0.187	-1.615	0.028	0.002	2.579	0.024
Keys - Run Away WT.xrni	octave and folded	/home/meneses/.local/share/vital/Vital Harvest/Presets/Keys - Run Away.vital	other	4.575	0.236	-2.736	0.012	0.230	2.053	0.007
Keys - Square Keys Analog WT.xrni	octave and folded	/home/meneses/.local/share/vital/Vital Harvest/Presets/Keys - Square Keys Analog.vital	other	8.029	0.000	-0.560	0.187	0.000	2.687	0.005
Keys - Synthesized Dreams WT.xrni	octave and folded	/home/meneses/.local/share/vital/Vital Harvest/Presets/Keys - Synthesized Dreams.vital	other	22.769	0.027	-0.738	0.215	0.000	4.027	0.017
LIGHT_00 WT.xrni	octave and folded	/home/meneses/.local/share/vital/WaveEdit Online/Wavetables/LIGHT_00.vitaltable	WaveEdit Online (CC0)	8.130	0.010	-1.511	0.104	0.001	2.212	0.069
LIGHT_YE WT.xrni	octave and folded	/home/meneses/.local/share/vital/WaveEdit Online/Wavetables/LIGHT_YE.vitaltable	WaveEdit Online (CC0)	4.168	0.369	-3.268	0.044	0.000	2.193	0.036
Lead - Lo-Fi_s Drunk WT.xrni	octave and folded	/home/meneses/.local/share/vital/Vital Harvest/Presets/Lead - Lo-Fi_s Drunk.vital	other	2.130	0.088	-3.749	0.002	0.041	1.827	0.002
Liquid Metal WT.xrni	octave and folded	/home/meneses/.local/share/vital/VitalBank/Presets/Liquid Metal.vital	other	4.021	0.001	-2.083	0.072	0.000	1.492	0.000
Little Driven Bass WT.xrni	octave and folded	/home/meneses/.local/share/vital/Growl 6 - Heavy Basses/Presets/Little Driven Bass.vital	user/Discord presets (third-party)	6.257	0.040	-2.493	0.023	0.001	1.808	0.000
Lo-fi French Horns WT.xrni	octave and folded	/home/meneses/.local/share/vital/Vital Harvest/Presets/Lo-fi French Horns.vital	other	2.190	0.001	-5.675	0.001	0.001	1.589	0.004
M1 SlapBass Complex1 WT.xrni	octave and folded	/home/meneses/.local/share/vital/Kimura Taro/Wavetables/M1 Wavetable[Mini][2048-44.1khz-32bit]/M1 SlapBass Complex1.vitaltable	Kimura Taro (CC0)	10.755	0.179	-2.717	0.004	0.000	2.231	0.009
M1 Strings1 SP1 WT.xrni	octave and folded	/home/meneses/.local/share/vital/Kimura Taro/Wavetables/M1 Wavetable[Mini][2048-44.1khz-32bit]/M1 Strings1 SP1.vitaltable	Kimura Taro (CC0)	3.920	0.328	-3.916	0.026	0.066	2.382	0.004
MUTATION WT.xrni	octave and folded	/home/meneses/.local/share/vital/WaveEdit Online/Wavetables/MUTATION.vitaltable	WaveEdit Online (CC0)	2.861	0.050	-3.129	0.069	0.003	1.604	0.037
Make Us Cry Bells WT.xrni	octave and folded	/home/meneses/.local/share/vital/Vital Harvest/Presets/Make Us Cry Bells.vital	other	3.276	0.000	-3.758	0.012	0.000	1.435	0.005
Mark Tree WT.xrni	octave and folded	/home/meneses/.local/share/vital/Vital Harvest/Presets/Mark Tree.vital	other	32.374	0.134	0.277	0.000	0.000	2.290	0.017
Meditation Zone WT.xrni	octave and folded	/home/meneses/.local/share/vital/Vital Harvest/Presets/Meditation Zone.vital	other	11.794	0.339	-1.256	0.000	0.000	1.570	0.012
Mellochoir WT.xrni	octave and folded	/home/meneses/.local/share/vital/Vital Harvest/Presets/Mellochoir.vital	other	2.365	0.001	-2.941	0.000	0.000	1.650	0.004
Melody 45 WT.xrni	octave and folded	/home/meneses/.local/share/vital/nahush2321/Presets/Melody 45.vital	user/Discord presets (third-party)	9.081	0.294	-3.141	0.008	0.026	2.057	0.014
MinipopsQuijada WT.xrni	octave and folded	/home/meneses/.local/share/vital/Vital Harvest/Presets/MinipopsQuijada.vital	other	21.991	0.040	-0.627	0.000	0.000	1.581	0.020
MultiPhase SQ IcarusStack WT.xrni	octave and folded	/home/meneses/.local/share/vital/Kimura Taro/Wavetables/MultiPhase OSC/MultiPhase SQ IcarusStack.vitaltable	Kimura Taro (CC0)	5.101	0.354	-2.224	0.173	0.244	2.339	0.007
MultiPhaseSaw IcarusStack WT.xrni	octave and folded	/home/meneses/.local/share/vital/Kimura Taro/Wavetables/MultiPhase OSC/MultiPhaseSaw IcarusStack.vitaltable	Kimura Taro (CC0)	40.189	0.214	-1.793	0.023	0.171	2.939	0.039
NightBirds WT.xrni	octave and folded	/home/meneses/.local/share/vital/VitalBank/Presets/NightBirds.vital	other	4.169	0.325	-3.206	0.102	0.097	1.880	0.004
OP1 Digital04I WT.xrni	octave and folded	/home/meneses/.local/share/vital/Kimura Taro/Wavetables/TE OP-1/OP1 Digital04I.vitaltable	Kimura Taro (CC0)	5.734	0.330	-1.764	0.008	0.187	2.201	0.010
OP1 Digital09 WT.xrni	octave and folded	/home/meneses/.local/share/vital/Kimura Taro/Wavetables/TE OP-1/OP1 Digital09.vitaltable	Kimura Taro (CC0)	3.093	0.305	-2.227	0.010	0.298	2.196	0.004
ORGANS01 WT.xrni	octave and folded	/home/meneses/.local/share/vital/WaveEdit Online/Wavetables/ORGANS01.vitaltable	WaveEdit Online (CC0)	9.073	0.376	-1.320	0.076	0.005	2.259	0.062
Organ Player WT.xrni	octave and folded	/home/meneses/.local/share/vital/Vital Harvest/Presets/Organ Player.vital	other	15.153	0.000	-1.662	0.018	0.000	3.028	0.008
PD103 WT.xrni	octave and folded	/home/meneses/.local/share/vital/WaveEdit Online/Wavetables/PD103.vitaltable	WaveEdit Online (CC0)	11.412	0.001	-1.402	0.091	0.000	1.320	0.099
PD104 WT.xrni	octave and folded	/home/meneses/.local/share/vital/WaveEdit Online/Wavetables/PD104.vitaltable	WaveEdit Online (CC0)	20.521	0.004	-0.017	0.318	0.000	1.339	0.103
PPG04 4bit WT.xrni	octave and folded	/home/meneses/.local/share/vital/Kimura Taro/Wavetables/PPG Wave[4bit]/PPG04 4bit.vitaltable	Kimura Taro (CC0)	7.370	0.096	-2.324	0.006	0.020	2.747	0.013
PPG04 WT.xrni	octave and folded	/home/meneses/.local/share/vital/Kimura Taro/Wavetables/PPG Wave/PPG04.vitaltable	Kimura Taro (CC0)	6.750	0.097	-2.368	0.001	0.021	2.766	0.009
PPG08 4bit WT.xrni	octave and folded	/home/meneses/.local/share/vital/Kimura Taro/Wavetables/PPG Wave[4bit]/PPG08 4bit.vitaltable	Kimura Taro (CC0)	2.257	0.364	-2.026	0.006	0.185	1.899	0.009
PPG08 WT.xrni	octave and folded	/home/meneses/.local/share/vital/Kimura Taro/Wavetables/PPG Wave/PPG08.vitaltable	Kimura Taro (CC0)	2.067	0.362	-2.341	0.001	0.188	1.883	0.005
PPG_WA08 WT.xrni	octave and folded	/home/meneses/.local/share/vital/WaveEdit Online/Wavetables/PPG_WA08.vitaltable	WaveEdit Online (CC0)	2.061	0.337	-2.118	0.052	0.255	1.783	0.015
PWM1 WT.xrni	octave and folded	/home/meneses/.local/share/vital/Kimura Taro/Wavetables/OSC Sync+PWM/PWM1.vitaltable	Kimura Taro (CC0)	6.093	0.235	-2.074	0.009	0.188	2.636	0.005
Pad Harmo WT.xrni	octave and folded	/home/meneses/.local/share/vital/VitalPresets/Presets/Pad Harmo.vital	user/Discord presets (third-party)	8.500	0.271	-1.191	0.000	0.000	1.414	0.017
Phase8 WT.xrni	octave and folded	/home/meneses/.local/share/vital/Kimura Taro/Wavetables/Phase/Phase8.vitaltable	Kimura Taro (CC0)	9.704	0.369	-2.342	0.019	0.034	1.437	0.015
Pink Noise Pad WT.xrni	octave and folded	/home/meneses/.local/share/vital/Vital Harvest/Presets/Pink Noise Pad.vital	other	6.578	0.188	-2.665	0.003	0.075	3.857	0.004
Plaits01 WT.xrni	octave and folded	/home/meneses/.local/share/vital/Kimura Taro/Wavetables/Mutable Instruments Plaits/Plaits01.vitaltable	Kimura Taro (CC0)	5.455	0.345	-3.576	0.000	0.087	2.068	0.006
Power Pop Snare _Gated Reverb_ WT.xrni	octave and folded	/home/meneses/.local/share/vital/Vital Harvest/Presets/Power Pop Snare _Gated Reverb_.vital	other	2.027	0.027	-3.822	0.000	0.000	1.576	0.003
RETRO_SP WT.xrni	octave and folded	/home/meneses/.local/share/vital/WaveEdit Online/Wavetables/RETRO_SP.vitaltable	WaveEdit Online (CC0)	8.645	0.012	-1.512	0.208	0.002	2.552	0.072
RRLYRQ5 WT.xrni	octave and folded	/home/meneses/.local/share/vital/WaveEdit Online/Wavetables/RRLYRQ5.vitaltable	WaveEdit Online (CC0)	3.096	0.009	-3.741	0.052	0.001	1.555	0.023
RRLYRQ6 WT.xrni	octave and folded	/home/meneses/.local/share/vital/WaveEdit Online/Wavetables/RRLYRQ6.vitaltable	WaveEdit Online (CC0)	3.187	0.007	-3.636	0.046	0.000	1.536	0.027
RRLYRQ7 WT.xrni	octave and folded	/home/meneses/.local/share/vital/WaveEdit Online/Wavetables/RRLYRQ7.vitaltable	WaveEdit Online (CC0)	3.075	0.005	-3.576	0.067	0.001	1.607	0.026
RandomFFT1 WT.xrni	octave and folded	/home/meneses/.local/share/vital/Kimura Taro/Wavetables/RandomFFT/RandomFFT1.vitaltable	Kimura Taro (CC0)	6.455	0.266	-2.636	0.002	0.000	1.966	0.009
RandomFFT3 WT.xrni	octave and folded	/home/meneses/.local/share/vital/Kimura Taro/Wavetables/RandomFFT/RandomFFT3.vitaltable	Kimura Taro (CC0)	5.412	0.257	-0.810	0.002	0.000	2.138	0.008
SOHLER20 WT.xrni	octave and folded	/home/meneses/.local/share/vital/WaveEdit Online/Wavetables/SOHLER20.vitaltable	WaveEdit Online (CC0)	6.116	0.154	-1.667	0.131	0.001	1.830	0.072
SOHLER29 WT.xrni	octave and folded	/home/meneses/.local/share/vital/WaveEdit Online/Wavetables/SOHLER29.vitaltable	WaveEdit Online (CC0)	7.892	0.332	-2.636	0.174	0.185	1.916	0.101
SOHLER44 WT.xrni	octave and folded	/home/meneses/.local/share/vital/WaveEdit Online/Wavetables/SOHLER44.vitaltable	WaveEdit Online (CC0)	17.631	0.401	-0.863	0.060	0.007	1.445	0.036
SOHLER60 WT.xrni	octave and folded	/home/meneses/.local/share/vital/WaveEdit Online/Wavetables/SOHLER60.vitaltable	WaveEdit Online (CC0)	21.058	0.309	-0.905	0.125	0.013	1.916	0.038
SOHLER81 WT.xrni	octave and folded	/home/meneses/.local/share/vital/WaveEdit Online/Wavetables/SOHLER81.vitaltable	WaveEdit Online (CC0)	11.559	0.182	-1.685	0.139	0.004	1.716	0.022
SPECTR01 WT.xrni	octave and folded	/home/meneses/.local/share/vital/WaveEdit Online/Wavetables/SPECTR01.vitaltable	WaveEdit Online (CC0)	13.332	0.222	-0.613	0.113	0.000	2.143	0.039
SUPERSAW WT.xrni	octave and folded	/home/meneses/.local/share/vital/WaveEdit Online/Wavetables/SUPERSAW.vitaltable	WaveEdit Online (CC0)	9.151	0.015	-0.354	0.337	0.000	1.832	0.127
SYNLP111 WT.xrni	octave and folded	/home/meneses/.local/share/vital/WaveEdit Online/Wavetables/SYNLP111.vitaltable	WaveEdit Online (CC0)	4.592	0.001	-3.684	0.040	0.000	1.506	0.057
SYNLP116 WT.xrni	octave and folded	/home/meneses/.local/share/vital/WaveEdit Online/Wavetables/SYNLP116.vitaltable	WaveEdit Online (CC0)	12.506	0.004	-1.599	0.114	0.000	1.316	0.019
SYNLP12 WT.xrni	octave and folded	/home/meneses/.local/share/vital/WaveEdit Online/Wavetables/SYNLP12.vitaltable	WaveEdit Online (CC0)	2.043	0.005	-2.619	0.110	0.002	1.450	0.009
SYNLP130 WT.xrni	octave and folded	/home/meneses/.local/share/vital/WaveEdit Online/Wavetables/SYNLP130.vitaltable	WaveEdit Online (CC0)	23.421	0.137	-0.215	0.095	0.002	1.354	0.041
SYNLP132 WT.xrni	octave and folded	/home/meneses/.local/share/vital/WaveEdit Online/Wavetables/SYNLP132.vitaltable	WaveEdit Online (CC0)	13.919	0.037	0.210	0.086	0.001	1.353	0.025
SYNLP148 WT.xrni	octave and folded	/home/meneses/.local/share/vital/WaveEdit Online/Wavetables/SYNLP148.vitaltable	WaveEdit Online (CC0)	7.312	0.182	-2.738	0.191	0.024	1.359	0.011
SYNLP159 WT.xrni	octave and folded	/home/meneses/.local/share/vital/WaveEdit Online/Wavetables/SYNLP159.vitaltable	WaveEdit Online (CC0)	8.008	0.002	-1.748	0.132	0.000	1.413	0.124
SYNLP160 WT.xrni	octave and folded	/home/meneses/.local/share/vital/WaveEdit Online/Wavetables/SYNLP160.vitaltable	WaveEdit Online (CC0)	2.350	0.116	-3.363	0.059	0.061	1.411	0.039
SYNLP164 WT.xrni	octave and folded	/home/meneses/.local/share/vital/WaveEdit Online/Wavetables/SYNLP164.vitaltable	WaveEdit Online (CC0)	15.998	0.005	-0.080	0.106	0.000	1.105	0.006
SYNLP165 WT.xrni	octave and folded	/home/meneses/.local/share/vital/WaveEdit Online/Wavetables/SYNLP165.vitaltable	WaveEdit Online (CC0)	21.379	0.023	-0.316	0.158	0.001	1.134	0.008
SYNLP182 WT.xrni	octave and folded	/home/meneses/.local/share/vital/WaveEdit Online/Wavetables/SYNLP182.vitaltable	WaveEdit Online (CC0)	2.005	0.002	-2.521	0.103	0.001	1.416	0.031
SYNLP184 WT.xrni	octave and folded	/home/meneses/.local/share/vital/WaveEdit Online/Wavetables/SYNLP184.vitaltable	WaveEdit Online (CC0)	3.803	0.010	-2.565	0.180	0.000	1.431	0.056
SYNLP185 WT.xrni	octave and folded	/home/meneses/.local/share/vital/WaveEdit Online/Wavetables/SYNLP185.vitaltable	WaveEdit Online (CC0)	6.736	0.022	-0.782	0.288	0.000	1.446	0.098
SYNLP198 WT.xrni	octave and folded	/home/meneses/.local/share/vital/WaveEdit Online/Wavetables/SYNLP198.vitaltable	WaveEdit Online (CC0)	27.588	0.033	-0.874	0.110	0.001	1.366	0.056
SYNLP27 WT.xrni	octave and folded	/home/meneses/.local/share/vital/WaveEdit Online/Wavetables/SYNLP27.vitaltable	WaveEdit Online (CC0)	18.077	0.309	-1.482	0.190	0.014	1.593	0.027
SYNLP31 WT.xrni	octave and folded	/home/meneses/.local/share/vital/WaveEdit Online/Wavetables/SYNLP31.vitaltable	WaveEdit Online (CC0)	21.413	0.230	-1.865	0.251	0.133	1.417	0.020
SYNLP38 WT.xrni	octave and folded	/home/meneses/.local/share/vital/WaveEdit Online/Wavetables/SYNLP38.vitaltable	WaveEdit Online (CC0)	5.714	0.001	-3.742	0.015	0.001	1.517	0.006
SYNLP43 WT.xrni	octave and folded	/home/meneses/.local/share/vital/WaveEdit Online/Wavetables/SYNLP43.vitaltable	WaveEdit Online (CC0)	4.387	0.003	-2.932	0.115	0.000	1.468	0.063
SYNLP44 WT.xrni	octave and folded	/home/meneses/.local/share/vital/WaveEdit Online/Wavetables/SYNLP44.vitaltable	WaveEdit Online (CC0)	17.013	0.002	-0.522	0.013	0.000	1.324	0.036
SYNLP47 WT.xrni	octave and folded	/home/meneses/.local/share/vital/WaveEdit Online/Wavetables/SYNLP47.vitaltable	WaveEdit Online (CC0)	35.605	0.020	-1.243	0.233	0.000	1.410	0.022
SYNLP63 WT.xrni	octave and folded	/home/meneses/.local/share/vital/WaveEdit Online/Wavetables/SYNLP63.vitaltable	WaveEdit Online (CC0)	16.499	0.207	-0.703	0.115	0.008	1.439	0.034
SYNLP66 WT.xrni	octave and folded	/home/meneses/.local/share/vital/WaveEdit Online/Wavetables/SYNLP66.vitaltable	WaveEdit Online (CC0)	2.398	0.077	-2.950	0.073	0.000	1.415	0.036
SYNLP74 WT.xrni	octave and folded	/home/meneses/.local/share/vital/WaveEdit Online/Wavetables/SYNLP74.vitaltable	WaveEdit Online (CC0)	2.401	0.212	-5.543	0.022	0.147	1.255	0.034
SYNLP80 WT.xrni	octave and folded	/home/meneses/.local/share/vital/WaveEdit Online/Wavetables/SYNLP80.vitaltable	WaveEdit Online (CC0)	18.648	0.013	-1.573	0.181	0.000	1.373	0.071
SYNLP82 WT.xrni	octave and folded	/home/meneses/.local/share/vital/WaveEdit Online/Wavetables/SYNLP82.vitaltable	WaveEdit Online (CC0)	18.013	0.131	-0.640	0.162	0.002	1.384	0.038
SYNLP83 WT.xrni	octave and folded	/home/meneses/.local/share/vital/WaveEdit Online/Wavetables/SYNLP83.vitaltable	WaveEdit Online (CC0)	4.567	0.056	-2.510	0.222	0.003	1.288	0.057
SYNLP85 WT.xrni	octave and folded	/home/meneses/.local/share/vital/WaveEdit Online/Wavetables/SYNLP85.vitaltable	WaveEdit Online (CC0)	2.134	0.291	-4.140	0.021	0.116	1.604	0.026
SYNLP86 WT.xrni	octave and folded	/home/meneses/.local/share/vital/WaveEdit Online/Wavetables/SYNLP86.vitaltable	WaveEdit Online (CC0)	5.195	0.170	-1.704	0.198	0.109	1.416	0.022
SYNLP98 WT.xrni	octave and folded	/home/meneses/.local/share/vital/WaveEdit Online/Wavetables/SYNLP98.vitaltable	WaveEdit Online (CC0)	19.655	0.111	-0.478	0.101	0.000	1.514	0.035
SYNLP99 WT.xrni	octave and folded	/home/meneses/.local/share/vital/WaveEdit Online/Wavetables/SYNLP99.vitaltable	WaveEdit Online (CC0)	9.192	0.251	-2.815	0.176	0.097	1.498	0.008
SYNLPG09 WT.xrni	octave and folded	/home/meneses/.local/share/vital/WaveEdit Online/Wavetables/SYNLPG09.vitaltable	WaveEdit Online (CC0)	1.993	0.280	-2.910	0.123	0.171	1.434	0.005
SYNTH_VO WT.xrni	octave and folded	/home/meneses/.local/share/vital/WaveEdit Online/Wavetables/SYNTH_VO.vitaltable	WaveEdit Online (CC0)	3.302	0.006	-3.234	0.052	0.002	1.623	0.032
Savage Bass WT.xrni	octave and folded	/home/meneses/.local/share/vital/Vital Harvest/Presets/Savage Bass.vital	other	3.154	0.000	-3.775	0.012	0.000	1.823	0.004
SawFMRingSP WT.xrni	octave and folded	/home/meneses/.local/share/vital/Kimura Taro/Wavetables/Combination of various synthesis methods/SawFMRingSP.vitaltable	Kimura Taro (CC0)	14.217	0.212	-1.507	0.005	0.018	2.757	0.009
SawSync1 WT.xrni	octave and folded	/home/meneses/.local/share/vital/Kimura Taro/Wavetables/OSC Sync+PWM/SawSync1.vitaltable	Kimura Taro (CC0)	11.241	0.368	-1.734	0.008	0.025	2.229	0.010
Shine Box WT.xrni	octave and folded	/home/meneses/.local/share/vital/Vital Harvest/Presets/Shine Box.vital	other	4.591	0.000	-1.158	0.144	0.000	1.522	0.005
Spacey WT.xrni	octave and folded	/home/meneses/.local/share/vital/Vital Harvest/Presets/Spacey.vital	other	14.827	0.000	-0.523	0.219	0.000	2.267	0.013
Stairway Soloist WT.xrni	octave and folded	/home/meneses/.local/share/vital/Vital Harvest/Presets/Stairway Soloist.vital	other	11.353	0.059	-2.859	0.000	0.059	1.714	0.024
String Machinest WT.xrni	octave and folded	/home/meneses/.local/share/vital/Vital Harvest/Presets/String Machinest.vital	other	2.633	0.089	-4.377	0.004	0.007	1.945	0.002
StringCp1 WT.xrni	octave and folded	/home/meneses/.local/share/vital/Kimura Taro/Wavetables/Karplus Strong/StringCp1.vitaltable	Kimura Taro (CC0)	16.091	0.174	-5.637	0.002	0.036	2.567	0.013
Synth 8 WT.xrni	octave and folded	/home/meneses/.local/share/vital/nahush2321/Presets/Synth 8.vital	user/Discord presets (third-party)	2.609	0.137	-4.721	0.004	0.112	1.571	0.004
System Failure Bells WT.xrni	octave and folded	/home/meneses/.local/share/vital/Vital Harvest/Presets/System Failure Bells.vital	other	5.460	0.199	-2.357	0.012	0.123	2.835	0.005
THREE SOURCES WT.xrni	octave and folded	/home/meneses/.local/share/vital/nahush2321/Wavetables/THREE SOURCES.vitaltable	user/Discord presets (third-party)	8.348	0.058	-1.135	0.160	0.043	1.941	0.002
TWIST1 WT.xrni	octave and folded	/home/meneses/.local/share/vital/WaveEdit Online/Wavetables/TWIST1.vitaltable	WaveEdit Online (CC0)	7.986	0.013	-1.521	0.046	0.002	2.881	0.051
TWIST6 WT.xrni	octave and folded	/home/meneses/.local/share/vital/WaveEdit Online/Wavetables/TWIST6.vitaltable	WaveEdit Online (CC0)	8.279	0.072	-1.839	0.029	0.040	2.350	0.053
Temple Bell WT.xrni	octave and folded	/home/meneses/.local/share/vital/Vital Harvest/Presets/Temple Bell.vital	other	2.693	0.227	-5.557	0.001	0.162	2.026	0.004
Term4 WT.xrni	octave and folded	/home/meneses/.local/share/vital/Kimura Taro/Wavetables/AudioTerm/Term4.vitaltable	Kimura Taro (CC0)	34.751	0.207	0.233	0.001	0.000	2.418	0.011
Terra Bend_PD Stack WT.xrni	octave and folded	/home/meneses/.local/share/vital/Kimura Taro/Wavetables/K-Devicees Terra/Terra Bend+PD Stack.vitaltable	Kimura Taro (CC0)	25.339	0.005	-0.908	0.278	0.000	3.268	0.022
This is the Return WT.xrni	octave and folded	/home/meneses/.local/share/vital/Vital Harvest/Presets/This is the Return.vital	other	5.667	0.000	-1.446	0.046	0.000	1.833	0.003
Unison Bells WT.xrni	octave and folded	/home/meneses/.local/share/vital/Vital Harvest/Presets/Unison Bells.vital	other	11.755	0.215	-0.133	0.000	0.000	1.533	0.014
VIRUS_SA WT.xrni	octave and folded	/home/meneses/.local/share/vital/WaveEdit Online/Wavetables/VIRUS_SA.vitaltable	WaveEdit Online (CC0)	4.267	0.410	-2.601	0.082	0.065	2.120	0.043
VOCAL_00 WT.xrni	octave and folded	/home/meneses/.local/share/vital/WaveEdit Online/Wavetables/VOCAL_00.vitaltable	WaveEdit Online (CC0)	12.158	0.050	-2.350	0.177	0.036	2.240	0.119
VS VMorph1 WT.xrni	octave and folded	/home/meneses/.local/share/vital/Kimura Taro/Wavetables/Prophet VS Wave/VS VMorph1.vitaltable	Kimura Taro (CC0)	35.373	0.189	-1.723	0.039	0.105	2.609	0.029
VS VMorph4 WT.xrni	octave and folded	/home/meneses/.local/share/vital/Kimura Taro/Wavetables/Prophet VS Wave/VS VMorph4.vitaltable	Kimura Taro (CC0)	37.631	0.057	-1.200	0.024	0.036	3.122	0.030
VS VMorph5 WT.xrni	octave and folded	/home/meneses/.local/share/vital/Kimura Taro/Wavetables/Prophet VS Wave/VS VMorph5.vitaltable	Kimura Taro (CC0)	14.966	0.068	-1.829	0.035	0.002	2.324	0.013
Vocal - Roles Reversed WT.xrni	octave and folded	/home/meneses/.local/share/vital/Vital Harvest/Presets/Vocal - Roles Reversed.vital	other	7.602	0.000	-0.625	0.139	0.000	1.919	0.003
Vocal Feels WT.xrni	octave and folded	/home/meneses/.local/share/vital/Vital Harvest/Presets/Vocal Feels.vital	other	8.300	0.008	-1.633	0.008	0.000	2.492	0.012
abs2 WT.xrni	octave and folded	/home/meneses/.local/share/vital/Kimura Taro/Wavetables/abs/abs2.vitaltable	Kimura Taro (CC0)	11.107	0.411	-2.076	0.081	0.012	1.938	0.018
abs3 WT.xrni	octave and folded	/home/meneses/.local/share/vital/Kimura Taro/Wavetables/abs/abs3.vitaltable	Kimura Taro (CC0)	7.287	0.376	-1.796	0.017	0.004	1.783	0.013
abs4 WT.xrni	octave and folded	/home/meneses/.local/share/vital/Kimura Taro/Wavetables/abs/abs4.vitaltable	Kimura Taro (CC0)	14.146	0.332	-0.954	0.056	0.028	1.821	0.025
ba.022 WT.xrni	octave and folded	/home/meneses/.local/share/vital/qub1t/Presets/ba.022.vital	user/Discord presets (third-party)	4.981	0.225	-2.942	0.015	0.225	1.857	0.005
base check WT.xrni	octave and folded	/home/meneses/.local/share/vital/nahush2321/Presets/base check.vital	user/Discord presets (third-party)	5.798	0.093	-2.472	0.011	0.006	2.179	0.009
minimal house stab 14 WT.xrni	octave and folded	/home/meneses/.local/share/vital/qub1t/Presets/minimal house stab 14.vital	user/Discord presets (third-party)	15.214	0.255	-2.160	0.011	0.003	2.861	0.012
pad 005 WT.xrni	octave and folded	/home/meneses/.local/share/vital/qub1t/Presets/pad 005.vital	user/Discord presets (third-party)	5.366	0.190	-2.513	0.017	0.154	2.323	0.006
rs.006 WT.xrni	octave and folded	/home/meneses/.local/share/vital/qub1t/Presets/rs.006.vital	user/Discord presets (third-party)	50.759	0.009	-0.945	0.321	0.000	3.436	0.031
111___00 WT.xrni	pulse and round	/home/meneses/.local/share/vital/WaveEdit Online/Wavetables/111___00.vitaltable	WaveEdit Online (CC0)	2.206	0.956	-2.123	0.196	0.640	1.708	0.037
808 Quickdrop Lil Saw WT.xrni	pulse and round	/home/meneses/.local/share/vital/VitalPresets/Presets/808 Quickdrop Lil Saw.vital	user/Discord presets (third-party)	1.932	0.940	-2.119	0.333	0.906	1.375	0.002
AAA Glass Requiem WT.xrni	pulse and round	/home/meneses/.local/share/vital/Vital Harvest/Presets/AAA Glass Requiem.vital	other	12.666	0.706	-1.570	0.493	0.501	3.228	0.002
ACCESS_V WT.xrni	pulse and round	/home/meneses/.local/share/vital/WaveEdit Online/Wavetables/ACCESS_V.vitaltable	WaveEdit Online (CC0)	3.541	0.712	-2.268	0.420	0.507	1.589	0.011
AJ-PWM Saw1 WT.xrni	pulse and round	/home/meneses/.local/share/vital/Kimura Taro/Wavetables/Alpha Juno SawPWM/AJ-PWM Saw1.vitaltable	Kimura Taro (CC0)	4.255	0.760	-2.023	0.385	0.638	1.456	0.001
AMPWM1 WT.xrni	pulse and round	/home/meneses/.local/share/vital/Kimura Taro/Wavetables/AMPWM/AMPWM1.vitaltable	Kimura Taro (CC0)	2.982	0.836	-2.069	0.371	0.769	1.732	0.001
AMPWM3 WT.xrni	pulse and round	/home/meneses/.local/share/vital/Kimura Taro/Wavetables/AMPWM/AMPWM3.vitaltable	Kimura Taro (CC0)	3.576	0.772	-2.088	0.373	0.573	1.732	0.002
AMPWM4 WT.xrni	pulse and round	/home/meneses/.local/share/vital/Kimura Taro/Wavetables/AMPWM/AMPWM4.vitaltable	Kimura Taro (CC0)	8.742	0.615	-2.043	0.343	0.349	1.732	0.005
Abusive WT.xrni	pulse and round	/home/meneses/.local/share/vital/Vital Harvest/Presets/Abusive.vital	other	4.567	0.750	-2.000	0.356	0.608	2.041	0.003
Ambient Duduk WT.xrni	pulse and round	/home/meneses/.local/share/vital/Vital Harvest/Presets/Ambient Duduk.vital	other	1.626	0.951	-2.105	0.386	0.921	1.429	0.002
Ambient Soundscape 1 WT.xrni	pulse and round	/home/meneses/.local/share/vital/Vital Harvest/Presets/Ambient Soundscape 1.vital	other	6.709	0.659	-2.080	0.231	0.384	2.420	0.023
Arp 3 WT.xrni	pulse and round	/home/meneses/.local/share/vital/nahush2321/Presets/Arp 3.vital	user/Discord presets (third-party)	2.133	0.994	-1.728	0.253	0.855	1.540	0.002
Atmosphere 29 WT.xrni	pulse and round	/home/meneses/.local/share/vital/nahush2321/Presets/Atmosphere 29.vital	user/Discord presets (third-party)	7.381	0.731	-1.999	0.359	0.561	2.522	0.006
BA Hands Up Pitch Bass 03 WT.xrni	pulse and round	/home/meneses/.local/share/vital/Vital Harvest/Presets/BA Hands Up Pitch Bass 03.vital	other	2.337	0.892	-2.359	0.297	0.832	1.291	0.003
BASE 445 WT.xrni	pulse and round	/home/meneses/.local/share/vital/nahush2321/Presets/BASE 445.vital	user/Discord presets (third-party)	4.525	0.738	-2.038	0.296	0.583	1.995	0.003
BLA - Masterclass Kick2 WT.xrni	pulse and round	/home/meneses/.local/share/vital/VitalPresets/Presets/BLA - Masterclass Kick2.vital	user/Discord presets (third-party)	3.411	0.875	-2.009	0.309	0.731	1.573	0.001
Basic Bass WT.xrni	pulse and round	/home/meneses/.local/share/vital/Vital Harvest/Presets/Basic Bass.vital	other	4.897	0.750	-1.999	0.398	0.608	3.892	0.001
Basic Organ WT.xrni	pulse and round	/home/meneses/.local/share/vital/Vital Harvest/Presets/Basic Organ.vital	other	3.252	1.000	-1.269	0.300	0.811	1.000	0.002
Bass  gride WT.xrni	pulse and round	/home/meneses/.local/share/vital/nahush2321/Wavetables/Bass  gride.vitaltable	user/Discord presets (third-party)	2.861	0.753	-2.062	0.464	0.641	2.083	0.003
Bass - All Out WT.xrni	pulse and round	/home/meneses/.local/share/vital/Vital Harvest/Presets/Bass - All Out.vital	other	1.660	0.675	-2.197	0.354	0.646	1.714	0.008
Bass - Four 15_s WT.xrni	pulse and round	/home/meneses/.local/share/vital/Vital Harvest/Presets/Bass - Four 15_s.vital	other	3.566	0.783	-2.206	0.158	0.530	3.361	0.002
Bass Aight WT.xrni	pulse and round	/home/meneses/.local/share/vital/VitalPresets/Presets/Bass Aight.vital	user/Discord presets (third-party)	2.076	0.900	-2.037	0.468	0.852	1.559	0.004
BassTables 01 WT.xrni	pulse and round	/home/meneses/Projects/renoise/wavetable-packs/basstables-v1/BassTables/BassTables 01.wav	BassTables (free use license)	21.148	0.811	-0.836	0.104	0.601	2.242	0.026
BassTables 10 WT.xrni	pulse and round	/home/meneses/Projects/renoise/wavetable-packs/basstables-v1/BassTables/BassTables 10.wav	BassTables (free use license)	25.537	0.973	-1.445	0.241	0.141	2.223	0.060
BassTables 12 WT.xrni	pulse and round	/home/meneses/Projects/renoise/wavetable-packs/basstables-v1/BassTables/BassTables 12.wav	BassTables (free use license)	14.491	0.726	-1.223	0.141	0.520	2.408	0.031
BassTables 17 WT.xrni	pulse and round	/home/meneses/Projects/renoise/wavetable-packs/basstables-v1/BassTables/BassTables 17.wav	BassTables (free use license)	8.901	0.983	-0.686	0.171	0.774	2.285	0.026
BassTables 20 WT.xrni	pulse and round	/home/meneses/Projects/renoise/wavetable-packs/basstables-v1/BassTables/BassTables 20.wav	BassTables (free use license)	14.057	0.827	-1.158	0.225	0.650	2.537	0.023
BassTables 26 WT.xrni	pulse and round	/home/meneses/Projects/renoise/wavetable-packs/basstables-v1/BassTables/BassTables 26.wav	BassTables (free use license)	11.088	0.887	-0.789	0.157	0.771	2.364	0.025
BassTables 27 WT.xrni	pulse and round	/home/meneses/Projects/renoise/wavetable-packs/basstables-v1/BassTables/BassTables 27.wav	BassTables (free use license)	13.092	0.892	-0.485	0.135	0.776	2.366	0.027
BassTables 30 WT.xrni	pulse and round	/home/meneses/Projects/renoise/wavetable-packs/basstables-v1/BassTables/BassTables 30.wav	BassTables (free use license)	24.804	0.708	-0.894	0.210	0.544	2.974	0.031
Bitty Triangle WT.xrni	pulse and round	/home/meneses/.local/share/vital/Vital Harvest/Presets/Bitty Triangle.vital	other	2.491	0.755	-3.252	0.382	0.620	2.002	0.006
Breakout WT.xrni	pulse and round	/home/meneses/.local/share/vital/Vital Harvest/Presets/Breakout.vital	other	4.148	0.750	-2.000	0.390	0.609	2.040	0.005
Broken Elevator WT.xrni	pulse and round	/home/meneses/.local/share/vital/Vital Harvest/Presets/Broken Elevator.vital	other	4.229	0.964	-1.324	0.388	0.782	1.308	0.003
Broken Vocal WT.xrni	pulse and round	/home/meneses/.local/share/vital/Vital Harvest/Presets/Broken Vocal.vital	other	2.619	0.805	-2.154	0.406	0.699	1.449	0.002
Buildup plucks WT.xrni	pulse and round	/home/meneses/.local/share/vital/Vital Harvest/Presets/Buildup plucks.vital	other	4.897	0.750	-1.999	0.404	0.608	1.731	0.002
CRUSH_AD WT.xrni	pulse and round	/home/meneses/.local/share/vital/WaveEdit Online/Wavetables/CRUSH_AD.vitaltable	WaveEdit Online (CC0)	5.537	0.816	-1.275	0.573	0.737	2.271	0.060
Celestial Stairway Poly WT.xrni	pulse and round	/home/meneses/.local/share/vital/Vital Harvest/Presets/Celestial Stairway Poly.vital	other	4.567	0.750	-2.000	0.360	0.608	2.568	0.019
Chebyshev poly2 WT.xrni	pulse and round	/home/meneses/.local/share/vital/Kimura Taro/Wavetables/Chebyshev polynomials/Chebyshev poly2.vitaltable	Kimura Taro (CC0)	6.833	0.768	-2.181	0.393	0.431	1.208	0.007
Classic FM Bass WT.xrni	pulse and round	/home/meneses/.local/share/vital/Vital Harvest/Presets/Classic FM Bass.vital	other	4.897	0.750	-1.999	0.398	0.608	2.204	0.004
Curious Bass WT.xrni	pulse and round	/home/meneses/.local/share/vital/misc/Presets/Curious Bass.vital	other	3.758	0.961	-2.049	0.332	0.779	1.312	0.001
Cut Sine WT.xrni	pulse and round	/home/meneses/.local/share/vital/nahush2321/Wavetables/Cut Sine.vitaltable	user/Discord presets (third-party)	8.408	0.996	-0.805	0.548	0.986	1.423	0.018
DIRTY_01 WT.xrni	pulse and round	/home/meneses/.local/share/vital/WaveEdit Online/Wavetables/DIRTY_01.vitaltable	WaveEdit Online (CC0)	6.392	0.731	-1.954	0.488	0.246	1.745	0.008
DIRTY_02 WT.xrni	pulse and round	/home/meneses/.local/share/vital/WaveEdit Online/Wavetables/DIRTY_02.vitaltable	WaveEdit Online (CC0)	8.216	0.673	-1.794	0.495	0.523	2.030	0.010
Did You Kill My Brother WT.xrni	pulse and round	/home/meneses/.local/share/vital/Vital Harvest/Presets/Did You Kill My Brother.vital	other	5.449	0.717	-1.924	0.351	0.480	2.374	0.001
Dnb Modern Dull 3 WT.xrni	pulse and round	/home/meneses/.local/share/vital/VitalPresets/Presets/Dnb Modern Dull 3.vital	user/Discord presets (third-party)	4.720	0.708	-2.168	0.161	0.574	1.220	0.001
Dub Noise WT.xrni	pulse and round	/home/meneses/.local/share/vital/Vital Harvest/Presets/Dub Noise.vital	other	24.329	0.744	-2.172	0.377	0.566	2.316	0.051
E.GUITAR WT.xrni	pulse and round	/home/meneses/.local/share/vital/WaveEdit Online/Wavetables/E.GUITAR.vitaltable	WaveEdit Online (CC0)	2.979	0.857	-3.006	0.212	0.558	1.698	0.035
ESW Analog - 303 Saw WT.xrni	pulse and round	/home/meneses/Projects/renoise/wavetable-packs/esw/Echo Sound Works Core Tables/Analog/ESW Analog - 303 Saw.wav	Echo Sound Works Core (free pack)	3.566	0.783	-2.206	0.157	0.530	3.361	0.002
ESW Analog - ARP Saw WT.xrni	pulse and round	/home/meneses/Projects/renoise/wavetable-packs/esw/Echo Sound Works Core Tables/Analog/ESW Analog - ARP Saw.wav	Echo Sound Works Core (free pack)	3.629	0.658	-2.073	0.209	0.458	2.008	0.003
ESW Analog - Brute Saw WT.xrni	pulse and round	/home/meneses/Projects/renoise/wavetable-packs/esw/Echo Sound Works Core Tables/Analog/ESW Analog - Brute Saw.wav	Echo Sound Works Core (free pack)	1.389	0.954	-2.323	0.253	0.924	1.655	0.001
ESW Analog - JP800 Saw WT.xrni	pulse and round	/home/meneses/Projects/renoise/wavetable-packs/esw/Echo Sound Works Core Tables/Analog/ESW Analog - JP800 Saw.wav	Echo Sound Works Core (free pack)	3.710	0.798	-2.087	0.306	0.658	1.951	0.002
ESW Analog - JP800 Square WT.xrni	pulse and round	/home/meneses/Projects/renoise/wavetable-packs/esw/Echo Sound Works Core Tables/Analog/ESW Analog - JP800 Square.wav	Echo Sound Works Core (free pack)	3.638	0.748	-1.985	0.265	0.668	1.821	0.002
ESW Analog - Jupiter 8 Saw WT.xrni	pulse and round	/home/meneses/Projects/renoise/wavetable-packs/esw/Echo Sound Works Core Tables/Analog/ESW Analog - Jupiter 8 Saw.wav	Echo Sound Works Core (free pack)	3.062	0.788	-2.303	0.250	0.675	2.216	0.001
ESW Analog - Jupiter 8 Square WT.xrni	pulse and round	/home/meneses/Projects/renoise/wavetable-packs/esw/Echo Sound Works Core Tables/Analog/ESW Analog - Jupiter 8 Square.wav	Echo Sound Works Core (free pack)	2.133	0.994	-1.728	0.253	0.855	1.540	0.002
ESW Analog - Korg Pro Saw WT.xrni	pulse and round	/home/meneses/Projects/renoise/wavetable-packs/esw/Echo Sound Works Core Tables/Analog/ESW Analog - Korg Pro Saw.wav	Echo Sound Works Core (free pack)	3.441	0.657	-2.081	0.166	0.550	1.755	0.002
ESW Analog - PWM Drift WT.xrni	pulse and round	/home/meneses/Projects/renoise/wavetable-packs/esw/Echo Sound Works Core Tables/Analog/ESW Analog - PWM Drift.wav	Echo Sound Works Core (free pack)	2.516	0.890	-2.089	0.231	0.820	1.359	0.003
ESW Analog - SH101 Square 1 WT.xrni	pulse and round	/home/meneses/Projects/renoise/wavetable-packs/esw/Echo Sound Works Core Tables/Analog/ESW Analog - SH101 Square 1.wav	Echo Sound Works Core (free pack)	2.506	0.943	-1.953	0.214	0.784	1.505	0.002
ESW Basics - MB Saw WT.xrni	pulse and round	/home/meneses/Projects/renoise/wavetable-packs/esw/Echo Sound Works Core Tables/Basics/ESW Basics - MB Saw.wav	Echo Sound Works Core (free pack)	3.886	0.815	-2.133	0.258	0.636	2.183	0.003
ESW Basics - PWM Pulse 01 WT.xrni	pulse and round	/home/meneses/Projects/renoise/wavetable-packs/esw/Echo Sound Works Core Tables/Basics/ESW Basics - PWM Pulse 01.wav	Echo Sound Works Core (free pack)	3.855	0.660	-2.083	0.225	0.517	2.305	0.004
ESW Basics - PWM Saw 01 WT.xrni	pulse and round	/home/meneses/Projects/renoise/wavetable-packs/esw/Echo Sound Works Core Tables/Basics/ESW Basics - PWM Saw 01.wav	Echo Sound Works Core (free pack)	4.542	0.807	-1.978	0.365	0.671	2.243	0.003
ESW Basics - Saw Collection WT.xrni	pulse and round	/home/meneses/Projects/renoise/wavetable-packs/esw/Echo Sound Works Core Tables/Basics/ESW Basics - Saw Collection.wav	Echo Sound Works Core (free pack)	3.809	0.780	-2.046	0.161	0.663	1.656	0.002
ESW Basics - Saw Dual 02 WT.xrni	pulse and round	/home/meneses/Projects/renoise/wavetable-packs/esw/Echo Sound Works Core Tables/Basics/ESW Basics - Saw Dual 02.wav	Echo Sound Works Core (free pack)	5.564	0.563	-1.955	0.207	0.497	2.795	0.005
ESW Basics - Saw Thin WT.xrni	pulse and round	/home/meneses/Projects/renoise/wavetable-packs/esw/Echo Sound Works Core Tables/Basics/ESW Basics - Saw Thin.wav	Echo Sound Works Core (free pack)	5.325	0.706	-1.982	0.403	0.549	2.324	0.004
ESW Basics - Sine 03 WT.xrni	pulse and round	/home/meneses/Projects/renoise/wavetable-packs/esw/Echo Sound Works Core Tables/Basics/ESW Basics - Sine 03.wav	Echo Sound Works Core (free pack)	2.022	0.751	-2.211	0.303	0.680	1.602	0.002
ESW Basics - Sine Saw Reveal WT.xrni	pulse and round	/home/meneses/Projects/renoise/wavetable-packs/esw/Echo Sound Works Core Tables/Basics/ESW Basics - Sine Saw Reveal.wav	Echo Sound Works Core (free pack)	1.977	0.875	-2.170	0.308	0.842	1.550	0.002
ESW Basics - Square Collection WT.xrni	pulse and round	/home/meneses/Projects/renoise/wavetable-packs/esw/Echo Sound Works Core Tables/Basics/ESW Basics - Square Collection.wav	Echo Sound Works Core (free pack)	3.864	0.999	-1.673	0.295	0.779	1.571	0.003
ESW Basics - Square Pushy WT.xrni	pulse and round	/home/meneses/Projects/renoise/wavetable-packs/esw/Echo Sound Works Core Tables/Basics/ESW Basics - Square Pushy.wav	Echo Sound Works Core (free pack)	4.404	0.668	-2.010	0.391	0.541	1.134	0.002
ESW Basics - Triangle Saw WT.xrni	pulse and round	/home/meneses/Projects/renoise/wavetable-packs/esw/Echo Sound Works Core Tables/Basics/ESW Basics - Triangle Saw.wav	Echo Sound Works Core (free pack)	2.590	0.954	-2.079	0.262	0.801	1.915	0.002
ESW Digital - Expansion WT.xrni	pulse and round	/home/meneses/Projects/renoise/wavetable-packs/esw/Echo Sound Works Core Tables/Digital/ESW Digital - Expansion.wav	Echo Sound Works Core (free pack)	8.140	0.669	-1.949	0.346	0.403	1.587	0.006
ESW Digital - Flavor X WT.xrni	pulse and round	/home/meneses/Projects/renoise/wavetable-packs/esw/Echo Sound Works Core Tables/Digital/ESW Digital - Flavor X.wav	Echo Sound Works Core (free pack)	14.301	0.684	-1.121	0.226	0.473	2.198	0.026
ESW Digital - Fuzz Saw WT.xrni	pulse and round	/home/meneses/Projects/renoise/wavetable-packs/esw/Echo Sound Works Core Tables/Digital/ESW Digital - Fuzz Saw.wav	Echo Sound Works Core (free pack)	5.152	0.776	-1.969	0.223	0.693	1.707	0.020
ESW Digital - Fuzz Screech WT.xrni	pulse and round	/home/meneses/Projects/renoise/wavetable-packs/esw/Echo Sound Works Core Tables/Digital/ESW Digital - Fuzz Screech.wav	Echo Sound Works Core (free pack)	19.774	0.903	-0.906	0.516	0.799	2.466	0.047
ESW Digital - Mirror WT.xrni	pulse and round	/home/meneses/Projects/renoise/wavetable-packs/esw/Echo Sound Works Core Tables/Digital/ESW Digital - Mirror.wav	Echo Sound Works Core (free pack)	3.931	0.918	-1.910	0.274	0.693	1.638	0.006
ESW Digital - SSW 01 WT.xrni	pulse and round	/home/meneses/Projects/renoise/wavetable-packs/esw/Echo Sound Works Core Tables/Digital/ESW Digital - SSW 01.wav	Echo Sound Works Core (free pack)	5.428	0.756	-1.945	0.329	0.570	2.481	0.006
ESW Digital - SSW 02 WT.xrni	pulse and round	/home/meneses/Projects/renoise/wavetable-packs/esw/Echo Sound Works Core Tables/Digital/ESW Digital - SSW 02.wav	Echo Sound Works Core (free pack)	2.288	0.889	-2.310	0.234	0.756	1.967	0.002
ESW Digital - SSW 03 WT.xrni	pulse and round	/home/meneses/Projects/renoise/wavetable-packs/esw/Echo Sound Works Core Tables/Digital/ESW Digital - SSW 03.wav	Echo Sound Works Core (free pack)	4.765	0.722	-2.071	0.261	0.537	2.552	0.008
ESW Digital - Saw Formant WT.xrni	pulse and round	/home/meneses/Projects/renoise/wavetable-packs/esw/Echo Sound Works Core Tables/Digital/ESW Digital - Saw Formant.wav	Echo Sound Works Core (free pack)	7.194	0.651	-2.081	0.333	0.345	3.226	0.005
ESW Digital - Simple Formant WT.xrni	pulse and round	/home/meneses/Projects/renoise/wavetable-packs/esw/Echo Sound Works Core Tables/Digital/ESW Digital - Simple Formant.wav	Echo Sound Works Core (free pack)	4.171	0.770	1.691	0.083	0.645	2.064	0.003
ESW Digital - Sqaure Saw Bits WT.xrni	pulse and round	/home/meneses/Projects/renoise/wavetable-packs/esw/Echo Sound Works Core Tables/Digital/ESW Digital - Sqaure Saw Bits.wav	Echo Sound Works Core (free pack)	4.415	0.703	-2.167	0.334	0.444	1.852	0.003
ESW FM - Harmonics 01 WT.xrni	pulse and round	/home/meneses/Projects/renoise/wavetable-packs/esw/Echo Sound Works Core Tables/FM/ESW FM - Harmonics 01.wav	Echo Sound Works Core (free pack)	7.161	0.798	-1.535	0.215	0.431	2.059	0.008
ESW FM - Sub Grits WT.xrni	pulse and round	/home/meneses/Projects/renoise/wavetable-packs/esw/Echo Sound Works Core Tables/FM/ESW FM - Sub Grits.wav	Echo Sound Works Core (free pack)	8.489	0.951	0.332	0.182	0.900	2.353	0.026
ESW Growl - Roar WT.xrni	pulse and round	/home/meneses/Projects/renoise/wavetable-packs/esw/Echo Sound Works Core Tables/Growl/ESW Growl - Roar.wav	Echo Sound Works Core (free pack)	13.575	0.714	-1.440	0.255	0.374	2.724	0.027
ESW One Shot - BS Throaty WT.xrni	pulse and round	/home/meneses/Projects/renoise/wavetable-packs/esw/Echo Sound Works Core Tables/Synth One Shots/ESW One Shot - BS Throaty.wav	Echo Sound Works Core (free pack)	10.241	0.707	-1.880	0.150	0.473	1.953	0.025
ESW Spectral - Groans WT.xrni	pulse and round	/home/meneses/Projects/renoise/wavetable-packs/esw/Echo Sound Works Core Tables/Spectral/ESW Spectral - Groans.wav	Echo Sound Works Core (free pack)	9.123	0.881	-0.986	0.314	0.738	2.334	0.027
ESW Spectral - Tribal WT.xrni	pulse and round	/home/meneses/Projects/renoise/wavetable-packs/esw/Echo Sound Works Core Tables/Spectral/ESW Spectral - Tribal.wav	Echo Sound Works Core (free pack)	14.071	0.727	-0.901	0.131	0.470	2.168	0.031
ESW Vocal - Felicity WT.xrni	pulse and round	/home/meneses/Projects/renoise/wavetable-packs/esw/Echo Sound Works Core Tables/Vocal/ESW Vocal - Felicity.wav	Echo Sound Works Core (free pack)	2.559	0.694	-2.116	0.195	0.475	1.995	0.005
Electric Crackly Fall 2 WT.xrni	pulse and round	/home/meneses/.local/share/vital/VitalPresets/Presets/Electric Crackly Fall 2.vital	user/Discord presets (third-party)	4.899	0.750	-1.999	0.404	0.608	1.731	0.002
FAFQUAAF DONEKY WT.xrni	pulse and round	/home/meneses/.local/share/vital/Vital Harvest/Presets/FAFQUAAF DONEKY.vital	other	2.247	0.868	-2.062	0.333	0.829	1.613	0.002
FF - Random soundscape or whatever WT.xrni	pulse and round	/home/meneses/.local/share/vital/Vital Harvest/Presets/FF - Random soundscape or whatever.vital	other	5.561	0.637	-1.934	0.354	0.498	1.415	0.003
FF - Torturecore-like Bass but Sequenced WT.xrni	pulse and round	/home/meneses/.local/share/vital/Growl 4 - Screech Tearout/Presets/FF - Torturecore-like Bass but Sequenced.vital	user/Discord presets (third-party)	5.561	0.637	-1.934	0.354	0.498	1.415	0.003
FM FB3 WT.xrni	pulse and round	/home/meneses/.local/share/vital/Kimura Taro/Wavetables/FM Feedback/FM FB3.vitaltable	Kimura Taro (CC0)	57.270	0.814	-1.824	0.535	0.245	1.433	0.055
FRACTA01 WT.xrni	pulse and round	/home/meneses/.local/share/vital/WaveEdit Online/Wavetables/FRACTA01.vitaltable	WaveEdit Online (CC0)	6.054	0.680	-1.923	0.288	0.305	1.908	0.045
Fat Sine Sub from VCDO Module WT.xrni	pulse and round	/home/meneses/.local/share/vital/VitalPresets/Presets/Fat Sine Sub from VCDO Module.vital	user/Discord presets (third-party)	3.788	0.769	-1.996	0.479	0.639	1.749	0.003
Ferine MultiOSC WT.xrni	pulse and round	/home/meneses/.local/share/vital/Kimura Taro/Wavetables/Ferine/Ferine MultiOSC.vitaltable	Kimura Taro (CC0)	3.401	0.656	-2.220	0.199	0.615	1.935	0.003
Ferrine Waldh IDY WT.xrni	pulse and round	/home/meneses/.local/share/vital/Kimura Taro/Wavetables/Ferine/Ferrine Waldh IDY.vitaltable	Kimura Taro (CC0)	8.497	0.864	-1.786	0.248	0.470	2.395	0.013
Ferrine Walsh DY WT.xrni	pulse and round	/home/meneses/.local/share/vital/Kimura Taro/Wavetables/Ferine/Ferrine Walsh DY.vitaltable	Kimura Taro (CC0)	5.609	0.869	-2.154	0.285	0.611	1.940	0.001
GRAV-A3 WT.xrni	pulse and round	/home/meneses/.local/share/vital/WaveEdit Online/Wavetables/GRAV-A3.vitaltable	WaveEdit Online (CC0)	2.796	0.687	-2.581	0.281	0.408	1.718	0.020
GRAV-A7 WT.xrni	pulse and round	/home/meneses/.local/share/vital/WaveEdit Online/Wavetables/GRAV-A7.vitaltable	WaveEdit Online (CC0)	5.660	0.751	-1.920	0.491	0.579	1.743	0.087
GRAV-A9 WT.xrni	pulse and round	/home/meneses/.local/share/vital/WaveEdit Online/Wavetables/GRAV-A9.vitaltable	WaveEdit Online (CC0)	2.492	0.827	-2.219	0.399	0.707	1.509	0.017
Glassy Keys WT.xrni	pulse and round	/home/meneses/.local/share/vital/Vital Harvest/Presets/Glassy Keys.vital	other	4.568	0.750	-2.000	0.360	0.608	2.042	0.003
Gosma Growl WT.xrni	pulse and round	/home/meneses/.local/share/vital/Growl 2 - Talking Yoi/Presets/Gosma Growl.vital	user/Discord presets (third-party)	12.721	0.907	-1.858	0.222	0.736	2.443	0.048
Granule Storm WT.xrni	pulse and round	/home/meneses/.local/share/vital/Vital Harvest/Presets/Granule Storm.vital	other	6.015	0.763	-1.595	0.415	0.578	2.656	0.007
Grungy Robot Voice WT.xrni	pulse and round	/home/meneses/.local/share/vital/Vital Harvest/Presets/Grungy Robot Voice.vital	other	3.121	0.646	-2.262	0.358	0.400	2.556	0.007
Guitar - Rock Your World WT.xrni	pulse and round	/home/meneses/.local/share/vital/Vital Harvest/Presets/Guitar - Rock Your World.vital	other	9.859	0.691	-1.777	0.503	0.490	3.185	0.005
Guitar Record WT.xrni	pulse and round	/home/meneses/.local/share/vital/Vital Harvest/Presets/Guitar Record.vital	other	3.558	0.774	-2.029	0.446	0.652	1.654	0.001
Half Clip1 WT.xrni	pulse and round	/home/meneses/.local/share/vital/Kimura Taro/Wavetables/Half Clip/Half Clip1.vitaltable	Kimura Taro (CC0)	1.660	0.817	-2.344	0.240	0.792	1.938	0.002
Half Clip2 WT.xrni	pulse and round	/home/meneses/.local/share/vital/Kimura Taro/Wavetables/Half Clip/Half Clip2.vitaltable	Kimura Taro (CC0)	3.923	0.832	-2.023	0.383	0.731	2.298	0.001
Half Clip3 WT.xrni	pulse and round	/home/meneses/.local/share/vital/Kimura Taro/Wavetables/Half Clip/Half Clip3.vitaltable	Kimura Taro (CC0)	4.405	0.735	-3.056	0.178	0.607	1.433	0.000
Halfsaw WT.xrni	pulse and round	/home/meneses/.local/share/vital/VitalPresets/Presets/Halfsaw.vital	user/Discord presets (third-party)	9.722	0.860	-1.827	0.396	0.663	1.724	0.009
Hardcore FM1 WT.xrni	pulse and round	/home/meneses/.local/share/vital/Kimura Taro/Wavetables/Hardcore FM/Hardcore FM1.vitaltable	Kimura Taro (CC0)	8.134	0.725	-1.821	0.174	0.427	1.613	0.018
Horizon Remake Pluck 1 WT.xrni	pulse and round	/home/meneses/.local/share/vital/Vital Harvest/Presets/Horizon Remake Pluck 1.vital	other	5.545	0.709	-1.983	0.410	0.543	1.869	0.002
Indigestion Groove WT.xrni	pulse and round	/home/meneses/.local/share/vital/Vital Harvest/Presets/Indigestion Groove.vital	other	4.899	0.750	-1.999	0.404	0.608	1.732	0.001
Instrument WT.xrni	pulse and round	/home/meneses/.local/share/vital/nahush2321/Presets/Instrument.vital	user/Discord presets (third-party)	4.895	0.750	-1.999	0.404	0.608	1.731	0.002
JX8P Warm Pad WT.xrni	pulse and round	/home/meneses/.local/share/vital/Vital Harvest/Presets/JX8P Warm Pad.vital	other	3.062	0.788	-2.303	0.250	0.675	2.216	0.001
Jupiter Bass WT.xrni	pulse and round	/home/meneses/.local/share/vital/Vital Harvest/Presets/Jupiter Bass.vital	other	3.062	0.788	-2.303	0.250	0.675	2.216	0.001
KERMIT00 WT.xrni	pulse and round	/home/meneses/.local/share/vital/WaveEdit Online/Wavetables/KERMIT00.vitaltable	WaveEdit Online (CC0)	5.963	0.641	-1.852	0.458	0.367	1.253	0.033
KERMIT01 WT.xrni	pulse and round	/home/meneses/.local/share/vital/WaveEdit Online/Wavetables/KERMIT01.vitaltable	WaveEdit Online (CC0)	4.366	0.691	-2.124	0.413	0.456	1.138	0.011
KYMA_PAR WT.xrni	pulse and round	/home/meneses/.local/share/vital/WaveEdit Online/Wavetables/KYMA_PAR.vitaltable	WaveEdit Online (CC0)	3.343	0.850	-2.261	0.248	0.622	1.587	0.028
Keys - Delayed Flight WT.xrni	pulse and round	/home/meneses/.local/share/vital/Vital Harvest/Presets/Keys - Delayed Flight.vital	other	3.629	0.658	-2.073	0.209	0.458	2.008	0.003
Keys - In My Lab WT.xrni	pulse and round	/home/meneses/.local/share/vital/Vital Harvest/Presets/Keys - In My Lab.vital	other	12.570	0.727	-1.977	0.614	0.571	2.036	0.013
Kick 20 WT.xrni	pulse and round	/home/meneses/.local/share/vital/nahush2321/Presets/Kick 20.vital	user/Discord presets (third-party)	4.898	0.750	-1.999	0.308	0.608	1.207	0.001
LEAD - Wide WT.xrni	pulse and round	/home/meneses/.local/share/vital/Vital Harvest/Presets/LEAD - Wide.vital	other	4.899	0.750	-1.999	0.404	0.608	1.732	0.001
LFO Tool2 WT.xrni	pulse and round	/home/meneses/.local/share/vital/Kimura Taro/Wavetables/LFO Tools/LFO Tool2.vitaltable	Kimura Taro (CC0)	6.537	0.751	-1.954	0.383	0.614	2.404	0.001
LFO Tool3 WT.xrni	pulse and round	/home/meneses/.local/share/vital/Kimura Taro/Wavetables/LFO Tools/LFO Tool3.vitaltable	Kimura Taro (CC0)	3.855	0.673	-2.140	0.290	0.542	1.352	0.001
LFO Tool4 WT.xrni	pulse and round	/home/meneses/.local/share/vital/Kimura Taro/Wavetables/LFO Tools/LFO Tool4.vitaltable	Kimura Taro (CC0)	15.244	0.724	-1.481	0.448	0.223	2.425	0.004
LFO Tool5 WT.xrni	pulse and round	/home/meneses/.local/share/vital/Kimura Taro/Wavetables/LFO Tools/LFO Tool5.vitaltable	Kimura Taro (CC0)	9.254	0.668	-1.884	0.307	0.336	1.947	0.005
LFO Tool7 WT.xrni	pulse and round	/home/meneses/.local/share/vital/Kimura Taro/Wavetables/LFO Tools/LFO Tool7.vitaltable	Kimura Taro (CC0)	18.853	0.800	-1.745	0.390	0.244	2.448	0.004
LFO_PL00 WT.xrni	pulse and round	/home/meneses/.local/share/vital/WaveEdit Online/Wavetables/LFO_PL00.vitaltable	WaveEdit Online (CC0)	1.957	0.877	-2.350	0.261	0.822	1.564	0.016
Lead - Poly Magic WT.xrni	pulse and round	/home/meneses/.local/share/vital/Vital Harvest/Presets/Lead - Poly Magic.vital	other	8.605	0.621	-1.998	0.487	0.475	2.876	0.036
Lead Hollow WT.xrni	pulse and round	/home/meneses/.local/share/vital/VitalPresets/Presets/Lead Hollow.vital	user/Discord presets (third-party)	6.192	0.990	-1.240	0.281	0.693	1.976	0.008
Love Affair WT.xrni	pulse and round	/home/meneses/.local/share/vital/Vital Harvest/Presets/Love Affair.vital	other	3.791	0.689	-2.063	0.146	0.571	2.070	0.002
MS 20 Ring PS1 WT.xrni	pulse and round	/home/meneses/.local/share/vital/Kimura Taro/Wavetables/Korg Analog  Synth PhaseShift1/MS 20 Ring PS1.vitaltable	Kimura Taro (CC0)	7.550	0.952	-1.819	0.251	0.227	1.841	0.014
MS 20 Ring-PS2 WT.xrni	pulse and round	/home/meneses/.local/share/vital/Kimura Taro/Wavetables/Korg Analog  Synth PhaseShift2/MS 20 Ring-PS2.vitaltable	Kimura Taro (CC0)	8.680	0.951	-1.858	0.232	0.238	2.088	0.013
MS 20 Saw PS1 WT.xrni	pulse and round	/home/meneses/.local/share/vital/Kimura Taro/Wavetables/Korg Analog  Synth PhaseShift1/MS 20 Saw PS1.vitaltable	Kimura Taro (CC0)	3.754	0.734	-2.050	0.142	0.581	2.375	0.001
Melda CustumWave2 WT.xrni	pulse and round	/home/meneses/.local/share/vital/Kimura Taro/Wavetables/Melda Oscillator/Melda CustumWave2.vitaltable	Kimura Taro (CC0)	7.402	0.670	-2.022	0.292	0.419	3.375	0.004
Melda SKEW WT.xrni	pulse and round	/home/meneses/.local/share/vital/Kimura Taro/Wavetables/Melda Oscillator/Melda SKEW.vitaltable	Kimura Taro (CC0)	3.289	0.609	-2.411	0.226	0.412	2.852	0.003
MeldaComb_FM WT.xrni	pulse and round	/home/meneses/.local/share/vital/Kimura Taro/Wavetables/Filter Sweep/MeldaComb+FM.vitaltable	Kimura Taro (CC0)	7.778	0.820	-1.833	0.293	0.433	2.334	0.012
Melody 17 WT.xrni	pulse and round	/home/meneses/.local/share/vital/nahush2321/Presets/Melody 17.vital	user/Discord presets (third-party)	5.359	0.745	-1.982	0.394	0.586	2.039	0.005
Modulo13 WT.xrni	pulse and round	/home/meneses/.local/share/vital/Kimura Taro/Wavetables/Modulo/Modulo13.vitaltable	Kimura Taro (CC0)	1.683	0.981	-1.904	0.291	0.972	1.457	0.003
Modulo15 WT.xrni	pulse and round	/home/meneses/.local/share/vital/Kimura Taro/Wavetables/Modulo/Modulo15.vitaltable	Kimura Taro (CC0)	14.104	0.736	-1.587	0.433	0.548	2.661	0.015
Modulo16 WT.xrni	pulse and round	/home/meneses/.local/share/vital/Kimura Taro/Wavetables/Modulo/Modulo16.vitaltable	Kimura Taro (CC0)	36.836	0.785	-1.183	0.600	0.509	2.752	0.037
Modulo17 WT.xrni	pulse and round	/home/meneses/.local/share/vital/Kimura Taro/Wavetables/Modulo/Modulo17.vitaltable	Kimura Taro (CC0)	7.371	0.680	-1.976	0.409	0.486	1.903	0.012
Modulo6 WT.xrni	pulse and round	/home/meneses/.local/share/vital/Kimura Taro/Wavetables/Modulo/Modulo6.vitaltable	Kimura Taro (CC0)	34.230	0.996	-0.689	0.403	0.065	1.729	0.014
Modulo8 WT.xrni	pulse and round	/home/meneses/.local/share/vital/Kimura Taro/Wavetables/Modulo/Modulo8.vitaltable	Kimura Taro (CC0)	4.165	0.551	-2.065	0.328	0.486	2.006	0.003
Modulo9 WT.xrni	pulse and round	/home/meneses/.local/share/vital/Kimura Taro/Wavetables/Modulo/Modulo9.vitaltable	Kimura Taro (CC0)	5.184	0.780	-1.860	0.264	0.626	1.809	0.005
Netrunner Bass WT.xrni	pulse and round	/home/meneses/.local/share/vital/VitalBank/Presets/Netrunner Bass.vital	other	3.441	0.657	-2.081	0.167	0.550	1.755	0.002
New shoit WT.xrni	pulse and round	/home/meneses/.local/share/vital/nahush2321/Wavetables/New shoit.vitaltable	user/Discord presets (third-party)	8.913	0.931	-2.016	0.559	0.855	1.651	0.009
New wave WT.xrni	pulse and round	/home/meneses/.local/share/vital/nahush2321/Wavetables/New wave.vitaltable	user/Discord presets (third-party)	6.406	0.734	-2.002	0.419	0.590	1.799	0.004
Notahorn Ciddy Cute Kick 2 WT.xrni	pulse and round	/home/meneses/.local/share/vital/VitalPresets/Presets/Notahorn Ciddy Cute Kick 2.vital	user/Discord presets (third-party)	3.795	0.906	-2.027	0.283	0.715	1.384	0.002
Nothing to Lose WT.xrni	pulse and round	/home/meneses/.local/share/vital/Vital Harvest/Presets/Nothing to Lose.vital	other	1.556	0.932	-2.280	0.311	0.902	1.376	0.001
OverProcessed_Yoi_Guitar WT.xrni	pulse and round	/home/meneses/.local/share/vital/Growl 2 - Talking Yoi/Presets/OverProcessed_Yoi_Guitar.vital	user/Discord presets (third-party)	8.575	0.744	-1.942	0.376	0.179	1.479	0.005
Overhead Pad WT.xrni	pulse and round	/home/meneses/.local/share/vital/Vital Harvest/Presets/Overhead Pad.vital	other	2.545	0.780	-2.909	0.202	0.620	1.252	0.009
PD PWM3 WT.xrni	pulse and round	/home/meneses/.local/share/vital/Kimura Taro/Wavetables/PD PWM/PD PWM3.vitaltable	Kimura Taro (CC0)	6.021	0.677	-1.968	0.415	0.512	1.827	0.002
PD PWM6 WT.xrni	pulse and round	/home/meneses/.local/share/vital/Kimura Taro/Wavetables/PD PWM/PD PWM6.vitaltable	Kimura Taro (CC0)	6.796	0.704	-1.973	0.408	0.546	1.732	0.002
PD2 WT.xrni	pulse and round	/home/meneses/.local/share/vital/Kimura Taro/Wavetables/Phase Distortion/PD2.vitaltable	Kimura Taro (CC0)	5.563	0.717	-1.985	0.409	0.543	1.732	0.001
PD3 WT.xrni	pulse and round	/home/meneses/.local/share/vital/Kimura Taro/Wavetables/Phase Distortion/PD3.vitaltable	Kimura Taro (CC0)	4.918	0.640	-3.013	0.206	0.477	1.000	0.001
PMSimple8 WT.xrni	pulse and round	/home/meneses/.local/share/vital/Kimura Taro/Wavetables/PM[Simple]/PMSimple8.vitaltable	Kimura Taro (CC0)	11.993	0.681	-2.116	0.256	0.370	2.131	0.013
PPG_WA15 WT.xrni	pulse and round	/home/meneses/.local/share/vital/WaveEdit Online/Wavetables/PPG_WA15.vitaltable	WaveEdit Online (CC0)	4.095	0.856	-2.448	0.234	0.297	2.336	0.027
PPG_WA16 WT.xrni	pulse and round	/home/meneses/.local/share/vital/WaveEdit Online/Wavetables/PPG_WA16.vitaltable	WaveEdit Online (CC0)	2.320	0.697	-2.690	0.185	0.559	1.755	0.016
PPG_WA17 WT.xrni	pulse and round	/home/meneses/.local/share/vital/WaveEdit Online/Wavetables/PPG_WA17.vitaltable	WaveEdit Online (CC0)	3.223	0.853	-1.962	0.324	0.762	1.662	0.028
PPG_WA23 WT.xrni	pulse and round	/home/meneses/.local/share/vital/WaveEdit Online/Wavetables/PPG_WA23.vitaltable	WaveEdit Online (CC0)	2.598	0.679	-2.713	0.170	0.563	1.775	0.013
PPG_WA26 WT.xrni	pulse and round	/home/meneses/.local/share/vital/WaveEdit Online/Wavetables/PPG_WA26.vitaltable	WaveEdit Online (CC0)	10.226	0.636	-1.122	0.382	0.448	2.589	0.038
PPG_WA29 WT.xrni	pulse and round	/home/meneses/.local/share/vital/WaveEdit Online/Wavetables/PPG_WA29.vitaltable	WaveEdit Online (CC0)	3.474	0.715	-2.006	0.344	0.589	1.000	0.002
Pad - Magician WT.xrni	pulse and round	/home/meneses/.local/share/vital/Vital Harvest/Presets/Pad - Magician.vital	other	1.389	0.954	-2.323	0.253	0.924	1.655	0.001
Phase4 WT.xrni	pulse and round	/home/meneses/.local/share/vital/Kimura Taro/Wavetables/Phase/Phase4.vitaltable	Kimura Taro (CC0)	5.033	0.567	-1.240	0.231	0.448	2.083	0.004
PlutoPad WT.xrni	pulse and round	/home/meneses/.local/share/vital/VitalBank/Presets/PlutoPad.vital	other	2.133	0.994	-1.728	0.253	0.855	1.540	0.002
QUX_FMY WT.xrni	pulse and round	/home/meneses/.local/share/vital/WaveEdit Online/Wavetables/QUX_FMY.vitaltable	WaveEdit Online (CC0)	3.128	0.931	-1.673	0.409	0.847	1.433	0.037
RCcar WT.xrni	pulse and round	/home/meneses/.local/share/vital/Vital Harvest/Presets/RCcar.vital	other	5.141	0.719	-1.983	0.306	0.556	1.249	0.003
Rager Bass WT.xrni	pulse and round	/home/meneses/.local/share/vital/Growl 6 - Heavy Basses/Presets/Rager Bass.vital	user/Discord presets (third-party)	3.885	0.667	-2.090	0.328	0.592	2.038	0.002
Rave 2 WT.xrni	pulse and round	/home/meneses/.local/share/vital/nahush2321/Wavetables/Rave 2.vitaltable	user/Discord presets (third-party)	12.842	0.852	-1.708	0.410	0.183	1.814	0.007
Ravenholm WT.xrni	pulse and round	/home/meneses/.local/share/vital/Vital Harvest/Presets/Ravenholm.vital	other	3.684	0.687	-2.183	0.409	0.477	1.525	0.004
Rawstyle Kick WT.xrni	pulse and round	/home/meneses/.local/share/vital/Vital Harvest/Presets/Rawstyle Kick.vital	other	4.720	0.750	-2.168	0.161	0.608	1.073	0.001
SAW RODS WT.xrni	pulse and round	/home/meneses/.local/share/vital/nahush2321/Wavetables/SAW RODS.vitaltable	user/Discord presets (third-party)	7.708	0.679	-1.927	0.401	0.440	1.839	0.003
SAW TO SMALL TRIANGLES WT.xrni	pulse and round	/home/meneses/.local/share/vital/nahush2321/Wavetables/SAW TO SMALL TRIANGLES.vitaltable	user/Discord presets (third-party)	4.913	0.601	-2.084	0.380	0.387	1.891	0.003
SAW WITH ELEMENTS WT.xrni	pulse and round	/home/meneses/.local/share/vital/nahush2321/Wavetables/SAW WITH ELEMENTS.vitaltable	user/Discord presets (third-party)	4.027	0.786	-2.038	0.385	0.665	1.492	0.002
SINE2SAW WT.xrni	pulse and round	/home/meneses/.local/share/vital/WaveEdit Online/Wavetables/SINE2SAW.vitaltable	WaveEdit Online (CC0)	2.364	0.890	-1.961	0.381	0.814	1.349	0.009
SINE_A01 WT.xrni	pulse and round	/home/meneses/.local/share/vital/WaveEdit Online/Wavetables/SINE_A01.vitaltable	WaveEdit Online (CC0)	2.031	0.970	-1.931	0.321	0.944	1.523	0.030
SINE_A02 WT.xrni	pulse and round	/home/meneses/.local/share/vital/WaveEdit Online/Wavetables/SINE_A02.vitaltable	WaveEdit Online (CC0)	3.984	0.816	-1.827	0.354	0.647	1.953	0.027
SOHLER16 WT.xrni	pulse and round	/home/meneses/.local/share/vital/WaveEdit Online/Wavetables/SOHLER16.vitaltable	WaveEdit Online (CC0)	2.353	0.642	-2.655	0.244	0.535	1.613	0.023
SOHLER38 WT.xrni	pulse and round	/home/meneses/.local/share/vital/WaveEdit Online/Wavetables/SOHLER38.vitaltable	WaveEdit Online (CC0)	5.166	0.602	-2.194	0.296	0.369	1.521	0.051
SOHLER40 WT.xrni	pulse and round	/home/meneses/.local/share/vital/WaveEdit Online/Wavetables/SOHLER40.vitaltable	WaveEdit Online (CC0)	3.952	0.731	-2.209	0.327	0.392	1.554	0.045
SOHLER43 WT.xrni	pulse and round	/home/meneses/.local/share/vital/WaveEdit Online/Wavetables/SOHLER43.vitaltable	WaveEdit Online (CC0)	2.161	0.926	-1.876	0.321	0.849	1.413	0.035
SQUARE_S WT.xrni	pulse and round	/home/meneses/.local/share/vital/WaveEdit Online/Wavetables/SQUARE_S.vitaltable	WaveEdit Online (CC0)	2.325	0.839	-2.048	0.260	0.778	1.780	0.014
SYNLP110 WT.xrni	pulse and round	/home/meneses/.local/share/vital/WaveEdit Online/Wavetables/SYNLP110.vitaltable	WaveEdit Online (CC0)	4.447	0.572	-2.439	0.290	0.334	1.659	0.003
SYNLP123 WT.xrni	pulse and round	/home/meneses/.local/share/vital/WaveEdit Online/Wavetables/SYNLP123.vitaltable	WaveEdit Online (CC0)	1.383	0.925	-2.472	0.294	0.893	1.356	0.017
SYNLP128 WT.xrni	pulse and round	/home/meneses/.local/share/vital/WaveEdit Online/Wavetables/SYNLP128.vitaltable	WaveEdit Online (CC0)	2.077	0.777	-2.292	0.346	0.636	1.402	0.025
SYNLP137 WT.xrni	pulse and round	/home/meneses/.local/share/vital/WaveEdit Online/Wavetables/SYNLP137.vitaltable	WaveEdit Online (CC0)	3.222	0.936	-0.329	0.197	0.930	1.400	0.112
SYNLP142 WT.xrni	pulse and round	/home/meneses/.local/share/vital/WaveEdit Online/Wavetables/SYNLP142.vitaltable	WaveEdit Online (CC0)	8.233	0.744	-1.897	0.359	0.576	1.664	0.008
SYNLP143 WT.xrni	pulse and round	/home/meneses/.local/share/vital/WaveEdit Online/Wavetables/SYNLP143.vitaltable	WaveEdit Online (CC0)	6.307	0.756	-2.015	0.397	0.609	1.256	0.000
SYNLP15 WT.xrni	pulse and round	/home/meneses/.local/share/vital/WaveEdit Online/Wavetables/SYNLP15.vitaltable	WaveEdit Online (CC0)	13.465	0.788	-1.863	0.344	0.437	1.376	0.005
SYNLP154 WT.xrni	pulse and round	/home/meneses/.local/share/vital/WaveEdit Online/Wavetables/SYNLP154.vitaltable	WaveEdit Online (CC0)	16.808	0.571	-2.092	0.333	0.376	1.892	0.017
SYNLP155 WT.xrni	pulse and round	/home/meneses/.local/share/vital/WaveEdit Online/Wavetables/SYNLP155.vitaltable	WaveEdit Online (CC0)	18.635	0.805	-1.216	0.346	0.459	1.388	0.020
SYNLP156 WT.xrni	pulse and round	/home/meneses/.local/share/vital/WaveEdit Online/Wavetables/SYNLP156.vitaltable	WaveEdit Online (CC0)	21.462	0.602	-1.446	0.262	0.427	1.831	0.026
SYNLP162 WT.xrni	pulse and round	/home/meneses/.local/share/vital/WaveEdit Online/Wavetables/SYNLP162.vitaltable	WaveEdit Online (CC0)	2.127	0.588	-2.475	0.305	0.396	1.442	0.022
SYNLP187 WT.xrni	pulse and round	/home/meneses/.local/share/vital/WaveEdit Online/Wavetables/SYNLP187.vitaltable	WaveEdit Online (CC0)	23.872	0.887	0.541	0.150	0.296	1.408	0.051
SYNLP28 WT.xrni	pulse and round	/home/meneses/.local/share/vital/WaveEdit Online/Wavetables/SYNLP28.vitaltable	WaveEdit Online (CC0)	8.256	0.836	-2.274	0.318	0.331	1.587	0.004
SYNLP40 WT.xrni	pulse and round	/home/meneses/.local/share/vital/WaveEdit Online/Wavetables/SYNLP40.vitaltable	WaveEdit Online (CC0)	21.953	0.780	-1.486	0.239	0.241	1.495	0.010
SYNLP50 WT.xrni	pulse and round	/home/meneses/.local/share/vital/WaveEdit Online/Wavetables/SYNLP50.vitaltable	WaveEdit Online (CC0)	3.280	0.604	-2.570	0.253	0.499	1.654	0.004
SYNLP52 WT.xrni	pulse and round	/home/meneses/.local/share/vital/WaveEdit Online/Wavetables/SYNLP52.vitaltable	WaveEdit Online (CC0)	2.814	0.646	-2.498	0.271	0.300	1.500	0.036
SYNLP56 WT.xrni	pulse and round	/home/meneses/.local/share/vital/WaveEdit Online/Wavetables/SYNLP56.vitaltable	WaveEdit Online (CC0)	2.381	0.876	-2.100	0.309	0.817	1.415	0.001
SYNLP6 WT.xrni	pulse and round	/home/meneses/.local/share/vital/WaveEdit Online/Wavetables/SYNLP6.vitaltable	WaveEdit Online (CC0)	5.661	0.744	-2.024	0.363	0.611	1.770	0.002
SYNLP69 WT.xrni	pulse and round	/home/meneses/.local/share/vital/WaveEdit Online/Wavetables/SYNLP69.vitaltable	WaveEdit Online (CC0)	6.476	0.900	-2.088	0.394	0.124	1.700	0.004
SYNLP7 WT.xrni	pulse and round	/home/meneses/.local/share/vital/WaveEdit Online/Wavetables/SYNLP7.vitaltable	WaveEdit Online (CC0)	7.666	0.750	-2.018	0.340	0.557	1.598	0.002
SYNLP70 WT.xrni	pulse and round	/home/meneses/.local/share/vital/WaveEdit Online/Wavetables/SYNLP70.vitaltable	WaveEdit Online (CC0)	8.685	0.793	-2.214	0.337	0.379	1.327	0.004
SYNLP75 WT.xrni	pulse and round	/home/meneses/.local/share/vital/WaveEdit Online/Wavetables/SYNLP75.vitaltable	WaveEdit Online (CC0)	1.350	0.934	-2.274	0.331	0.905	1.283	0.016
SYNLP96 WT.xrni	pulse and round	/home/meneses/.local/share/vital/WaveEdit Online/Wavetables/SYNLP96.vitaltable	WaveEdit Online (CC0)	4.685	0.741	-2.050	0.392	0.565	1.476	0.001
Shaper Wave5 Icarus Modify WT.xrni	pulse and round	/home/meneses/.local/share/vital/Kimura Taro/Wavetables/Shaper Wave/Shaper Wave5 Icarus Modify.vitaltable	Kimura Taro (CC0)	10.337	0.805	-1.102	0.220	0.655	1.901	0.009
Shepard Tone Template WT.xrni	pulse and round	/home/meneses/.local/share/vital/Factory/Presets/Shepard Tone Template.vital	other	4.899	0.750	-1.999	0.404	0.608	1.732	0.002
Signature WT.xrni	pulse and round	/home/meneses/.local/share/vital/Vital Harvest/Presets/Signature.vital	other	4.315	0.541	-2.135	0.326	0.432	1.724	0.002
Snare 3 WT.xrni	pulse and round	/home/meneses/.local/share/vital/nahush2321/Presets/Snare 3.vital	user/Discord presets (third-party)	4.898	0.750	-1.999	0.308	0.608	1.207	0.001
Some pad WT.xrni	pulse and round	/home/meneses/.local/share/vital/Vital Harvest/Presets/Some pad.vital	other	4.184	0.699	-2.063	0.416	0.525	1.363	0.012
SpaceDoom WT.xrni	pulse and round	/home/meneses/.local/share/vital/VitalBank/Presets/SpaceDoom.vital	other	4.542	0.807	-1.978	0.365	0.671	2.243	0.003
Sub done WT.xrni	pulse and round	/home/meneses/.local/share/vital/nahush2321/Presets/Sub done.vital	user/Discord presets (third-party)	21.904	0.744	-1.999	0.474	0.592	2.809	0.037
Swingy melo WT.xrni	pulse and round	/home/meneses/.local/share/vital/nahush2321/Presets/Swingy melo.vital	user/Discord presets (third-party)	2.289	0.956	-1.998	0.366	0.914	1.287	0.001
Synthetic Quartet WT.xrni	pulse and round	/home/meneses/.local/share/vital/Factory Presets/Presets/Synthetic Quartet.vital	other	4.647	0.888	-1.995	0.283	0.699	1.384	0.002
TDA Vocal Snth WT.xrni	pulse and round	/home/meneses/.local/share/vital/Vital Harvest/Presets/TDA Vocal Snth.vital	other	5.775	0.664	-1.803	0.448	0.330	1.438	0.015
TIDYB055 WT.xrni	pulse and round	/home/meneses/.local/share/vital/WaveEdit Online/Wavetables/TIDYB055.vitaltable	WaveEdit Online (CC0)	3.227	0.626	-2.201	0.302	0.373	1.485	0.057
Trippy Bells WT.xrni	pulse and round	/home/meneses/.local/share/vital/Vital Harvest/Presets/Trippy Bells.vital	other	1.200	0.974	-2.273	0.284	0.963	1.547	0.004
Underwater Ambience WT.xrni	pulse and round	/home/meneses/.local/share/vital/Vital Harvest/Presets/Underwater Ambience.vital	other	5.441	0.801	-1.938	0.251	0.740	2.385	0.017
Watery Texture WT.xrni	pulse and round	/home/meneses/.local/share/vital/Vital Harvest/Presets/Watery Texture.vital	other	19.697	0.795	-1.270	0.371	0.289	2.945	0.056
Weird glitch WT.xrni	pulse and round	/home/meneses/.local/share/vital/nahush2321/Wavetables/Weird glitch.vitaltable	user/Discord presets (third-party)	5.916	0.692	-1.763	0.401	0.533	2.267	0.004
Wub Real Modular Only Sin_d Pad Heavyhigh WT.xrni	pulse and round	/home/meneses/.local/share/vital/VitalPresets/Presets/Wub Real Modular Only Sin'd Pad Heavyhigh.vital	user/Discord presets (third-party)	3.788	0.769	-1.996	0.479	0.639	1.749	0.003
ba.003 WT.xrni	pulse and round	/home/meneses/.local/share/vital/qub1t/Presets/ba.003.vital	user/Discord presets (third-party)	9.732	0.792	-1.780	0.306	0.216	2.091	0.005
ba.004 WT.xrni	pulse and round	/home/meneses/.local/share/vital/qub1t/Presets/ba.004.vital	user/Discord presets (third-party)	3.062	0.788	-2.303	0.250	0.675	2.216	0.001
ba.013 WT.xrni	pulse and round	/home/meneses/.local/share/vital/qub1t/Presets/ba.013.vital	user/Discord presets (third-party)	8.490	0.951	0.332	0.182	0.900	2.353	0.026
ba.025 WT.xrni	pulse and round	/home/meneses/.local/share/vital/qub1t/Presets/ba.025.vital	user/Discord presets (third-party)	13.365	0.830	-0.912	0.203	0.691	1.652	0.036
ba.certainty WT.xrni	pulse and round	/home/meneses/.local/share/vital/qub1t/Presets/ba.certainty.vital	user/Discord presets (third-party)	3.824	0.735	-2.104	0.472	0.418	1.702	0.012
ba.gluten WT.xrni	pulse and round	/home/meneses/.local/share/vital/qub1t/Presets/ba.gluten.vital	user/Discord presets (third-party)	3.941	0.649	-2.048	0.449	0.279	1.258	0.002
ba.infrared WT.xrni	pulse and round	/home/meneses/.local/share/vital/qub1t/Presets/ba.infrared.vital	user/Discord presets (third-party)	2.506	0.943	-1.953	0.215	0.784	1.505	0.002
ba.phatty WT.xrni	pulse and round	/home/meneses/.local/share/vital/qub1t/Presets/ba.phatty.vital	user/Discord presets (third-party)	2.573	0.926	-2.143	0.399	0.741	1.699	0.003
bit unhinged WT.xrni	pulse and round	/home/meneses/.local/share/vital/Vital Harvest/Presets/bit unhinged.vital	other	4.314	0.563	-1.630	0.364	0.373	2.226	0.007
chineese instrument WT.xrni	pulse and round	/home/meneses/.local/share/vital/nahush2321/Presets/chineese instrument.vital	user/Discord presets (third-party)	8.546	0.769	-1.886	0.373	0.428	2.354	0.004
cut siine WT.xrni	pulse and round	/home/meneses/.local/share/vital/nahush2321/Wavetables/cut siine.vitaltable	user/Discord presets (third-party)	6.725	0.998	-0.748	0.494	0.988	1.420	0.013
cut square WT.xrni	pulse and round	/home/meneses/.local/share/vital/nahush2321/Wavetables/cut square.vitaltable	user/Discord presets (third-party)	14.302	0.999	-1.254	0.479	0.791	1.026	0.029
db.004 WT.xrni	pulse and round	/home/meneses/.local/share/vital/qub1t/Presets/db.004.vital	user/Discord presets (third-party)	3.629	0.658	-2.073	0.209	0.458	2.008	0.003
fOG hoRN WT.xrni	pulse and round	/home/meneses/.local/share/vital/nahush2321/Presets/fOG hoRN.vital	user/Discord presets (third-party)	4.222	0.776	-2.163	0.175	0.677	1.207	0.001
fx.001 WT.xrni	pulse and round	/home/meneses/.local/share/vital/qub1t/Presets/fx.001.vital	user/Discord presets (third-party)	5.742	0.807	-2.001	0.360	0.583	2.012	0.002
guitar1 WT.xrni	pulse and round	/home/meneses/.local/share/vital/nahush2321/Presets/guitar1.vital	user/Discord presets (third-party)	5.326	0.706	-1.982	0.405	0.549	2.324	0.004
here WT.xrni	pulse and round	/home/meneses/.local/share/vital/Vital Harvest/Presets/here.vital	other	3.469	0.955	-1.599	0.302	0.903	2.368	0.005
ky.008 WT.xrni	pulse and round	/home/meneses/.local/share/vital/qub1t/Presets/ky.008.vital	user/Discord presets (third-party)	3.441	0.657	-2.081	0.167	0.550	1.755	0.002
ky.014 WT.xrni	pulse and round	/home/meneses/.local/share/vital/qub1t/Presets/ky.014.vital	user/Discord presets (third-party)	6.114	0.756	-2.302	0.238	0.629	2.192	0.015
ky.newness WT.xrni	pulse and round	/home/meneses/.local/share/vital/qub1t/Presets/ky.newness.vital	user/Discord presets (third-party)	3.710	0.798	-2.087	0.306	0.658	1.951	0.002
melody 45 WT.xrni	pulse and round	/home/meneses/.local/share/vital/nahush2321/Presets/melody 45.vital	user/Discord presets (third-party)	3.232	1.000	-0.984	0.333	0.996	1.419	0.009
melody 67 WT.xrni	pulse and round	/home/meneses/.local/share/vital/nahush2321/Presets/melody 67.vital	user/Discord presets (third-party)	3.548	0.955	-1.976	0.388	0.782	1.555	0.002
melody region WT.xrni	pulse and round	/home/meneses/.local/share/vital/nahush2321/Presets/melody region.vital	user/Discord presets (third-party)	3.809	0.780	-2.046	0.161	0.663	1.656	0.002
new sAW WT.xrni	pulse and round	/home/meneses/.local/share/vital/nahush2321/Wavetables/new sAW.vitaltable	user/Discord presets (third-party)	6.429	0.753	-2.000	0.433	0.610	1.724	0.007
new shap 2 WT.xrni	pulse and round	/home/meneses/.local/share/vital/nahush2321/Wavetables/new shap 2.vitaltable	user/Discord presets (third-party)	8.888	0.703	-1.983	0.396	0.474	2.086	0.004
new sine crack WT.xrni	pulse and round	/home/meneses/.local/share/vital/nahush2321/Wavetables/new sine crack.vitaltable	user/Discord presets (third-party)	7.470	0.965	-2.149	0.608	0.938	1.514	0.009
or.004 WT.xrni	pulse and round	/home/meneses/.local/share/vital/qub1t/Presets/or.004.vital	user/Discord presets (third-party)	13.968	0.999	-0.993	0.273	0.366	1.616	0.018
pd.014 WT.xrni	pulse and round	/home/meneses/.local/share/vital/qub1t/Presets/pd.014.vital	user/Discord presets (third-party)	3.874	0.908	-2.115	0.311	0.690	1.721	0.001
poly6 Saw PS1 WT.xrni	pulse and round	/home/meneses/.local/share/vital/Kimura Taro/Wavetables/Korg Analog  Synth PhaseShift1/poly6 Saw PS1.vitaltable	Kimura Taro (CC0)	3.952	0.782	-1.981	0.160	0.591	1.874	0.002
rs.007 WT.xrni	pulse and round	/home/meneses/.local/share/vital/qub1t/Presets/rs.007.vital	user/Discord presets (third-party)	4.404	0.668	-2.010	0.391	0.541	1.134	0.002
rs.010 WT.xrni	pulse and round	/home/meneses/.local/share/vital/qub1t/Presets/rs.010.vital	user/Discord presets (third-party)	28.121	0.830	-0.445	0.396	0.638	1.325	0.034
sYNTH6 WT.xrni	pulse and round	/home/meneses/.local/share/vital/nahush2321/Presets/sYNTH6.vital	user/Discord presets (third-party)	3.566	0.783	-2.206	0.158	0.530	3.361	0.002
saw blade WT.xrni	pulse and round	/home/meneses/.local/share/vital/nahush2321/Wavetables/saw blade.vitaltable	user/Discord presets (third-party)	4.538	0.733	-2.057	0.391	0.594	1.606	0.002
saw inharmoce blade WT.xrni	pulse and round	/home/meneses/.local/share/vital/nahush2321/Wavetables/saw inharmoce blade.vitaltable	user/Discord presets (third-party)	8.863	0.750	-1.986	0.477	0.601	1.734	0.010
scary as a shit WT.xrni	pulse and round	/home/meneses/.local/share/vital/nahush2321/Presets/scary as a shit.vital	user/Discord presets (third-party)	4.222	0.776	-2.163	0.176	0.676	1.207	0.001
sine Harmonic WT.xrni	pulse and round	/home/meneses/.local/share/vital/nahush2321/Wavetables/sine Harmonic.vitaltable	user/Discord presets (third-party)	4.898	0.750	-1.999	0.308	0.608	1.253	0.001
sine with harmonic WT.xrni	pulse and round	/home/meneses/.local/share/vital/nahush2321/Wavetables/sine with harmonic.vitaltable	user/Discord presets (third-party)	4.898	0.750	-1.999	0.308	0.608	1.228	0.001
slashed saw WT.xrni	pulse and round	/home/meneses/.local/share/vital/nahush2321/Wavetables/slashed saw.vitaltable	user/Discord presets (third-party)	30.764	0.746	-2.074	0.604	0.570	1.724	0.028
some soujnd 3 WT.xrni	pulse and round	/home/meneses/.local/share/vital/nahush2321/Presets/some soujnd 3.vital	user/Discord presets (third-party)	1.815	0.975	-2.254	0.266	0.932	1.557	0.003
square blocks WT.xrni	pulse and round	/home/meneses/.local/share/vital/nahush2321/Wavetables/square blocks.vitaltable	user/Discord presets (third-party)	9.291	0.829	-2.196	0.339	0.345	1.230	0.007
swelling shankh WT.xrni	pulse and round	/home/meneses/.local/share/vital/nahush2321/Presets/swelling shankh.vital	user/Discord presets (third-party)	12.198	0.643	-1.818	0.407	0.383	1.875	0.006
talking synth 4 WT.xrni	pulse and round	/home/meneses/.local/share/vital/nahush2321/Presets/talking synth 4.vital	user/Discord presets (third-party)	24.212	0.746	-2.026	0.610	0.588	1.721	0.028
they will go on even if you dont WT.xrni	pulse and round	/home/meneses/.local/share/vital/Vital Harvest/Presets/they will go on even if you dont.vital	other	3.710	0.798	-2.087	0.306	0.658	1.951	0.002
110A BasicWave WT.xrni	sine and soft triangle	/home/meneses/.local/share/vital/Kimura Taro/Wavetables/Softbe Modular/110A BasicWave.vitaltable	Kimura Taro (CC0)	1.836	0.999	-1.980	0.008	0.919	1.596	0.002
198X WT.xrni	sine and soft triangle	/home/meneses/.local/share/vital/VitalPresets/Presets/198X.vital	user/Discord presets (third-party)	3.728	0.910	-2.883	0.111	0.747	2.596	0.012
259e-R1 WT.xrni	sine and soft triangle	/home/meneses/.local/share/vital/Kimura Taro/Wavetables/Buchla 259e-Red/259e-R1.vitaltable	Kimura Taro (CC0)	1.433	0.862	-4.195	0.021	0.817	1.712	0.002
259e-R2 WT.xrni	sine and soft triangle	/home/meneses/.local/share/vital/Kimura Taro/Wavetables/Buchla 259e-Red/259e-R2.vitaltable	Kimura Taro (CC0)	2.215	0.935	-3.824	0.041	0.482	1.880	0.003
259e-R4 WT.xrni	sine and soft triangle	/home/meneses/.local/share/vital/Kimura Taro/Wavetables/Buchla 259e-Red/259e-R4.vitaltable	Kimura Taro (CC0)	1.617	0.951	-3.140	0.057	0.917	2.105	0.003
808 - B8RT SIMPS0N WT.xrni	sine and soft triangle	/home/meneses/.local/share/vital/Vital Harvest/Presets/808 - B8RT SIMPS0N.vital	other	1.275	0.998	-2.107	0.030	0.926	1.182	0.002
808 - Dusk WT.xrni	sine and soft triangle	/home/meneses/.local/share/vital/Vital Harvest/Presets/808 - Dusk.vital	other	1.224	0.971	-2.222	0.081	0.966	1.573	0.002
808 Buzzytrip 2 WT.xrni	sine and soft triangle	/home/meneses/.local/share/vital/VitalPresets/Presets/808 Buzzytrip 2.vital	user/Discord presets (third-party)	4.044	0.866	-2.788	0.000	0.709	1.073	0.001
808 DnBish Noise High Noise WT.xrni	sine and soft triangle	/home/meneses/.local/share/vital/VitalPresets/Presets/808 DnBish Noise High Noise.vital	user/Discord presets (third-party)	1.938	1.000	-2.367	0.000	0.931	1.208	0.001
808 Down Lo WT.xrni	sine and soft triangle	/home/meneses/.local/share/vital/VitalPresets/Presets/808 Down Lo.vital	user/Discord presets (third-party)	4.044	0.875	-2.788	0.000	0.709	1.073	0.001
808 If Trap Happened in the 80s WT.xrni	sine and soft triangle	/home/meneses/.local/share/vital/VitalPresets/Presets/808 If Trap Happened in the 80s.vital	user/Discord presets (third-party)	4.044	0.875	-2.788	0.000	0.709	1.073	0.001
808 Quickdrop WT.xrni	sine and soft triangle	/home/meneses/.local/share/vital/VitalPresets/Presets/808 Quickdrop.vital	user/Discord presets (third-party)	4.044	0.853	-2.788	0.000	0.709	1.229	0.001
808 Sub Flutter 2 WT.xrni	sine and soft triangle	/home/meneses/.local/share/vital/VitalPresets/Presets/808 Sub Flutter 2.vital	user/Discord presets (third-party)	4.044	0.874	-2.788	0.000	0.709	1.073	0.001
808 Sub Flutter WT.xrni	sine and soft triangle	/home/meneses/.local/share/vital/VitalPresets/Presets/808 Sub Flutter.vital	user/Discord presets (third-party)	4.044	0.874	-2.788	0.000	0.709	1.073	0.001
808 Sub Mover Pure WT.xrni	sine and soft triangle	/home/meneses/.local/share/vital/VitalPresets/Presets/808 Sub Mover Pure.vital	user/Discord presets (third-party)	4.044	0.871	-2.788	0.000	0.709	1.073	0.001
808 Trepp Lilkick WT.xrni	sine and soft triangle	/home/meneses/.local/share/vital/VitalPresets/Presets/808 Trepp Lilkick.vital	user/Discord presets (third-party)	4.044	0.875	-2.788	0.000	0.709	1.073	0.001
808 Trepp Maybe WT.xrni	sine and soft triangle	/home/meneses/.local/share/vital/VitalPresets/Presets/808 Trepp Maybe.vital	user/Discord presets (third-party)	4.044	0.875	-2.788	0.000	0.709	1.073	0.001
808 Wide 2 WT.xrni	sine and soft triangle	/home/meneses/.local/share/vital/VitalPresets/Presets/808 Wide 2.vital	user/Discord presets (third-party)	1.594	0.999	-3.064	0.090	0.838	1.243	0.003
808 Wide White Dotted Alt WT.xrni	sine and soft triangle	/home/meneses/.local/share/vital/VitalPresets/Presets/808 Wide White Dotted Alt.vital	user/Discord presets (third-party)	4.044	0.843	-2.788	0.000	0.709	1.073	0.001
808 Wide White Dotted Better WT.xrni	sine and soft triangle	/home/meneses/.local/share/vital/VitalPresets/Presets/808 Wide White Dotted Better.vital	user/Discord presets (third-party)	4.044	0.873	-2.788	0.000	0.709	1.080	0.001
808 style WT.xrni	sine and soft triangle	/home/meneses/.local/share/vital/Growl 4 - Screech Tearout/Presets/808 style.vital	user/Discord presets (third-party)	2.763	0.967	-2.212	0.141	0.787	2.116	0.002
A Brave New World WT.xrni	sine and soft triangle	/home/meneses/.local/share/vital/VitalBank/Presets/A Brave New World.vital	other	1.019	0.981	-3.226	0.015	0.981	1.436	0.001
A4TriSawPWM WT.xrni	sine and soft triangle	/home/meneses/.local/share/vital/Kimura Taro/Wavetables/AnalogFour/A4TriSawPWM.vitaltable	Kimura Taro (CC0)	5.808	0.875	-1.948	0.011	0.584	4.181	0.002
ADPR - Fuzzy Talk WT.xrni	sine and soft triangle	/home/meneses/.local/share/vital/Vital Harvest/Presets/ADPR - Fuzzy Talk.vital	other	1.391	0.980	-2.723	0.007	0.908	1.438	0.003
ADPR - Robotic Breach WT.xrni	sine and soft triangle	/home/meneses/.local/share/vital/Growl 4 - Screech Tearout/Presets/ADPR - Robotic Breach.vital	user/Discord presets (third-party)	2.588	1.000	-1.891	0.003	0.822	1.783	0.008
AKVF_NES WT.xrni	sine and soft triangle	/home/meneses/.local/share/vital/WaveEdit Online/Wavetables/AKVF_NES.vitaltable	WaveEdit Online (CC0)	1.755	0.990	-2.092	0.233	0.897	1.677	0.018
Add Synth2 Walsh DY WT.xrni	sine and soft triangle	/home/meneses/.local/share/vital/Kimura Taro/Wavetables/Additive Synth/Add Synth2 Walsh DY.vitaltable	Kimura Taro (CC0)	4.240	0.885	-2.249	0.151	0.721	1.900	0.002
Arp - Ski WT.xrni	sine and soft triangle	/home/meneses/.local/share/vital/Vital Harvest/Presets/Arp - Ski.vital	other	2.555	0.804	-4.454	0.006	0.612	2.666	0.001
Arp - Skydiver WT.xrni	sine and soft triangle	/home/meneses/.local/share/vital/Vital Harvest/Presets/Arp - Skydiver.vital	other	1.224	0.971	-2.222	0.081	0.966	1.573	0.002
Atmospheric Pad 01 WT.xrni	sine and soft triangle	/home/meneses/.local/share/vital/Vital Harvest/Presets/Atmospheric Pad 01.vital	other	2.567	0.779	-2.111	0.029	0.693	1.575	0.002
Audacity Denoise Icarus WT.xrni	sine and soft triangle	/home/meneses/.local/share/vital/Kimura Taro/Wavetables/Audacity/Audacity Denoise Icarus.vitaltable	Kimura Taro (CC0)	1.230	1.000	-2.950	0.002	0.873	1.634	0.002
Audacity DrawSaw Icarus WT.xrni	sine and soft triangle	/home/meneses/.local/share/vital/Kimura Taro/Wavetables/Audacity/Audacity DrawSaw Icarus.vitaltable	Kimura Taro (CC0)	5.518	1.000	-1.867	0.002	0.609	1.923	0.009
Audacity Wave WT.xrni	sine and soft triangle	/home/meneses/.local/share/vital/Kimura Taro/Wavetables/Audacity/Audacity Wave.vitaltable	Kimura Taro (CC0)	3.376	0.959	-1.893	0.002	0.716	1.597	0.004
BASIC_TH WT.xrni	sine and soft triangle	/home/meneses/.local/share/vital/WaveEdit Online/Wavetables/BASIC_TH.vitaltable	WaveEdit Online (CC0)	1.630	0.878	-3.497	0.046	0.807	1.591	0.016
BASS_BY_ WT.xrni	sine and soft triangle	/home/meneses/.local/share/vital/WaveEdit Online/Wavetables/BASS_BY_.vitaltable	WaveEdit Online (CC0)	1.848	0.986	-2.140	0.077	0.866	1.245	0.018
BELLS WT.xrni	sine and soft triangle	/home/meneses/.local/share/vital/WaveEdit Online/Wavetables/BELLS.vitaltable	WaveEdit Online (CC0)	3.593	0.752	-4.445	0.003	0.718	1.999	0.017
BEST_OF_ WT.xrni	sine and soft triangle	/home/meneses/.local/share/vital/WaveEdit Online/Wavetables/BEST_OF_.vitaltable	WaveEdit Online (CC0)	1.825	0.803	-3.339	0.023	0.720	2.058	0.021
BRAIDS03 WT.xrni	sine and soft triangle	/home/meneses/.local/share/vital/WaveEdit Online/Wavetables/BRAIDS03.vitaltable	WaveEdit Online (CC0)	3.406	0.754	-2.263	0.136	0.697	1.875	0.055
Bad Man Brass WT.xrni	sine and soft triangle	/home/meneses/.local/share/vital/Vital Harvest/Presets/Bad Man Brass.vital	other	1.979	0.848	-2.329	0.043	0.812	1.788	0.003
Bass - Warlord WT.xrni	sine and soft triangle	/home/meneses/.local/share/vital/Vital Harvest/Presets/Bass - Warlord.vital	other	2.932	0.927	-3.485	0.009	0.791	1.955	0.003
Bass Palm Muted WT.xrni	sine and soft triangle	/home/meneses/.local/share/vital/VitalPresets/Presets/Bass Palm Muted.vital	user/Discord presets (third-party)	4.044	0.715	-2.788	0.011	0.574	1.073	0.001
Bass Sub Clicky Wubs WT.xrni	sine and soft triangle	/home/meneses/.local/share/vital/VitalPresets/Presets/Bass Sub Clicky Wubs.vital	user/Discord presets (third-party)	4.044	0.874	-2.788	0.000	0.709	1.073	0.001
Bass WT.xrni	sine and soft triangle	/home/meneses/.local/share/vital/nahush2321/Presets/Bass.vital	user/Discord presets (third-party)	2.378	0.808	-2.066	0.004	0.709	1.527	0.004
Bass With A Little Unsettling Harmony WT.xrni	sine and soft triangle	/home/meneses/.local/share/vital/VitalPresets/Presets/Bass With A Little Unsettling Harmony.vital	user/Discord presets (third-party)	4.044	0.874	-2.788	0.000	0.709	1.073	0.001
BassTables 02 WT.xrni	sine and soft triangle	/home/meneses/Projects/renoise/wavetable-packs/basstables-v1/BassTables/BassTables 02.wav	BassTables (free use license)	14.975	0.835	-0.560	0.036	0.664	2.782	0.021
BassTables 03 WT.xrni	sine and soft triangle	/home/meneses/Projects/renoise/wavetable-packs/basstables-v1/BassTables/BassTables 03.wav	BassTables (free use license)	5.140	0.997	-1.342	0.067	0.246	1.705	0.006
BassTables 04 WT.xrni	sine and soft triangle	/home/meneses/Projects/renoise/wavetable-packs/basstables-v1/BassTables/BassTables 04.wav	BassTables (free use license)	8.307	0.922	-0.978	0.139	0.853	2.295	0.026
BassTables 07 WT.xrni	sine and soft triangle	/home/meneses/Projects/renoise/wavetable-packs/basstables-v1/BassTables/BassTables 07.wav	BassTables (free use license)	13.911	0.986	-1.078	0.022	0.487	1.907	0.021
BassTables 13 WT.xrni	sine and soft triangle	/home/meneses/Projects/renoise/wavetable-packs/basstables-v1/BassTables/BassTables 13.wav	BassTables (free use license)	9.131	0.825	-1.511	0.067	0.578	2.535	0.016
BassTables 16 WT.xrni	sine and soft triangle	/home/meneses/Projects/renoise/wavetable-packs/basstables-v1/BassTables/BassTables 16.wav	BassTables (free use license)	4.751	0.878	-1.534	0.133	0.818	2.114	0.016
BassTables 21 WT.xrni	sine and soft triangle	/home/meneses/Projects/renoise/wavetable-packs/basstables-v1/BassTables/BassTables 21.wav	BassTables (free use license)	6.630	0.869	-1.587	0.140	0.826	2.412	0.012
BassTables 24 WT.xrni	sine and soft triangle	/home/meneses/Projects/renoise/wavetable-packs/basstables-v1/BassTables/BassTables 24.wav	BassTables (free use license)	5.971	0.940	-0.847	0.155	0.895	1.810	0.023
Be Brave WT.xrni	sine and soft triangle	/home/meneses/.local/share/vital/Vital Harvest/Presets/Be Brave.vital	other	1.948	0.709	-2.703	0.008	0.659	1.779	0.002
Bells - FM Bro WT.xrni	sine and soft triangle	/home/meneses/.local/share/vital/Vital Harvest/Presets/Bells - FM Bro.vital	other	1.099	0.906	-4.472	0.001	0.904	1.747	0.002
Bells - Hello WT.xrni	sine and soft triangle	/home/meneses/.local/share/vital/Vital Harvest/Presets/Bells - Hello.vital	other	1.000	1.000	-3.258	0.013	1.000	1.421	0.010
Bend or Break WT.xrni	sine and soft triangle	/home/meneses/.local/share/vital/Vital Harvest/Presets/Bend or Break.vital	other	2.584	0.803	-2.143	0.054	0.722	1.777	0.002
Boing_ WT.xrni	sine and soft triangle	/home/meneses/.local/share/vital/Vital Harvest/Presets/Boing_.vital	other	1.037	1.000	-3.281	0.000	0.986	1.731	0.002
Bright FM Piano WT.xrni	sine and soft triangle	/home/meneses/.local/share/vital/Vital Harvest/Presets/Bright FM Piano.vital	other	1.000	1.000	-3.139	0.000	1.000	1.414	0.002
Brutally Honest WT.xrni	sine and soft triangle	/home/meneses/.local/share/vital/Vital Harvest/Presets/Brutally Honest.vital	other	1.023	1.000	-4.087	0.011	0.990	1.591	0.002
Bug1 WT.xrni	sine and soft triangle	/home/meneses/.local/share/vital/Kimura Taro/Wavetables/Icarus Bugs/Bug1.vitaltable	Kimura Taro (CC0)	1.099	0.998	-3.380	0.083	0.979	1.809	0.002
Bug2 WT.xrni	sine and soft triangle	/home/meneses/.local/share/vital/Kimura Taro/Wavetables/Icarus Bugs/Bug2.vitaltable	Kimura Taro (CC0)	1.135	0.996	-3.320	0.084	0.971	1.789	0.002
Bug3 WT.xrni	sine and soft triangle	/home/meneses/.local/share/vital/Kimura Taro/Wavetables/Icarus Bugs/Bug3.vitaltable	Kimura Taro (CC0)	1.113	0.996	-3.354	0.109	0.981	1.752	0.002
Buzz Kill WT.xrni	sine and soft triangle	/home/meneses/.local/share/vital/Vital Harvest/Presets/Buzz Kill.vital	other	2.116	0.778	-2.653	0.007	0.723	1.729	0.003
Cat Scan WT.xrni	sine and soft triangle	/home/meneses/.local/share/vital/Vital Harvest/Presets/Cat Scan.vital	other	7.210	0.997	-2.789	0.008	0.688	3.408	0.005
Chords 2 WT.xrni	sine and soft triangle	/home/meneses/.local/share/vital/nahush2321/Presets/Chords 2.vital	user/Discord presets (third-party)	1.019	0.981	-3.225	0.015	0.981	1.436	0.001
Chords Analoggy WT.xrni	sine and soft triangle	/home/meneses/.local/share/vital/VitalPresets/Presets/Chords Analoggy.vital	user/Discord presets (third-party)	2.076	1.000	-3.231	0.000	0.930	1.312	0.001
Chords Clean Skank Stabs or Pads 2 WT.xrni	sine and soft triangle	/home/meneses/.local/share/vital/VitalPresets/Presets/Chords Clean Skank Stabs or Pads 2.vital	user/Discord presets (third-party)	4.044	0.875	-2.788	0.000	0.709	1.073	0.001
Chords Halfclown WT.xrni	sine and soft triangle	/home/meneses/.local/share/vital/VitalPresets/Presets/Chords Halfclown.vital	user/Discord presets (third-party)	1.567	0.929	-6.078	0.010	0.903	1.644	0.004
Chords Oragny Whipp WT.xrni	sine and soft triangle	/home/meneses/.local/share/vital/VitalPresets/Presets/Chords Oragny Whipp.vital	user/Discord presets (third-party)	4.044	0.866	-2.788	0.000	0.709	1.073	0.001
Chords Sin Harmonic Nice 2 WT.xrni	sine and soft triangle	/home/meneses/.local/share/vital/VitalPresets/Presets/Chords Sin Harmonic Nice 2.vital	user/Discord presets (third-party)	4.044	0.870	-2.788	0.000	0.709	1.073	0.001
Chords Weirdidea2 WT.xrni	sine and soft triangle	/home/meneses/.local/share/vital/VitalPresets/Presets/Chords Weirdidea2.vital	user/Discord presets (third-party)	1.064	0.980	-5.752	0.004	0.979	1.553	0.002
Clean Guitar WT.xrni	sine and soft triangle	/home/meneses/.local/share/vital/Vital Harvest/Presets/Clean Guitar.vital	other	2.285	0.662	-4.280	0.000	0.662	2.068	0.012
Cloud rap pad WT.xrni	sine and soft triangle	/home/meneses/.local/share/vital/Vital Harvest/Presets/Cloud rap pad.vital	other	4.720	0.875	-2.168	0.120	0.574	1.073	0.001
Coastal Farmer WT.xrni	sine and soft triangle	/home/meneses/.local/share/vital/VitalBank/Presets/Coastal Farmer.vital	other	1.333	0.991	-3.237	0.066	0.895	1.187	0.002
Complex Electro 1 WT.xrni	sine and soft triangle	/home/meneses/.local/share/vital/Factory Presets/Presets/Complex Electro 1.vital	other	1.429	0.956	-3.239	0.080	0.917	2.189	0.005
Cool BassLead Type Sound WT.xrni	sine and soft triangle	/home/meneses/.local/share/vital/Vital Harvest/Presets/Cool BassLead Type Sound.vital	other	5.346	0.952	-1.385	0.134	0.672	2.143	0.012
Cotton Candy WT.xrni	sine and soft triangle	/home/meneses/.local/share/vital/Vital Harvest/Presets/Cotton Candy.vital	other	1.572	0.955	-5.101	0.009	0.839	2.003	0.005
DN Harm WT.xrni	sine and soft triangle	/home/meneses/.local/share/vital/Kimura Taro/Wavetables/Digitone/DN Harm.vitaltable	Kimura Taro (CC0)	1.329	0.976	-4.115	0.002	0.904	1.767	0.001
DN NHarm WT.xrni	sine and soft triangle	/home/meneses/.local/share/vital/Kimura Taro/Wavetables/Digitone/DN NHarm.vitaltable	Kimura Taro (CC0)	2.004	0.998	-2.192	0.009	0.892	1.843	0.003
DN-LFO WT.xrni	sine and soft triangle	/home/meneses/.local/share/vital/Kimura Taro/Wavetables/Digitone/DN-LFO.vitaltable	Kimura Taro (CC0)	1.147	1.000	-3.446	0.002	0.952	1.573	0.002
DN01 ALG5 WT.xrni	sine and soft triangle	/home/meneses/.local/share/vital/Kimura Taro/Wavetables/Digitone/DN01 ALG5.vitaltable	Kimura Taro (CC0)	4.543	0.769	-2.004	0.007	0.641	1.931	0.004
DarkSynth2 WT.xrni	sine and soft triangle	/home/meneses/.local/share/vital/Kimura Taro/Wavetables/AmaizingNoises DarkSynth/DarkSynth2.vitaltable	Kimura Taro (CC0)	3.212	0.839	-1.820	0.005	0.699	1.718	0.013
DarkSynth2AM WT.xrni	sine and soft triangle	/home/meneses/.local/share/vital/Kimura Taro/Wavetables/AmaizingNoises DarkSynth/DarkSynth2AM.vitaltable	Kimura Taro (CC0)	5.173	0.838	-1.640	0.006	0.687	1.807	0.020
DarkSynth2FM WT.xrni	sine and soft triangle	/home/meneses/.local/share/vital/Kimura Taro/Wavetables/AmaizingNoises DarkSynth/DarkSynth2FM.vitaltable	Kimura Taro (CC0)	12.210	0.902	-0.685	0.008	0.636	1.652	0.033
DarkSynth7 WT.xrni	sine and soft triangle	/home/meneses/.local/share/vital/Kimura Taro/Wavetables/AmaizingNoises DarkSynth/DarkSynth7.vitaltable	Kimura Taro (CC0)	2.605	0.889	-2.000	0.002	0.804	1.944	0.003
DarkSynth8 WT.xrni	sine and soft triangle	/home/meneses/.local/share/vital/Kimura Taro/Wavetables/AmaizingNoises DarkSynth/DarkSynth8.vitaltable	Kimura Taro (CC0)	2.879	0.939	-2.542	0.001	0.865	1.699	0.006
DarkSynth9 WT.xrni	sine and soft triangle	/home/meneses/.local/share/vital/Kimura Taro/Wavetables/AmaizingNoises DarkSynth/DarkSynth9.vitaltable	Kimura Taro (CC0)	3.538	0.883	-4.805	0.002	0.763	1.928	0.005
Desert WT.xrni	sine and soft triangle	/home/meneses/.local/share/vital/Vital Harvest/Presets/Desert.vital	other	2.130	0.701	-2.321	0.125	0.603	2.169	0.007
Digi Stacks WT.xrni	sine and soft triangle	/home/meneses/.local/share/vital/Vital Harvest/Presets/Digi Stacks.vital	other	2.714	1.000	-4.324	0.000	0.533	1.574	0.003
Dirty Cymbal 1 WT.xrni	sine and soft triangle	/home/meneses/.local/share/vital/Vital Harvest/Presets/Dirty Cymbal 1.vital	other	1.000	1.000	-4.556	0.000	1.000	1.414	0.062
DirtyHarry 4bit WT.xrni	sine and soft triangle	/home/meneses/.local/share/vital/Kimura Taro/Wavetables/Vocorder/DirtyHarry 4bit.vitaltable	Kimura Taro (CC0)	8.647	0.738	-1.800	0.018	0.523	1.649	0.001
Disrupt WT.xrni	sine and soft triangle	/home/meneses/.local/share/vital/Factory Presets/Presets/Disrupt.vital	other	1.008	1.000	-3.317	0.000	0.997	1.560	0.002
Distant Lighthouse WT.xrni	sine and soft triangle	/home/meneses/.local/share/vital/VitalBank/Presets/Distant Lighthouse.vital	other	2.209	0.777	-3.591	0.002	0.551	2.068	0.003
DnB Noisy Lead Wub Machine Thing 6 WT.xrni	sine and soft triangle	/home/meneses/.local/share/vital/VitalPresets/Presets/DnB Noisy Lead Wub Machine Thing 6.vital	user/Discord presets (third-party)	1.930	1.000	-2.369	0.000	0.931	1.201	0.001
DnB Noisy Lead Wub Machine Thing Alt WT.xrni	sine and soft triangle	/home/meneses/.local/share/vital/VitalPresets/Presets/DnB Noisy Lead Wub Machine Thing Alt.vital	user/Discord presets (third-party)	4.906	0.925	-2.743	0.192	0.799	1.666	0.015
DnB Two Detuned Sin WT.xrni	sine and soft triangle	/home/meneses/.local/share/vital/VitalPresets/Presets/DnB Two Detuned Sin.vital	user/Discord presets (third-party)	4.044	0.875	-2.748	0.000	0.709	1.073	0.001
Dnb Modern Dull WT.xrni	sine and soft triangle	/home/meneses/.local/share/vital/VitalPresets/Presets/Dnb Modern Dull.vital	user/Discord presets (third-party)	4.720	0.874	-2.788	0.000	0.574	1.073	0.001
Dub Siren Bob Lazar Fall 3 Riser WT.xrni	sine and soft triangle	/home/meneses/.local/share/vital/VitalPresets/Presets/Dub Siren Bob Lazar Fall 3 Riser.vital	user/Discord presets (third-party)	4.044	0.871	-2.788	0.000	0.709	1.073	0.001
EFSQ Organ WT.xrni	sine and soft triangle	/home/meneses/.local/share/vital/Kimura Taro/Wavetables/Audacity/EFSQ Organ.vitaltable	Kimura Taro (CC0)	1.011	0.999	-2.563	0.002	0.999	1.420	0.002
EFSQ WT.xrni	sine and soft triangle	/home/meneses/.local/share/vital/Kimura Taro/Wavetables/Audacity/EFSQ.vitaltable	Kimura Taro (CC0)	3.324	0.980	-1.771	0.002	0.830	1.319	0.007
EFSaw1 WT.xrni	sine and soft triangle	/home/meneses/.local/share/vital/Kimura Taro/Wavetables/Audacity/EFSaw1.vitaltable	Kimura Taro (CC0)	6.587	0.765	-1.888	0.002	0.630	1.918	0.014
EFSaw2 WT.xrni	sine and soft triangle	/home/meneses/.local/share/vital/Kimura Taro/Wavetables/Audacity/EFSaw2.vitaltable	Kimura Taro (CC0)	5.483	0.819	-1.802	0.002	0.614	2.062	0.008
ESW Analog - 80_s PWM WT.xrni	sine and soft triangle	/home/meneses/Projects/renoise/wavetable-packs/esw/Echo Sound Works Core Tables/Analog/ESW Analog - 80's PWM.wav	Echo Sound Works Core (free pack)	2.309	0.752	-2.040	0.016	0.657	2.108	0.002
ESW Analog - ARP Square WT.xrni	sine and soft triangle	/home/meneses/Projects/renoise/wavetable-packs/esw/Echo Sound Works Core Tables/Analog/ESW Analog - ARP Square.wav	Echo Sound Works Core (free pack)	2.562	0.997	-1.276	0.163	0.882	1.557	0.005
ESW Analog - ARP Triangle WT.xrni	sine and soft triangle	/home/meneses/Projects/renoise/wavetable-packs/esw/Echo Sound Works Core Tables/Analog/ESW Analog - ARP Triangle.wav	Echo Sound Works Core (free pack)	1.224	0.971	-2.222	0.081	0.966	1.573	0.002
ESW Analog - Arp Sine WT.xrni	sine and soft triangle	/home/meneses/Projects/renoise/wavetable-packs/esw/Echo Sound Works Core Tables/Analog/ESW Analog - Arp Sine.wav	Echo Sound Works Core (free pack)	1.525	0.940	-2.018	0.033	0.890	1.623	0.005
ESW Analog - Juno 60 Sine 01 WT.xrni	sine and soft triangle	/home/meneses/Projects/renoise/wavetable-packs/esw/Echo Sound Works Core Tables/Analog/ESW Analog - Juno 60 Sine 01.wav	Echo Sound Works Core (free pack)	1.069	0.964	-2.901	0.034	0.960	1.754	0.002
ESW Analog - Juno 60 Square WT.xrni	sine and soft triangle	/home/meneses/Projects/renoise/wavetable-packs/esw/Echo Sound Works Core Tables/Analog/ESW Analog - Juno 60 Square.wav	Echo Sound Works Core (free pack)	3.070	0.808	-2.213	0.082	0.668	2.235	0.002
ESW Analog - Jupiter 8 Triang WT.xrni	sine and soft triangle	/home/meneses/Projects/renoise/wavetable-packs/esw/Echo Sound Works Core Tables/Analog/ESW Analog - Jupiter 8 Triang.wav	Echo Sound Works Core (free pack)	1.507	0.682	-3.500	0.049	0.652	1.974	0.002
ESW Analog - MS20 Square WT.xrni	sine and soft triangle	/home/meneses/Projects/renoise/wavetable-packs/esw/Echo Sound Works Core Tables/Analog/ESW Analog - MS20 Square.wav	Echo Sound Works Core (free pack)	2.351	0.994	-1.712	0.105	0.821	2.004	0.002
ESW Analog - Mini Moog Pulse WT.xrni	sine and soft triangle	/home/meneses/Projects/renoise/wavetable-packs/esw/Echo Sound Works Core Tables/Analog/ESW Analog - Mini Moog Pulse.wav	Echo Sound Works Core (free pack)	2.074	0.915	-2.041	0.039	0.859	1.538	0.002
ESW Analog - Moog Saw 01 WT.xrni	sine and soft triangle	/home/meneses/Projects/renoise/wavetable-packs/esw/Echo Sound Works Core Tables/Analog/ESW Analog - Moog Saw 01.wav	Echo Sound Works Core (free pack)	2.914	0.774	-2.065	0.103	0.652	2.302	0.002
ESW Analog - Moog Saw 03 WT.xrni	sine and soft triangle	/home/meneses/Projects/renoise/wavetable-packs/esw/Echo Sound Works Core Tables/Analog/ESW Analog - Moog Saw 03.wav	Echo Sound Works Core (free pack)	1.386	0.953	-2.253	0.039	0.922	1.650	0.003
ESW Analog - Moog Sine 02 WT.xrni	sine and soft triangle	/home/meneses/Projects/renoise/wavetable-packs/esw/Echo Sound Works Core Tables/Analog/ESW Analog - Moog Sine 02.wav	Echo Sound Works Core (free pack)	1.063	0.998	-3.946	0.013	0.975	1.573	0.002
ESW Analog - Moog Square 01 WT.xrni	sine and soft triangle	/home/meneses/Projects/renoise/wavetable-packs/esw/Echo Sound Works Core Tables/Analog/ESW Analog - Moog Square 01 .wav	Echo Sound Works Core (free pack)	3.068	0.939	-2.112	0.150	0.688	1.770	0.002
ESW Analog - Moog Triangle WT.xrni	sine and soft triangle	/home/meneses/Projects/renoise/wavetable-packs/esw/Echo Sound Works Core Tables/Analog/ESW Analog - Moog Triangle.wav	Echo Sound Works Core (free pack)	1.024	0.999	-3.524	0.013	0.990	1.532	0.002
ESW Analog - Pluse Waves WT.xrni	sine and soft triangle	/home/meneses/Projects/renoise/wavetable-packs/esw/Echo Sound Works Core Tables/Analog/ESW Analog - Pluse Waves.wav	Echo Sound Works Core (free pack)	2.795	0.992	-1.959	0.175	0.719	1.439	0.002
ESW Analog - Prophet Square WT.xrni	sine and soft triangle	/home/meneses/Projects/renoise/wavetable-packs/esw/Echo Sound Works Core Tables/Analog/ESW Analog - Prophet Square.wav	Echo Sound Works Core (free pack)	1.590	1.000	-1.820	0.021	0.873	1.518	0.002
ESW Analog - Prophet Triangle WT.xrni	sine and soft triangle	/home/meneses/Projects/renoise/wavetable-packs/esw/Echo Sound Works Core Tables/Analog/ESW Analog - Prophet Triangle.wav	Echo Sound Works Core (free pack)	1.215	1.000	-3.553	0.008	0.919	1.496	0.002
ESW Analog - SH101 Saw WT.xrni	sine and soft triangle	/home/meneses/Projects/renoise/wavetable-packs/esw/Echo Sound Works Core Tables/Analog/ESW Analog - SH101 Saw.wav	Echo Sound Works Core (free pack)	3.356	0.820	-2.099	0.113	0.712	1.756	0.003
ESW Analog - SH101 Square 2 WT.xrni	sine and soft triangle	/home/meneses/Projects/renoise/wavetable-packs/esw/Echo Sound Works Core Tables/Analog/ESW Analog - SH101 Square 2.wav	Echo Sound Works Core (free pack)	1.275	0.998	-2.107	0.030	0.926	1.182	0.002
ESW Analog - Sys8 WT.xrni	sine and soft triangle	/home/meneses/Projects/renoise/wavetable-packs/esw/Echo Sound Works Core Tables/Analog/ESW Analog - Sys8.wav	Echo Sound Works Core (free pack)	3.978	0.892	-1.833	0.065	0.730	2.086	0.006
ESW Analog - VMS Saw WT.xrni	sine and soft triangle	/home/meneses/Projects/renoise/wavetable-packs/esw/Echo Sound Works Core Tables/Analog/ESW Analog - VMS Saw.wav	Echo Sound Works Core (free pack)	2.047	0.769	-3.427	0.008	0.651	2.946	0.002
ESW Basics - Pulse Acid WT.xrni	sine and soft triangle	/home/meneses/Projects/renoise/wavetable-packs/esw/Echo Sound Works Core Tables/Basics/ESW Basics - Pulse Acid.wav	Echo Sound Works Core (free pack)	2.555	0.804	-4.453	0.006	0.612	2.488	0.002
ESW Basics - Saw Mellow WT.xrni	sine and soft triangle	/home/meneses/Projects/renoise/wavetable-packs/esw/Echo Sound Works Core Tables/Basics/ESW Basics - Saw Mellow.wav	Echo Sound Works Core (free pack)	1.206	0.895	-2.837	0.088	0.869	1.963	0.002
ESW Basics - Saw Morph 01 WT.xrni	sine and soft triangle	/home/meneses/Projects/renoise/wavetable-packs/esw/Echo Sound Works Core Tables/Basics/ESW Basics - Saw Morph 01.wav	Echo Sound Works Core (free pack)	2.133	0.787	-2.546	0.125	0.689	2.047	0.003
ESW Basics - Saw Morph 03 WT.xrni	sine and soft triangle	/home/meneses/Projects/renoise/wavetable-packs/esw/Echo Sound Works Core Tables/Basics/ESW Basics - Saw Morph 03.wav	Echo Sound Works Core (free pack)	2.367	0.818	-2.225	0.033	0.729	2.278	0.003
ESW Basics - Saw Phaser WT.xrni	sine and soft triangle	/home/meneses/Projects/renoise/wavetable-packs/esw/Echo Sound Works Core Tables/Basics/ESW Basics - Saw Phaser.wav	Echo Sound Works Core (free pack)	3.195	0.807	-1.999	0.056	0.704	1.874	0.003
ESW Basics - Sine 909 WT.xrni	sine and soft triangle	/home/meneses/Projects/renoise/wavetable-packs/esw/Echo Sound Works Core Tables/Basics/ESW Basics - Sine 909.wav	Echo Sound Works Core (free pack)	1.057	0.996	-3.492	0.041	0.992	1.433	0.001
ESW Basics - Sine Dwmsmple WT.xrni	sine and soft triangle	/home/meneses/Projects/renoise/wavetable-packs/esw/Echo Sound Works Core Tables/Basics/ESW Basics - Sine Dwmsmple.wav	Echo Sound Works Core (free pack)	1.014	1.000	-1.762	0.021	1.000	1.414	0.004
ESW Basics - Sine Pulse WT.xrni	sine and soft triangle	/home/meneses/Projects/renoise/wavetable-packs/esw/Echo Sound Works Core Tables/Basics/ESW Basics - Sine Pulse.wav	Echo Sound Works Core (free pack)	1.163	1.000	-3.241	0.021	0.928	1.203	0.002
ESW Basics - Sine Soft WT.xrni	sine and soft triangle	/home/meneses/Projects/renoise/wavetable-packs/esw/Echo Sound Works Core Tables/Basics/ESW Basics - Sine Soft.wav	Echo Sound Works Core (free pack)	1.005	1.000	-3.409	0.015	0.998	1.383	0.002
ESW Basics - Sine to Saw WT.xrni	sine and soft triangle	/home/meneses/Projects/renoise/wavetable-packs/esw/Echo Sound Works Core Tables/Basics/ESW Basics - Sine to Saw.wav	Echo Sound Works Core (free pack)	1.144	0.889	-5.883	0.013	0.877	1.499	0.002
ESW Basics - Sine to Square WT.xrni	sine and soft triangle	/home/meneses/Projects/renoise/wavetable-packs/esw/Echo Sound Works Core Tables/Basics/ESW Basics - Sine to Square.wav	Echo Sound Works Core (free pack)	1.312	1.000	-2.655	0.000	0.900	1.086	0.002
ESW Basics - Square Saw 01 WT.xrni	sine and soft triangle	/home/meneses/Projects/renoise/wavetable-packs/esw/Echo Sound Works Core Tables/Basics/ESW Basics - Square Saw 01.wav	Echo Sound Works Core (free pack)	2.895	0.994	-1.230	0.096	0.859	3.231	0.002
ESW Basics - Square Saw WT.xrni	sine and soft triangle	/home/meneses/Projects/renoise/wavetable-packs/esw/Echo Sound Works Core Tables/Basics/ESW Basics - Square Saw.wav	Echo Sound Works Core (free pack)	3.036	0.682	-2.095	0.058	0.585	1.681	0.002
ESW Basics - Square Sine WT.xrni	sine and soft triangle	/home/meneses/Projects/renoise/wavetable-packs/esw/Echo Sound Works Core Tables/Basics/ESW Basics - Square Sine.wav	Echo Sound Works Core (free pack)	2.378	0.808	-2.066	0.004	0.709	1.527	0.004
ESW Basics - Sub Sine 01 WT.xrni	sine and soft triangle	/home/meneses/Projects/renoise/wavetable-packs/esw/Echo Sound Works Core Tables/Basics/ESW Basics - Sub Sine 01.wav	Echo Sound Works Core (free pack)	1.712	0.849	-3.160	0.001	0.792	1.531	0.002
ESW Basics - Sub Sine 02 WT.xrni	sine and soft triangle	/home/meneses/Projects/renoise/wavetable-packs/esw/Echo Sound Works Core Tables/Basics/ESW Basics - Sub Sine 02.wav	Echo Sound Works Core (free pack)	1.467	0.832	-3.130	0.035	0.769	1.561	0.002
ESW Basics - Sub Sine 03 WT.xrni	sine and soft triangle	/home/meneses/Projects/renoise/wavetable-packs/esw/Echo Sound Works Core Tables/Basics/ESW Basics - Sub Sine 03.wav	Echo Sound Works Core (free pack)	1.750	0.738	-3.107	0.002	0.688	1.668	0.002
ESW Basics - Sylenth VA WT.xrni	sine and soft triangle	/home/meneses/Projects/renoise/wavetable-packs/esw/Echo Sound Works Core Tables/Digital/ESW Basics - Sylenth VA.wav	Echo Sound Works Core (free pack)	3.298	0.872	-2.068	0.098	0.729	1.878	0.002
ESW Chill - Axis WT.xrni	sine and soft triangle	/home/meneses/Projects/renoise/wavetable-packs/esw/Echo Sound Works Core Tables/Chill/ESW Chill - Axis.wav	Echo Sound Works Core (free pack)	1.019	0.981	-3.224	0.015	0.981	1.436	0.001
ESW Chill - Cloudy WT.xrni	sine and soft triangle	/home/meneses/Projects/renoise/wavetable-packs/esw/Echo Sound Works Core Tables/Chill/ESW Chill - Cloudy.wav	Echo Sound Works Core (free pack)	1.269	0.943	-5.224	0.007	0.872	1.910	0.002
ESW Chill - Meshy WT.xrni	sine and soft triangle	/home/meneses/Projects/renoise/wavetable-packs/esw/Echo Sound Works Core Tables/Chill/ESW Chill - Meshy.wav	Echo Sound Works Core (free pack)	1.333	0.991	-3.237	0.066	0.895	1.187	0.002
ESW Digital - Acid Saw 02 WT.xrni	sine and soft triangle	/home/meneses/Projects/renoise/wavetable-packs/esw/Echo Sound Works Core Tables/Digital/ESW Digital - Acid Saw 02.wav	Echo Sound Works Core (free pack)	1.263	0.976	-3.620	0.011	0.954	1.790	0.002
ESW Digital - Acid Saw WT.xrni	sine and soft triangle	/home/meneses/Projects/renoise/wavetable-packs/esw/Echo Sound Works Core Tables/Digital/ESW Digital - Acid Saw.wav	Echo Sound Works Core (free pack)	1.852	0.961	-3.179	0.007	0.930	1.367	0.003
ESW Digital - Chill 808 WT.xrni	sine and soft triangle	/home/meneses/Projects/renoise/wavetable-packs/esw/Echo Sound Works Core Tables/Digital/ESW Digital - Chill 808.wav	Echo Sound Works Core (free pack)	1.211	0.978	-3.657	0.019	0.883	1.824	0.002
ESW Digital - Chill Sines WT.xrni	sine and soft triangle	/home/meneses/Projects/renoise/wavetable-packs/esw/Echo Sound Works Core Tables/Digital/ESW Digital - Chill Sines.wav	Echo Sound Works Core (free pack)	1.019	0.981	-3.224	0.015	0.981	1.436	0.001
ESW Digital - Deep House WT.xrni	sine and soft triangle	/home/meneses/Projects/renoise/wavetable-packs/esw/Echo Sound Works Core Tables/Digital/ESW Digital - Deep House.wav	Echo Sound Works Core (free pack)	2.581	1.000	-4.808	0.002	0.304	1.580	0.004
ESW Digital - Evo WT.xrni	sine and soft triangle	/home/meneses/Projects/renoise/wavetable-packs/esw/Echo Sound Works Core Tables/Digital/ESW Digital - Evo.wav	Echo Sound Works Core (free pack)	1.553	0.987	-4.239	0.001	0.748	1.859	0.003
ESW Digital - Flanger Talk WT.xrni	sine and soft triangle	/home/meneses/Projects/renoise/wavetable-packs/esw/Echo Sound Works Core Tables/Digital/ESW Digital - Flanger Talk.wav	Echo Sound Works Core (free pack)	3.293	0.859	-1.421	0.052	0.827	1.873	0.011
ESW Digital - Flanges Saw WT.xrni	sine and soft triangle	/home/meneses/Projects/renoise/wavetable-packs/esw/Echo Sound Works Core Tables/Digital/ESW Digital - Flanges Saw.wav	Echo Sound Works Core (free pack)	3.228	0.829	-2.441	0.115	0.511	1.777	0.004
ESW Digital - Formantish WT.xrni	sine and soft triangle	/home/meneses/Projects/renoise/wavetable-packs/esw/Echo Sound Works Core Tables/Digital/ESW Digital - Formantish.wav	Echo Sound Works Core (free pack)	3.716	0.896	-1.691	0.109	0.830	2.233	0.005
ESW Digital - Loli Pops WT.xrni	sine and soft triangle	/home/meneses/Projects/renoise/wavetable-packs/esw/Echo Sound Works Core Tables/Digital/ESW Digital - Loli Pops.wav	Echo Sound Works Core (free pack)	1.008	1.000	-3.189	0.009	0.996	1.384	0.007
ESW Digital - Metalish WT.xrni	sine and soft triangle	/home/meneses/Projects/renoise/wavetable-packs/esw/Echo Sound Works Core Tables/Digital/ESW Digital - Metalish.wav	Echo Sound Works Core (free pack)	3.524	0.967	-1.865	0.045	0.579	1.815	0.003
ESW Digital - Pulse Acid WT.xrni	sine and soft triangle	/home/meneses/Projects/renoise/wavetable-packs/esw/Echo Sound Works Core Tables/Digital/ESW Digital - Pulse Acid.wav	Echo Sound Works Core (free pack)	2.555	0.804	-4.453	0.006	0.612	2.666	0.001
ESW Digital - Saw Harmonics WT.xrni	sine and soft triangle	/home/meneses/Projects/renoise/wavetable-packs/esw/Echo Sound Works Core Tables/Digital/ESW Digital - Saw Harmonics.wav	Echo Sound Works Core (free pack)	2.544	0.931	-2.022	0.166	0.849	2.394	0.002
ESW Digital - Square Cutoff WT.xrni	sine and soft triangle	/home/meneses/Projects/renoise/wavetable-packs/esw/Echo Sound Works Core Tables/Digital/ESW Digital - Square Cutoff.wav	Echo Sound Works Core (free pack)	2.186	0.981	-2.385	0.131	0.808	1.909	0.002
ESW Digital - Square Harmonics WT.xrni	sine and soft triangle	/home/meneses/Projects/renoise/wavetable-packs/esw/Echo Sound Works Core Tables/Digital/ESW Digital - Square Harmonics.wav	Echo Sound Works Core (free pack)	4.157	0.740	-1.761	0.009	0.645	2.043	0.007
ESW Digital - Super Dirt WT.xrni	sine and soft triangle	/home/meneses/Projects/renoise/wavetable-packs/esw/Echo Sound Works Core Tables/Digital/ESW Digital - Super Dirt.wav	Echo Sound Works Core (free pack)	7.067	0.866	-1.446	0.143	0.796	3.039	0.008
ESW Digital - Sweep 01 WT.xrni	sine and soft triangle	/home/meneses/Projects/renoise/wavetable-packs/esw/Echo Sound Works Core Tables/Digital/ESW Digital - Sweep 01.wav	Echo Sound Works Core (free pack)	2.624	0.873	-2.508	0.045	0.795	1.936	0.006
ESW Digital - Sync House WT.xrni	sine and soft triangle	/home/meneses/Projects/renoise/wavetable-packs/esw/Echo Sound Works Core Tables/Digital/ESW Digital - Sync House.wav	Echo Sound Works Core (free pack)	2.287	0.705	-2.465	0.083	0.574	1.465	0.003
ESW Digital - Synth Brass WT.xrni	sine and soft triangle	/home/meneses/Projects/renoise/wavetable-packs/esw/Echo Sound Works Core Tables/Digital/ESW Digital - Synth Brass.wav	Echo Sound Works Core (free pack)	2.161	0.759	-4.735	0.008	0.641	2.111	0.002
ESW Digital - Synth Bug WT.xrni	sine and soft triangle	/home/meneses/Projects/renoise/wavetable-packs/esw/Echo Sound Works Core Tables/Digital/ESW Digital - Synth Bug.wav	Echo Sound Works Core (free pack)	1.304	0.834	-3.896	0.024	0.797	1.503	0.002
ESW Digital Bell 03 WT.xrni	sine and soft triangle	/home/meneses/Projects/renoise/wavetable-packs/esw/Echo Sound Works Core Tables/Digital/ESW Digital Bell 03.wav	Echo Sound Works Core (free pack)	4.010	0.968	-1.539	0.038	0.724	1.814	0.006
ESW FM - Brutal WT.xrni	sine and soft triangle	/home/meneses/Projects/renoise/wavetable-packs/esw/Echo Sound Works Core Tables/FM/ESW FM - Brutal.wav	Echo Sound Works Core (free pack)	8.749	0.821	-1.410	0.119	0.602	1.816	0.014
ESW FM - Comb Filtered WT.xrni	sine and soft triangle	/home/meneses/Projects/renoise/wavetable-packs/esw/Echo Sound Works Core Tables/FM/ESW FM - Comb Filtered.wav	Echo Sound Works Core (free pack)	2.699	0.891	-2.318	0.197	0.786	1.811	0.005
ESW FM - Harmonics 02 WT.xrni	sine and soft triangle	/home/meneses/Projects/renoise/wavetable-packs/esw/Echo Sound Works Core Tables/FM/ESW FM - Harmonics 02.wav	Echo Sound Works Core (free pack)	6.036	0.936	-1.891	0.004	0.444	1.935	0.008
ESW FM - Reverrsed WT.xrni	sine and soft triangle	/home/meneses/Projects/renoise/wavetable-packs/esw/Echo Sound Works Core Tables/FM/ESW FM - Reverrsed.wav	Echo Sound Works Core (free pack)	4.539	0.760	-2.190	0.049	0.487	1.671	0.002
ESW FM - Saw FM8 WT.xrni	sine and soft triangle	/home/meneses/Projects/renoise/wavetable-packs/esw/Echo Sound Works Core Tables/FM/ESW FM - Saw FM8.wav	Echo Sound Works Core (free pack)	3.932	0.893	-1.938	0.138	0.785	1.741	0.006
ESW Growl - Banimal WT.xrni	sine and soft triangle	/home/meneses/Projects/renoise/wavetable-packs/esw/Echo Sound Works Core Tables/Growl/ESW Growl - Banimal.wav	Echo Sound Works Core (free pack)	1.947	0.887	-1.500	0.119	0.846	1.938	0.008
ESW Growl - Flubs WT.xrni	sine and soft triangle	/home/meneses/Projects/renoise/wavetable-packs/esw/Echo Sound Works Core Tables/Growl/ESW Growl - Flubs.wav	Echo Sound Works Core (free pack)	10.024	0.913	-1.575	0.114	0.665	2.404	0.014
ESW Growl - Sputter WT.xrni	sine and soft triangle	/home/meneses/Projects/renoise/wavetable-packs/esw/Echo Sound Works Core Tables/Growl/ESW Growl - Sputter.wav	Echo Sound Works Core (free pack)	1.655	0.950	-2.193	0.129	0.920	1.678	0.004
ESW Metalic - Zipper WT.xrni	sine and soft triangle	/home/meneses/Projects/renoise/wavetable-packs/esw/Echo Sound Works Core Tables/Metallic/ESW Metalic - Zipper.wav	Echo Sound Works Core (free pack)	1.002	1.000	-2.884	0.020	1.000	1.445	0.001
ESW Metallic - Bell 01 WT.xrni	sine and soft triangle	/home/meneses/Projects/renoise/wavetable-packs/esw/Echo Sound Works Core Tables/Metallic/ESW Metallic - Bell 01.wav	Echo Sound Works Core (free pack)	3.549	0.986	-2.541	0.014	0.927	1.880	0.006
ESW Metallic - Bell 02 WT.xrni	sine and soft triangle	/home/meneses/Projects/renoise/wavetable-packs/esw/Echo Sound Works Core Tables/Metallic/ESW Metallic - Bell 02.wav	Echo Sound Works Core (free pack)	1.586	0.960	-2.619	0.011	0.938	1.796	0.003
ESW Metallic - Bell 03 WT.xrni	sine and soft triangle	/home/meneses/Projects/renoise/wavetable-packs/esw/Echo Sound Works Core Tables/Metallic/ESW Metallic - Bell 03.wav	Echo Sound Works Core (free pack)	2.201	0.994	-2.152	0.039	0.774	1.588	0.008
ESW Metallic - Bell 04 WT.xrni	sine and soft triangle	/home/meneses/Projects/renoise/wavetable-packs/esw/Echo Sound Works Core Tables/Metallic/ESW Metallic - Bell 04.wav	Echo Sound Works Core (free pack)	1.809	0.790	-3.370	0.004	0.790	1.999	0.003
ESW Metallic - Bell 05 WT.xrni	sine and soft triangle	/home/meneses/Projects/renoise/wavetable-packs/esw/Echo Sound Works Core Tables/Metallic/ESW Metallic - Bell 05.wav	Echo Sound Works Core (free pack)	1.758	0.981	-1.789	0.025	0.962	1.736	0.005
ESW Metallic - Ring Tone WT.xrni	sine and soft triangle	/home/meneses/Projects/renoise/wavetable-packs/esw/Echo Sound Works Core Tables/Metallic/ESW Metallic - Ring Tone.wav	Echo Sound Works Core (free pack)	2.560	0.976	-2.647	0.026	0.912	1.989	0.007
ESW One Shot - BS Basix WT.xrni	sine and soft triangle	/home/meneses/Projects/renoise/wavetable-packs/esw/Echo Sound Works Core Tables/Synth One Shots/ESW One Shot - BS Basix.wav	Echo Sound Works Core (free pack)	2.602	0.798	-2.326	0.099	0.679	3.012	0.002
ESW One Shot - BS Deep House WT.xrni	sine and soft triangle	/home/meneses/Projects/renoise/wavetable-packs/esw/Echo Sound Works Core Tables/Synth One Shots/ESW One Shot - BS Deep House.wav	Echo Sound Works Core (free pack)	3.139	0.954	-3.764	0.007	0.623	2.397	0.003
ESW One Shot - BS Elephant WT.xrni	sine and soft triangle	/home/meneses/Projects/renoise/wavetable-packs/esw/Echo Sound Works Core Tables/Synth One Shots/ESW One Shot - BS Elephant.wav	Echo Sound Works Core (free pack)	8.976	0.901	-1.509	0.153	0.779	2.271	0.026
ESW One Shot - BS Party WT.xrni	sine and soft triangle	/home/meneses/Projects/renoise/wavetable-packs/esw/Echo Sound Works Core Tables/Synth One Shots/ESW One Shot - BS Party.wav	Echo Sound Works Core (free pack)	2.370	0.726	-3.855	0.023	0.660	1.803	0.004
ESW One Shot - BS Silver WT.xrni	sine and soft triangle	/home/meneses/Projects/renoise/wavetable-packs/esw/Echo Sound Works Core Tables/Synth One Shots/ESW One Shot - BS Silver.wav	Echo Sound Works Core (free pack)	5.248	0.874	-1.727	0.125	0.711	2.515	0.007
ESW One Shot - BS Snappy WT.xrni	sine and soft triangle	/home/meneses/Projects/renoise/wavetable-packs/esw/Echo Sound Works Core Tables/Synth One Shots/ESW One Shot - BS Snappy.wav	Echo Sound Works Core (free pack)	1.496	0.991	-3.934	0.021	0.851	1.677	0.002
ESW One Shot - BS Strep Throat WT.xrni	sine and soft triangle	/home/meneses/Projects/renoise/wavetable-packs/esw/Echo Sound Works Core Tables/Synth One Shots/ESW One Shot - BS Strep Throat.wav	Echo Sound Works Core (free pack)	5.345	0.952	-1.385	0.133	0.672	2.143	0.012
ESW One Shot - LD Brass Poly WT.xrni	sine and soft triangle	/home/meneses/Projects/renoise/wavetable-packs/esw/Echo Sound Works Core Tables/Synth One Shots/ESW One Shot - LD Brass Poly.wav	Echo Sound Works Core (free pack)	1.868	0.774	-5.412	0.001	0.627	2.173	0.001
ESW Real - Acoustic Guitar WT.xrni	sine and soft triangle	/home/meneses/Projects/renoise/wavetable-packs/esw/Echo Sound Works Core Tables/Instruments/ESW Real - Acoustic Guitar.wav	Echo Sound Works Core (free pack)	1.149	0.980	-3.737	0.025	0.919	1.366	0.001
ESW Real - BS Elect WT.xrni	sine and soft triangle	/home/meneses/Projects/renoise/wavetable-packs/esw/Echo Sound Works Core Tables/Instruments/ESW Real - BS Elect.wav	Echo Sound Works Core (free pack)	1.296	0.880	-5.530	0.002	0.832	2.001	0.001
ESW Real - Brassy Bell WT.xrni	sine and soft triangle	/home/meneses/Projects/renoise/wavetable-packs/esw/Echo Sound Works Core Tables/Instruments/ESW Real - Brassy Bell.wav	Echo Sound Works Core (free pack)	2.350	0.763	-4.170	0.017	0.604	2.334	0.002
ESW Real - Cello WT.xrni	sine and soft triangle	/home/meneses/Projects/renoise/wavetable-packs/esw/Echo Sound Works Core Tables/Instruments/ESW Real - Cello.wav	Echo Sound Works Core (free pack)	2.452	0.774	-4.907	0.001	0.583	2.316	0.002
ESW Real - Electric Guitar WT.xrni	sine and soft triangle	/home/meneses/Projects/renoise/wavetable-packs/esw/Echo Sound Works Core Tables/Instruments/ESW Real - Electric Guitar.wav	Echo Sound Works Core (free pack)	1.074	0.942	-3.540	0.014	0.935	1.454	0.001
ESW Real - GT Acoustic 01 WT.xrni	sine and soft triangle	/home/meneses/Projects/renoise/wavetable-packs/esw/Echo Sound Works Core Tables/Instruments/ESW Real - GT Acoustic 01.wav	Echo Sound Works Core (free pack)	1.293	0.878	-4.435	0.001	0.840	1.832	0.001
ESW Real - Gibson Acoustic WT.xrni	sine and soft triangle	/home/meneses/Projects/renoise/wavetable-packs/esw/Echo Sound Works Core Tables/Instruments/ESW Real - Gibson Acoustic.wav	Echo Sound Works Core (free pack)	1.191	0.962	-6.183	0.000	0.931	1.748	0.000
ESW Real - Glass Marimba WT.xrni	sine and soft triangle	/home/meneses/Projects/renoise/wavetable-packs/esw/Echo Sound Works Core Tables/Instruments/ESW Real - Glass Marimba.wav	Echo Sound Works Core (free pack)	1.012	0.996	-3.184	0.013	0.996	1.427	0.001
ESW Real - Guitar Palm Pluck WT.xrni	sine and soft triangle	/home/meneses/Projects/renoise/wavetable-packs/esw/Echo Sound Works Core Tables/Instruments/ESW Real - Guitar Palm Pluck.wav	Echo Sound Works Core (free pack)	1.147	0.892	-2.999	0.022	0.873	1.635	0.000
ESW Real - Guitar Petit Acoustic WT.xrni	sine and soft triangle	/home/meneses/Projects/renoise/wavetable-packs/esw/Echo Sound Works Core Tables/Instruments/ESW Real - Guitar Petit Acoustic.wav	Echo Sound Works Core (free pack)	1.091	0.922	-4.898	0.000	0.920	1.599	0.000
ESW Real - Harp WT.xrni	sine and soft triangle	/home/meneses/Projects/renoise/wavetable-packs/esw/Echo Sound Works Core Tables/Instruments/ESW Real - Harp.wav	Echo Sound Works Core (free pack)	1.022	0.998	-3.607	0.002	0.991	1.351	0.001
ESW Real - Keys Digital WT.xrni	sine and soft triangle	/home/meneses/Projects/renoise/wavetable-packs/esw/Echo Sound Works Core Tables/Instruments/ESW Real - Keys Digital.wav	Echo Sound Works Core (free pack)	1.898	0.922	-4.198	0.006	0.749	2.074	0.002
ESW Real - Mallet Toy Bell WT.xrni	sine and soft triangle	/home/meneses/Projects/renoise/wavetable-packs/esw/Echo Sound Works Core Tables/Instruments/ESW Real - Mallet Toy Bell.wav	Echo Sound Works Core (free pack)	1.006	1.000	-4.683	0.001	0.999	1.425	0.000
ESW Real - Nylon Guitar WT.xrni	sine and soft triangle	/home/meneses/Projects/renoise/wavetable-packs/esw/Echo Sound Works Core Tables/Instruments/ESW Real - Nylon Guitar.wav	Echo Sound Works Core (free pack)	1.010	0.991	-2.951	0.018	0.991	1.520	0.000
ESW Real - Pan Flue WT.xrni	sine and soft triangle	/home/meneses/Projects/renoise/wavetable-packs/esw/Echo Sound Works Core Tables/Instruments/ESW Real - Pan Flue.wav	Echo Sound Works Core (free pack)	1.050	0.998	-4.143	0.018	0.978	1.459	0.003
ESW Real - Pizzo String WT.xrni	sine and soft triangle	/home/meneses/Projects/renoise/wavetable-packs/esw/Echo Sound Works Core Tables/Instruments/ESW Real - Pizzo String.wav	Echo Sound Works Core (free pack)	1.038	0.976	-5.101	0.000	0.974	1.551	0.000
ESW Real - Rhodes Wurli WT.xrni	sine and soft triangle	/home/meneses/Projects/renoise/wavetable-packs/esw/Echo Sound Works Core Tables/Instruments/ESW Real - Rhodes Wurli.wav	Echo Sound Works Core (free pack)	1.160	0.850	-4.165	0.001	0.849	1.845	0.001
ESW Real - ST Cello Solo WT.xrni	sine and soft triangle	/home/meneses/Projects/renoise/wavetable-packs/esw/Echo Sound Works Core Tables/Instruments/ESW Real - ST Cello Solo.wav	Echo Sound Works Core (free pack)	2.209	0.777	-3.591	0.001	0.551	2.068	0.003
ESW Real - Vibraphone WT.xrni	sine and soft triangle	/home/meneses/Projects/renoise/wavetable-packs/esw/Echo Sound Works Core Tables/Instruments/ESW Real - Vibraphone.wav	Echo Sound Works Core (free pack)	1.001	1.000	-3.100	0.011	1.000	1.414	0.002
ESW Real - Violin WT.xrni	sine and soft triangle	/home/meneses/Projects/renoise/wavetable-packs/esw/Echo Sound Works Core Tables/Instruments/ESW Real - Violin.wav	Echo Sound Works Core (free pack)	1.321	0.920	-4.858	0.000	0.906	1.714	0.001
ESW Real - World Mibira WT.xrni	sine and soft triangle	/home/meneses/Projects/renoise/wavetable-packs/esw/Echo Sound Works Core Tables/Instruments/ESW Real - World Mibira.wav	Echo Sound Works Core (free pack)	1.009	0.993	-4.310	0.003	0.992	1.491	0.002
ESW Spectral - Quesis WT.xrni	sine and soft triangle	/home/meneses/Projects/renoise/wavetable-packs/esw/Echo Sound Works Core Tables/Spectral/ESW Spectral - Quesis.wav	Echo Sound Works Core (free pack)	5.129	0.798	-0.998	0.084	0.665	2.370	0.012
ESW Spectral - Vectors WT.xrni	sine and soft triangle	/home/meneses/Projects/renoise/wavetable-packs/esw/Echo Sound Works Core Tables/Spectral/ESW Spectral - Vectors.wav	Echo Sound Works Core (free pack)	5.673	0.953	-1.534	0.079	0.727	2.075	0.024
ESW Vocal - 80_s 01 WT.xrni	sine and soft triangle	/home/meneses/Projects/renoise/wavetable-packs/esw/Echo Sound Works Core Tables/Vocal/ESW Vocal - 80's 01.wav	Echo Sound Works Core (free pack)	1.704	0.924	-3.058	0.000	0.855	2.063	0.002
ESW Vocal - Ayee Ahh 02 WT.xrni	sine and soft triangle	/home/meneses/Projects/renoise/wavetable-packs/esw/Echo Sound Works Core Tables/Vocal/ESW Vocal - Ayee Ahh 02.wav	Echo Sound Works Core (free pack)	4.345	0.852	-2.029	0.014	0.751	2.353	0.008
ESW Vocal - Cheap Choir 01 WT.xrni	sine and soft triangle	/home/meneses/Projects/renoise/wavetable-packs/esw/Echo Sound Works Core Tables/Vocal/ESW Vocal - Cheap Choir 01.wav	Echo Sound Works Core (free pack)	1.721	0.802	-2.909	0.000	0.758	2.104	0.003
ESW Vocal - Digital Choir 01 WT.xrni	sine and soft triangle	/home/meneses/Projects/renoise/wavetable-packs/esw/Echo Sound Works Core Tables/Vocal/ESW Vocal - Digital Choir 01.wav	Echo Sound Works Core (free pack)	1.381	0.705	-4.449	0.001	0.695	1.801	0.001
ESW Vocal - Digital Choir 03 WT.xrni	sine and soft triangle	/home/meneses/Projects/renoise/wavetable-packs/esw/Echo Sound Works Core Tables/Vocal/ESW Vocal - Digital Choir 03.wav	Echo Sound Works Core (free pack)	1.476	0.739	-3.437	0.076	0.666	1.914	0.002
ESW Vocal - Digital Mouth WT.xrni	sine and soft triangle	/home/meneses/Projects/renoise/wavetable-packs/esw/Echo Sound Works Core Tables/Vocal/ESW Vocal - Digital Mouth.wav	Echo Sound Works Core (free pack)	1.494	0.824	-3.045	0.130	0.792	1.962	0.002
ESW Vocal - Digital Throat WT.xrni	sine and soft triangle	/home/meneses/Projects/renoise/wavetable-packs/esw/Echo Sound Works Core Tables/Vocal/ESW Vocal - Digital Throat.wav	Echo Sound Works Core (free pack)	2.073	0.874	-2.324	0.200	0.832	1.687	0.001
ESW Vocal - Fairlight 01 WT.xrni	sine and soft triangle	/home/meneses/Projects/renoise/wavetable-packs/esw/Echo Sound Works Core Tables/Vocal/ESW Vocal - Fairlight 01.wav	Echo Sound Works Core (free pack)	1.403	0.931	-2.686	0.065	0.865	1.949	0.002
ESW Vocal - Guttural WT.xrni	sine and soft triangle	/home/meneses/Projects/renoise/wavetable-packs/esw/Echo Sound Works Core Tables/Vocal/ESW Vocal - Guttural.wav	Echo Sound Works Core (free pack)	3.029	0.788	-3.063	0.033	0.545	2.138	0.003
ESW Vocal - Summer WT.xrni	sine and soft triangle	/home/meneses/Projects/renoise/wavetable-packs/esw/Echo Sound Works Core Tables/Vocal/ESW Vocal - Summer.wav	Echo Sound Works Core (free pack)	1.590	0.906	-4.127	0.001	0.832	2.185	0.001
ESW Vocal - Throaty 01 WT.xrni	sine and soft triangle	/home/meneses/Projects/renoise/wavetable-packs/esw/Echo Sound Works Core Tables/Vocal/ESW Vocal - Throaty 01.wav	Echo Sound Works Core (free pack)	2.152	0.903	-3.889	0.013	0.832	2.156	0.003
ESW Vocal - Voxus WT.xrni	sine and soft triangle	/home/meneses/Projects/renoise/wavetable-packs/esw/Echo Sound Works Core Tables/Vocal/ESW Vocal - Voxus.wav	Echo Sound Works Core (free pack)	1.604	0.858	-2.162	0.002	0.795	1.950	0.003
Electronic Kitten WT.xrni	sine and soft triangle	/home/meneses/.local/share/vital/Vital Harvest/Presets/Electronic Kitten.vital	other	1.332	1.000	-5.388	0.000	0.869	1.230	0.003
Evolver WT.xrni	sine and soft triangle	/home/meneses/.local/share/vital/Vital Harvest/Presets/Evolver.vital	other	5.450	0.998	-3.883	0.002	0.634	2.088	0.009
FAIRLI01 WT.xrni	sine and soft triangle	/home/meneses/.local/share/vital/WaveEdit Online/Wavetables/FAIRLI01.vitaltable	WaveEdit Online (CC0)	1.194	0.932	-4.440	0.021	0.918	1.591	0.021
FF - Yippie YA WT.xrni	sine and soft triangle	/home/meneses/.local/share/vital/Growl 2 - Talking Yoi/Presets/FF - Yippie YA.vital	user/Discord presets (third-party)	1.358	0.926	-2.827	0.029	0.892	1.978	0.003
FLC SNARE value as of current WT.xrni	sine and soft triangle	/home/meneses/.local/share/vital/Vital Harvest/Presets/FLC SNARE value as of current.vital	other	1.008	0.997	-4.491	0.005	0.993	1.451	0.002
FM Beauty WT.xrni	sine and soft triangle	/home/meneses/.local/share/vital/Vital Harvest/Presets/FM Beauty.vital	other	1.467	0.985	-3.480	0.006	0.888	1.442	0.002
FM Saw WT.xrni	sine and soft triangle	/home/meneses/.local/share/vital/Kimura Taro/Wavetables/Freq Mod(Not PM)/FM Saw.vitaltable	Kimura Taro (CC0)	1.654	0.800	-4.040	0.004	0.696	1.437	0.003
FM Solo Cello WT.xrni	sine and soft triangle	/home/meneses/.local/share/vital/Vital Harvest/Presets/FM Solo Cello.vital	other	1.000	1.000	-3.318	0.000	1.000	1.414	0.002
FM Sq WT.xrni	sine and soft triangle	/home/meneses/.local/share/vital/Kimura Taro/Wavetables/Freq Mod(Not PM)/FM Sq.vitaltable	Kimura Taro (CC0)	2.325	0.801	-3.798	0.002	0.574	1.420	0.004
FMPad WT.xrni	sine and soft triangle	/home/meneses/.local/share/vital/Kimura Taro/Wavetables/FM/FMPad.vitaltable	Kimura Taro (CC0)	2.598	0.792	-3.994	0.002	0.755	1.877	0.005
FOLDFEED WT.xrni	sine and soft triangle	/home/meneses/.local/share/vital/WaveEdit Online/Wavetables/FOLDFEED.vitaltable	WaveEdit Online (CC0)	1.393	0.948	-2.917	0.064	0.854	1.680	0.019
FX - Jumpstart my UFO WT.xrni	sine and soft triangle	/home/meneses/.local/share/vital/Vital Harvest/Presets/FX - Jumpstart my UFO.vital	other	1.215	1.000	-3.553	0.008	0.919	1.496	0.002
FX - Wheel Up WT.xrni	sine and soft triangle	/home/meneses/.local/share/vital/Vital Harvest/Presets/FX - Wheel Up.vital	other	3.546	1.000	-2.009	0.000	0.811	1.004	0.001
Fat Sin Sub 57 WT.xrni	sine and soft triangle	/home/meneses/.local/share/vital/VitalPresets/Wavetables/Fat Sin Sub 57.vitaltable	user/Discord presets (third-party)	4.044	0.875	-2.788	0.000	0.709	1.073	0.001
Fat Sin Sub 7 WT.xrni	sine and soft triangle	/home/meneses/.local/share/vital/VitalPresets/Wavetables/Fat Sin Sub 7.vitaltable	user/Discord presets (third-party)	4.044	0.875	-2.788	0.000	0.709	1.073	0.001
Ferine MultiOSC IcarusPD WT.xrni	sine and soft triangle	/home/meneses/.local/share/vital/Kimura Taro/Wavetables/Ferine/Ferine MultiOSC IcarusPD.vitaltable	Kimura Taro (CC0)	2.638	0.864	-2.110	0.089	0.727	1.843	0.003
FerineTRi WT.xrni	sine and soft triangle	/home/meneses/.local/share/vital/Kimura Taro/Wavetables/Ferine/FerineTRi.vitaltable	Kimura Taro (CC0)	1.248	0.882	-2.676	0.009	0.875	1.714	0.002
Folding6 WT.xrni	sine and soft triangle	/home/meneses/.local/share/vital/Kimura Taro/Wavetables/Folding/Folding6.vitaltable	Kimura Taro (CC0)	11.609	1.000	-2.125	0.000	0.685	2.186	0.010
GEOMETRI WT.xrni	sine and soft triangle	/home/meneses/.local/share/vital/WaveEdit Online/Wavetables/GEOMETRI.vitaltable	WaveEdit Online (CC0)	2.583	1.000	-1.682	0.192	0.837	1.805	0.061
Garage Bass Detuned Attempt 4 WT.xrni	sine and soft triangle	/home/meneses/.local/share/vital/VitalPresets/Presets/Garage Bass Detuned Attempt 4.vital	user/Discord presets (third-party)	4.044	0.847	-2.788	0.000	0.709	1.073	0.001
Gotta Have It WT.xrni	sine and soft triangle	/home/meneses/.local/share/vital/Vital Harvest/Presets/Gotta Have It.vital	other	2.282	0.768	-2.490	0.011	0.636	2.011	0.002
Grower Wubby Reggae Digi Thing 2 Wide Fuzz 2 submono wubwubwubdown 3 WT.xrni	sine and soft triangle	/home/meneses/.local/share/vital/VitalPresets/Presets/Grower Wubby Reggae Digi Thing 2 Wide Fuzz 2 submono wubwubwubdown 3.vital	user/Discord presets (third-party)	4.044	0.875	-2.788	0.012	0.709	1.073	0.001
HARMONIO WT.xrni	sine and soft triangle	/home/meneses/.local/share/vital/WaveEdit Online/Wavetables/HARMONIO.vitaltable	WaveEdit Online (CC0)	2.508	0.807	-3.769	0.000	0.531	1.840	0.042
HARMONIX WT.xrni	sine and soft triangle	/home/meneses/.local/share/vital/WaveEdit Online/Wavetables/HARMONIX.vitaltable	WaveEdit Online (CC0)	6.763	0.812	-2.193	0.105	0.616	2.249	0.077
HIGH_FRE WT.xrni	sine and soft triangle	/home/meneses/.local/share/vital/WaveEdit Online/Wavetables/HIGH_FRE.vitaltable	WaveEdit Online (CC0)	2.950	0.726	-1.819	0.073	0.720	1.794	0.036
HMMMMMMM WT.xrni	sine and soft triangle	/home/meneses/.local/share/vital/WaveEdit Online/Wavetables/HMMMMMMM.vitaltable	WaveEdit Online (CC0)	2.236	0.809	-3.914	0.078	0.648	1.901	0.025
HORROR WT.xrni	sine and soft triangle	/home/meneses/.local/share/vital/WaveEdit Online/Wavetables/HORROR.vitaltable	WaveEdit Online (CC0)	3.305	0.750	-3.258	0.033	0.608	2.473	0.015
HYPERBOL WT.xrni	sine and soft triangle	/home/meneses/.local/share/vital/WaveEdit Online/Wavetables/HYPERBOL.vitaltable	WaveEdit Online (CC0)	8.135	0.900	-4.972	0.000	0.527	1.897	0.147
Half Clip5 WT.xrni	sine and soft triangle	/home/meneses/.local/share/vital/Kimura Taro/Wavetables/Half Clip/Half Clip5.vitaltable	Kimura Taro (CC0)	1.050	0.969	-4.106	0.002	0.962	1.698	0.001
Halftime Crispy Clean Thick WT.xrni	sine and soft triangle	/home/meneses/.local/share/vital/VitalPresets/Presets/Halftime Crispy Clean Thick.vital	user/Discord presets (third-party)	4.044	0.875	-2.788	0.000	0.709	1.073	0.001
Halftime Crispy Clean WT.xrni	sine and soft triangle	/home/meneses/.local/share/vital/VitalPresets/Presets/Halftime Crispy Clean.vital	user/Discord presets (third-party)	4.044	0.875	-2.788	0.000	0.709	1.073	0.001
Hammond via YouTube 2 WT.xrni	sine and soft triangle	/home/meneses/.local/share/vital/VitalPresets/Presets/Hammond via YouTube 2.vital	user/Discord presets (third-party)	4.044	0.766	-2.788	0.000	0.695	1.073	0.001
Hammond via YouTube 5 WT.xrni	sine and soft triangle	/home/meneses/.local/share/vital/VitalPresets/Presets/Hammond via YouTube 5.vital	user/Discord presets (third-party)	4.044	0.864	-2.788	0.000	0.709	1.073	0.001
Hard Techno Kick With Rumble WT.xrni	sine and soft triangle	/home/meneses/.local/share/vital/Vital Harvest/Presets/Hard Techno Kick With Rumble.vital	other	1.000	1.000	-3.267	0.000	1.000	1.414	0.002
Hardstyle kick WT.xrni	sine and soft triangle	/home/meneses/.local/share/vital/Vital Harvest/Presets/Hardstyle kick.vital	other	2.833	0.867	-2.188	0.013	0.626	1.984	0.002
Here You Go WT.xrni	sine and soft triangle	/home/meneses/.local/share/vital/Vital Harvest/Presets/Here You Go.vital	other	1.089	1.000	-3.608	0.001	0.960	1.190	0.002
ITERATIV WT.xrni	sine and soft triangle	/home/meneses/.local/share/vital/WaveEdit Online/Wavetables/ITERATIV.vitaltable	WaveEdit Online (CC0)	2.733	0.833	-2.790	0.136	0.734	1.497	0.062
Ignore This WT.xrni	sine and soft triangle	/home/meneses/.local/share/vital/VitalPresets/Presets/Ignore This.vital	user/Discord presets (third-party)	1.931	0.997	-3.636	0.014	0.805	1.399	0.003
Jungle Bass WT.xrni	sine and soft triangle	/home/meneses/.local/share/vital/VitalPresets/Presets/Jungle Bass.vital	user/Discord presets (third-party)	4.044	0.875	-2.788	0.000	0.709	1.073	0.001
Junky Cymbal WT.xrni	sine and soft triangle	/home/meneses/.local/share/vital/Vital Harvest/Presets/Junky Cymbal.vital	other	1.374	1.000	-3.068	0.000	0.938	1.622	0.007
Just Do it WT.xrni	sine and soft triangle	/home/meneses/.local/share/vital/Vital Harvest/Presets/Just Do it.vital	other	6.268	0.997	-1.988	0.017	0.681	2.720	0.009
Just One OSC WT.xrni	sine and soft triangle	/home/meneses/.local/share/vital/Vital Harvest/Presets/Just One OSC.vital	other	3.471	0.830	-2.026	0.009	0.647	2.503	0.004
KD Shaper1 WT.xrni	sine and soft triangle	/home/meneses/.local/share/vital/Kimura Taro/Wavetables/K-Devices shaper/KD Shaper1.vitaltable	Kimura Taro (CC0)	7.133	0.998	-1.587	0.003	0.728	1.747	0.017
KD Shaper2 WT.xrni	sine and soft triangle	/home/meneses/.local/share/vital/Kimura Taro/Wavetables/K-Devices shaper/KD Shaper2.vitaltable	Kimura Taro (CC0)	1.358	0.998	-2.794	0.003	0.936	1.278	0.002
KD Shaper3 WT.xrni	sine and soft triangle	/home/meneses/.local/share/vital/Kimura Taro/Wavetables/K-Devices shaper/KD Shaper3.vitaltable	Kimura Taro (CC0)	1.743	0.935	-2.030	0.006	0.908	1.543	0.003
Key - NEO Hammondian WT.xrni	sine and soft triangle	/home/meneses/.local/share/vital/Vital Harvest/Presets/Key - NEO Hammondian.vital	other	1.276	0.968	-5.707	0.000	0.968	1.691	0.003
Keys - After Dark WT.xrni	sine and soft triangle	/home/meneses/.local/share/vital/Vital Harvest/Presets/Keys - After Dark.vital	other	1.092	0.952	-5.395	0.001	0.934	1.678	0.001
Keys - Crusha WT.xrni	sine and soft triangle	/home/meneses/.local/share/vital/Vital Harvest/Presets/Keys - Crusha.vital	other	1.334	0.762	-5.462	0.001	0.736	2.012	0.002
Keys - Goodies WT.xrni	sine and soft triangle	/home/meneses/.local/share/vital/Vital Harvest/Presets/Keys - Goodies.vital	other	1.360	0.734	-3.994	0.001	0.720	1.996	0.001
Keys - Wannab Future Bass WT.xrni	sine and soft triangle	/home/meneses/.local/share/vital/Vital Harvest/Presets/Keys - Wannab Future Bass.vital	other	4.010	0.968	-1.539	0.039	0.724	1.814	0.006
Keystation WT.xrni	sine and soft triangle	/home/meneses/.local/share/vital/Factory Presets/Presets/Keystation.vital	other	3.546	1.000	-2.295	0.000	0.811	1.000	0.000
Kick Dub Base WT.xrni	sine and soft triangle	/home/meneses/.local/share/vital/VitalPresets/Presets/Kick Dub Base.vital	user/Discord presets (third-party)	4.044	0.871	-2.788	0.000	0.709	1.073	0.001
KorgM1Organ WT.xrni	sine and soft triangle	/home/meneses/.local/share/vital/Vital Harvest/Presets/KorgM1Organ.vital	other	1.198	0.802	-4.309	0.000	0.802	1.642	0.002
LD - Bassraiders _V1_ WT.xrni	sine and soft triangle	/home/meneses/.local/share/vital/Vital Harvest/Presets/LD - Bassraiders _V1_.vital	other	4.409	0.722	-1.936	0.006	0.606	2.849	0.003
LD - Bassraiders _V2_ WT.xrni	sine and soft triangle	/home/meneses/.local/share/vital/Vital Harvest/Presets/LD - Bassraiders _V2_.vital	other	4.409	0.722	-1.936	0.006	0.606	2.849	0.003
LSDJ_WAV WT.xrni	sine and soft triangle	/home/meneses/.local/share/vital/WaveEdit Online/Wavetables/LSDJ_WAV.vitaltable	WaveEdit Online (CC0)	2.917	0.977	-3.273	0.123	0.763	1.646	0.049
Laughing Plastic WT.xrni	sine and soft triangle	/home/meneses/.local/share/vital/Vital Harvest/Presets/Laughing Plastic.vital	other	1.308	0.969	-2.185	0.195	0.955	1.930	0.001
Lazer Tazer WT.xrni	sine and soft triangle	/home/meneses/.local/share/vital/Vital Harvest/Presets/Lazer Tazer.vital	other	1.277	1.000	-1.420	0.016	0.971	1.361	0.002
Lead - Trap Classics WT.xrni	sine and soft triangle	/home/meneses/.local/share/vital/Vital Harvest/Presets/Lead - Trap Classics.vital	other	1.063	0.998	-3.945	0.014	0.975	1.573	0.002
Legend WT.xrni	sine and soft triangle	/home/meneses/.local/share/vital/Vital Harvest/Presets/Legend.vital	other	2.313	0.814	-2.731	0.009	0.723	1.662	0.002
Long Time Coming WT.xrni	sine and soft triangle	/home/meneses/.local/share/vital/Vital Harvest/Presets/Long Time Coming.vital	other	1.491	0.921	-2.331	0.094	0.900	2.175	0.001
Low-mid Simplicity WT.xrni	sine and soft triangle	/home/meneses/.local/share/vital/misc/Presets/Low-mid Simplicity.vital	other	4.044	0.857	-2.748	0.000	0.709	1.207	0.001
M1 AirVox WT.xrni	sine and soft triangle	/home/meneses/.local/share/vital/Kimura Taro/Wavetables/M1 Wavetable[Mini][2048-44.1khz-32bit]/M1 AirVox.vitaltable	Kimura Taro (CC0)	2.247	0.810	-2.669	0.004	0.673	2.132	0.003
MICROBRU WT.xrni	sine and soft triangle	/home/meneses/.local/share/vital/WaveEdit Online/Wavetables/MICROBRU.vitaltable	WaveEdit Online (CC0)	1.070	0.998	-4.131	0.017	0.973	1.380	0.016
MIXED02 WT.xrni	sine and soft triangle	/home/meneses/.local/share/vital/WaveEdit Online/Wavetables/MIXED02.vitaltable	WaveEdit Online (CC0)	3.662	0.962	-2.114	0.020	0.390	2.231	0.046
MP P25-PS2 WT.xrni	sine and soft triangle	/home/meneses/.local/share/vital/Kimura Taro/Wavetables/Korg Analog  Synth PhaseShift2/MP P25-PS2.vitaltable	Kimura Taro (CC0)	2.509	0.769	-2.172	0.037	0.685	1.865	0.001
MP Saw-PS2 WT.xrni	sine and soft triangle	/home/meneses/.local/share/vital/Kimura Taro/Wavetables/Korg Analog  Synth PhaseShift2/MP Saw-PS2.vitaltable	Kimura Taro (CC0)	2.331	0.867	-2.330	0.036	0.776	1.837	0.002
MP Square-PS2 WT.xrni	sine and soft triangle	/home/meneses/.local/share/vital/Kimura Taro/Wavetables/Korg Analog  Synth PhaseShift2/MP Square-PS2.vitaltable	Kimura Taro (CC0)	1.905	1.000	-1.547	0.040	0.877	1.355	0.002
MP Tri-PS2 WT.xrni	sine and soft triangle	/home/meneses/.local/share/vital/Kimura Taro/Wavetables/Korg Analog  Synth PhaseShift2/MP Tri-PS2.vitaltable	Kimura Taro (CC0)	1.008	1.000	-3.803	0.004	0.997	1.492	0.001
MS 20 Pulse2 PS1 WT.xrni	sine and soft triangle	/home/meneses/.local/share/vital/Kimura Taro/Wavetables/Korg Analog  Synth PhaseShift1/MS 20 Pulse2 PS1.vitaltable	Kimura Taro (CC0)	2.701	1.000	-1.346	0.099	0.755	1.633	0.002
MS 20 Pulse2-PS2 WT.xrni	sine and soft triangle	/home/meneses/.local/share/vital/Kimura Taro/Wavetables/Korg Analog  Synth PhaseShift2/MS 20 Pulse2-PS2.vitaltable	Kimura Taro (CC0)	2.224	1.000	-1.412	0.084	0.867	1.535	0.002
MS 20 Saw-PS2 WT.xrni	sine and soft triangle	/home/meneses/.local/share/vital/Kimura Taro/Wavetables/Korg Analog  Synth PhaseShift2/MS 20 Saw-PS2.vitaltable	Kimura Taro (CC0)	3.564	0.825	-2.103	0.158	0.705	2.277	0.001
MS 20 Square PS1 WT.xrni	sine and soft triangle	/home/meneses/.local/share/vital/Kimura Taro/Wavetables/Korg Analog  Synth PhaseShift1/MS 20 Square PS1.vitaltable	Kimura Taro (CC0)	3.194	1.000	-1.258	0.167	0.732	1.798	0.002
MS 20 Square-PS2 WT.xrni	sine and soft triangle	/home/meneses/.local/share/vital/Kimura Taro/Wavetables/Korg Analog  Synth PhaseShift2/MS 20 Square-PS2.vitaltable	Kimura Taro (CC0)	2.604	1.000	-1.333	0.142	0.853	1.685	0.002
MS 20 Tri PS1 WT.xrni	sine and soft triangle	/home/meneses/.local/share/vital/Kimura Taro/Wavetables/Korg Analog  Synth PhaseShift1/MS 20 Tri PS1.vitaltable	Kimura Taro (CC0)	1.050	0.994	-2.700	0.038	0.985	2.040	0.001
MS 20 Tri-PS2 WT.xrni	sine and soft triangle	/home/meneses/.local/share/vital/Kimura Taro/Wavetables/Korg Analog  Synth PhaseShift2/MS 20 Tri-PS2.vitaltable	Kimura Taro (CC0)	1.031	0.997	-2.707	0.033	0.993	1.648	0.001
MSelfFB02 DN WT.xrni	sine and soft triangle	/home/meneses/.local/share/vital/Kimura Taro/Wavetables/MSelfFB/MSelfFB02 DN.vitaltable	Kimura Taro (CC0)	1.565	0.996	-3.513	0.008	0.898	1.751	0.002
Manufactured WT.xrni	sine and soft triangle	/home/meneses/.local/share/vital/Vital Harvest/Presets/Manufactured.vital	other	1.962	0.999	-1.379	0.070	0.869	1.447	0.002
Mbox WT.xrni	sine and soft triangle	/home/meneses/.local/share/vital/Vital Harvest/Presets/Mbox.vital	other	4.044	0.866	-2.788	0.000	0.709	1.073	0.001
Melodica WT.xrni	sine and soft triangle	/home/meneses/.local/share/vital/Vital Harvest/Presets/Melodica.vital	other	3.272	1.000	-5.428	0.000	0.243	1.373	0.007
Middiecute Chord WT.xrni	sine and soft triangle	/home/meneses/.local/share/vital/VitalPresets/Presets/Middiecute Chord.vital	user/Discord presets (third-party)	4.044	0.869	-2.788	0.000	0.709	1.073	0.001
Minor Unison Pad WT.xrni	sine and soft triangle	/home/meneses/.local/share/vital/Vital Harvest/Presets/Minor Unison Pad.vital	other	2.597	0.719	-2.160	0.003	0.638	2.588	0.002
MonoPoly P25 PS1 WT.xrni	sine and soft triangle	/home/meneses/.local/share/vital/Kimura Taro/Wavetables/Korg Analog  Synth PhaseShift1/MonoPoly P25 PS1.vitaltable	Kimura Taro (CC0)	3.020	0.701	-2.126	0.043	0.561	1.383	0.001
MonoPoly Saw PS1 WT.xrni	sine and soft triangle	/home/meneses/.local/share/vital/Kimura Taro/Wavetables/Korg Analog  Synth PhaseShift1/MonoPoly Saw PS1.vitaltable	Kimura Taro (CC0)	2.835	0.813	-2.329	0.041	0.646	1.793	0.002
MonoPoly Square PS1 WT.xrni	sine and soft triangle	/home/meneses/.local/share/vital/Kimura Taro/Wavetables/Korg Analog  Synth PhaseShift1/MonoPoly Square PS1.vitaltable	Kimura Taro (CC0)	2.301	1.000	-1.475	0.049	0.765	1.447	0.002
MonoPoly Tri PS1 WT.xrni	sine and soft triangle	/home/meneses/.local/share/vital/Kimura Taro/Wavetables/Korg Analog  Synth PhaseShift1/MonoPoly Tri PS1.vitaltable	Kimura Taro (CC0)	1.016	1.000	-3.681	0.005	0.994	1.387	0.001
MultiPhase SQ WT.xrni	sine and soft triangle	/home/meneses/.local/share/vital/Kimura Taro/Wavetables/MultiPhase OSC/MultiPhase SQ.vitaltable	Kimura Taro (CC0)	3.263	1.000	-2.002	0.094	0.768	1.573	0.003
MultiPhase Sine4bit WT.xrni	sine and soft triangle	/home/meneses/.local/share/vital/Kimura Taro/Wavetables/MultiPhase OSC/MultiPhase Sine4bit.vitaltable	Kimura Taro (CC0)	1.309	1.000	-1.489	0.081	0.995	1.566	0.006
MultiPhaseSaw WT.xrni	sine and soft triangle	/home/meneses/.local/share/vital/Kimura Taro/Wavetables/MultiPhase OSC/MultiPhaseSaw.vitaltable	Kimura Taro (CC0)	4.939	0.742	-1.968	0.008	0.578	2.286	0.004
Next Years Riser WT.xrni	sine and soft triangle	/home/meneses/.local/share/vital/Vital Harvest/Presets/Next Years Riser.vital	other	2.091	0.761	-2.990	0.136	0.678	1.906	0.001
Noise Pan Fall Rhythm Generator WT.xrni	sine and soft triangle	/home/meneses/.local/share/vital/VitalPresets/Presets/Noise Pan Fall Rhythm Generator.vital	user/Discord presets (third-party)	4.044	0.874	-2.788	0.000	0.709	1.073	0.001
Noisey Highmid Lead Sub2 WT.xrni	sine and soft triangle	/home/meneses/.local/share/vital/VitalPresets/Presets/Noisey Highmid Lead Sub2.vital	user/Discord presets (third-party)	4.044	0.838	-2.788	0.000	0.709	1.073	0.001
Noisey Midlead WT.xrni	sine and soft triangle	/home/meneses/.local/share/vital/VitalPresets/Presets/Noisey Midlead.vital	user/Discord presets (third-party)	4.044	0.875	-2.788	0.000	0.709	1.073	0.001
OP1 Digital01 WT.xrni	sine and soft triangle	/home/meneses/.local/share/vital/Kimura Taro/Wavetables/TE OP-1/OP1 Digital01.vitaltable	Kimura Taro (CC0)	1.556	0.821	-2.527	0.007	0.744	1.994	0.003
OP1 Digital06 WT.xrni	sine and soft triangle	/home/meneses/.local/share/vital/Kimura Taro/Wavetables/TE OP-1/OP1 Digital06.vitaltable	Kimura Taro (CC0)	7.560	0.999	-1.076	0.008	0.438	2.802	0.005
OP1 DrWave06 WT.xrni	sine and soft triangle	/home/meneses/.local/share/vital/Kimura Taro/Wavetables/TE OP-1/OP1 DrWave06.vitaltable	Kimura Taro (CC0)	1.706	0.972	-2.057	0.007	0.904	2.242	0.002
OP1 DrWave07 WT.xrni	sine and soft triangle	/home/meneses/.local/share/vital/Kimura Taro/Wavetables/TE OP-1/OP1 DrWave07.vitaltable	Kimura Taro (CC0)	1.818	0.937	-2.085	0.009	0.874	2.718	0.001
OP1 DrWave08 WT.xrni	sine and soft triangle	/home/meneses/.local/share/vital/Kimura Taro/Wavetables/TE OP-1/OP1 DrWave08.vitaltable	Kimura Taro (CC0)	2.010	0.874	-2.705	0.008	0.791	2.900	0.001
OP1 Voltage01 WT.xrni	sine and soft triangle	/home/meneses/.local/share/vital/Kimura Taro/Wavetables/TE OP-1/OP1 Voltage01.vitaltable	Kimura Taro (CC0)	1.037	0.990	-3.036	0.005	0.988	1.623	0.001
OP1 Voltage02 WT.xrni	sine and soft triangle	/home/meneses/.local/share/vital/Kimura Taro/Wavetables/TE OP-1/OP1 Voltage02.vitaltable	Kimura Taro (CC0)	1.155	0.977	-2.637	0.007	0.971	1.769	0.002
OP1 Voltage03 WT.xrni	sine and soft triangle	/home/meneses/.local/share/vital/Kimura Taro/Wavetables/TE OP-1/OP1 Voltage03.vitaltable	Kimura Taro (CC0)	1.057	0.988	-2.857	0.005	0.984	1.658	0.001
OP1 Voltage04 WT.xrni	sine and soft triangle	/home/meneses/.local/share/vital/Kimura Taro/Wavetables/TE OP-1/OP1 Voltage04.vitaltable	Kimura Taro (CC0)	1.110	0.995	-2.559	0.006	0.989	1.699	0.002
Organ 2 WT.xrni	sine and soft triangle	/home/meneses/.local/share/vital/Vital Harvest/Presets/Organ 2.vital	other	4.044	0.875	-2.788	0.000	0.624	1.073	0.001
PD PWM4 WT.xrni	sine and soft triangle	/home/meneses/.local/share/vital/Kimura Taro/Wavetables/PD PWM/PD PWM4.vitaltable	Kimura Taro (CC0)	1.646	0.801	-3.990	0.005	0.674	1.414	0.003
PD SQ1 WT.xrni	sine and soft triangle	/home/meneses/.local/share/vital/Kimura Taro/Wavetables/PD Square/PD SQ1.vitaltable	Kimura Taro (CC0)	1.085	1.000	-4.227	0.000	0.960	1.161	0.002
PD SQ2 WT.xrni	sine and soft triangle	/home/meneses/.local/share/vital/Kimura Taro/Wavetables/PD Square/PD SQ2.vitaltable	Kimura Taro (CC0)	1.658	1.000	-3.203	0.000	0.721	2.012	0.002
PD SQ3 WT.xrni	sine and soft triangle	/home/meneses/.local/share/vital/Kimura Taro/Wavetables/PD Square/PD SQ3.vitaltable	Kimura Taro (CC0)	7.452	1.000	-2.242	0.000	0.395	1.519	0.004
PD SQ4 WT.xrni	sine and soft triangle	/home/meneses/.local/share/vital/Kimura Taro/Wavetables/PD Square/PD SQ4.vitaltable	Kimura Taro (CC0)	1.856	1.000	-3.316	0.000	0.899	1.425	0.004
PD SQ6 WT.xrni	sine and soft triangle	/home/meneses/.local/share/vital/Kimura Taro/Wavetables/PD Square/PD SQ6.vitaltable	Kimura Taro (CC0)	1.275	0.831	-3.989	0.004	0.788	1.332	0.002
PD1 WT.xrni	sine and soft triangle	/home/meneses/.local/share/vital/Kimura Taro/Wavetables/Phase Distortion/PD1.vitaltable	Kimura Taro (CC0)	1.138	0.918	-6.110	0.001	0.897	1.414	0.002
PD10 WT.xrni	sine and soft triangle	/home/meneses/.local/share/vital/Kimura Taro/Wavetables/Phase Distortion/PD10.vitaltable	Kimura Taro (CC0)	1.531	1.000	-2.551	0.000	0.967	1.414	0.005
PD101 WT.xrni	sine and soft triangle	/home/meneses/.local/share/vital/WaveEdit Online/Wavetables/PD101.vitaltable	WaveEdit Online (CC0)	1.043	0.971	-4.033	0.037	0.969	1.386	0.022
PD102 WT.xrni	sine and soft triangle	/home/meneses/.local/share/vital/WaveEdit Online/Wavetables/PD102.vitaltable	WaveEdit Online (CC0)	1.640	0.845	-3.967	0.081	0.772	1.397	0.039
PD11 WT.xrni	sine and soft triangle	/home/meneses/.local/share/vital/Kimura Taro/Wavetables/Phase Distortion/PD11.vitaltable	Kimura Taro (CC0)	2.392	0.870	-4.026	0.006	0.453	1.368	0.004
PD4 WT.xrni	sine and soft triangle	/home/meneses/.local/share/vital/Kimura Taro/Wavetables/Phase Distortion/PD4.vitaltable	Kimura Taro (CC0)	1.882	0.700	-4.264	0.005	0.538	1.348	0.002
PD8 WT.xrni	sine and soft triangle	/home/meneses/.local/share/vital/Kimura Taro/Wavetables/Phase Distortion/PD8.vitaltable	Kimura Taro (CC0)	1.275	0.881	-4.245	0.003	0.808	1.430	0.002
PD9 WT.xrni	sine and soft triangle	/home/meneses/.local/share/vital/Kimura Taro/Wavetables/Phase Distortion/PD9.vitaltable	Kimura Taro (CC0)	2.036	0.828	-4.003	0.005	0.557	1.411	0.004
PHEEOOOOWWW___ WT.xrni	sine and soft triangle	/home/meneses/.local/share/vital/Vital Harvest/Presets/PHEEOOOOWWW___.vital	other	3.585	0.905	-2.748	0.000	0.764	1.073	0.001
PMSimple22 WT.xrni	sine and soft triangle	/home/meneses/.local/share/vital/Kimura Taro/Wavetables/PM[Simple]/PMSimple22.vitaltable	Kimura Taro (CC0)	1.661	0.994	-0.849	0.207	0.987	1.417	0.006
PPG0 4bit WT.xrni	sine and soft triangle	/home/meneses/.local/share/vital/Kimura Taro/Wavetables/PPG Wave[4bit]/PPG0 4bit.vitaltable	Kimura Taro (CC0)	2.990	0.858	-1.903	0.007	0.581	1.996	0.012
PPG0 WT.xrni	sine and soft triangle	/home/meneses/.local/share/vital/Kimura Taro/Wavetables/PPG Wave/PPG0.vitaltable	Kimura Taro (CC0)	2.644	0.858	-2.251	0.001	0.580	1.993	0.005
PPG03 4bit WT.xrni	sine and soft triangle	/home/meneses/.local/share/vital/Kimura Taro/Wavetables/PPG Wave[4bit]/PPG03 4bit.vitaltable	Kimura Taro (CC0)	1.398	0.999	-2.156	0.004	0.925	1.257	0.009
PPG03 WT.xrni	sine and soft triangle	/home/meneses/.local/share/vital/Kimura Taro/Wavetables/PPG Wave/PPG03.vitaltable	Kimura Taro (CC0)	1.304	0.999	-2.473	0.001	0.926	1.251	0.005
PPG06 4bit WT.xrni	sine and soft triangle	/home/meneses/.local/share/vital/Kimura Taro/Wavetables/PPG Wave[4bit]/PPG06 4bit.vitaltable	Kimura Taro (CC0)	1.568	0.789	-2.358	0.005	0.738	1.731	0.007
PPG06 WT.xrni	sine and soft triangle	/home/meneses/.local/share/vital/Kimura Taro/Wavetables/PPG Wave/PPG06.vitaltable	Kimura Taro (CC0)	1.395	0.788	-2.722	0.001	0.738	1.717	0.003
PPG07 4bit WT.xrni	sine and soft triangle	/home/meneses/.local/share/vital/Kimura Taro/Wavetables/PPG Wave[4bit]/PPG07 4bit.vitaltable	Kimura Taro (CC0)	1.691	0.711	-2.499	0.006	0.645	1.829	0.007
PPG07 WT.xrni	sine and soft triangle	/home/meneses/.local/share/vital/Kimura Taro/Wavetables/PPG Wave/PPG07.vitaltable	Kimura Taro (CC0)	1.529	0.711	-3.118	0.001	0.645	1.813	0.003
PPG12 4bit WT.xrni	sine and soft triangle	/home/meneses/.local/share/vital/Kimura Taro/Wavetables/PPG Wave[4bit]/PPG12 4bit.vitaltable	Kimura Taro (CC0)	1.465	0.833	-1.718	0.009	0.806	1.715	0.007
PPG12 WT.xrni	sine and soft triangle	/home/meneses/.local/share/vital/Kimura Taro/Wavetables/PPG Wave/PPG12.vitaltable	Kimura Taro (CC0)	1.309	0.834	-2.333	0.001	0.805	1.666	0.003
PPG17 4bit WT.xrni	sine and soft triangle	/home/meneses/.local/share/vital/Kimura Taro/Wavetables/PPG Wave[4bit]/PPG17 4bit.vitaltable	Kimura Taro (CC0)	3.350	0.939	-1.511	0.010	0.886	1.721	0.011
PPG17 WT.xrni	sine and soft triangle	/home/meneses/.local/share/vital/Kimura Taro/Wavetables/PPG Wave/PPG17.vitaltable	Kimura Taro (CC0)	2.903	0.939	-1.923	0.001	0.886	1.722	0.006
PPG20 4bit WT.xrni	sine and soft triangle	/home/meneses/.local/share/vital/Kimura Taro/Wavetables/PPG Wave[4bit]/PPG20 4bit.vitaltable	Kimura Taro (CC0)	4.212	0.970	-1.858	0.010	0.502	2.124	0.013
PPG20 WT.xrni	sine and soft triangle	/home/meneses/.local/share/vital/Kimura Taro/Wavetables/PPG Wave/PPG20.vitaltable	Kimura Taro (CC0)	3.829	0.971	-2.200	0.001	0.503	2.068	0.008
PPG22 4bit WT.xrni	sine and soft triangle	/home/meneses/.local/share/vital/Kimura Taro/Wavetables/PPG Wave[4bit]/PPG22 4bit.vitaltable	Kimura Taro (CC0)	2.181	0.876	-2.071	0.010	0.803	1.684	0.008
PPG23 4bit WT.xrni	sine and soft triangle	/home/meneses/.local/share/vital/Kimura Taro/Wavetables/PPG Wave[4bit]/PPG23 4bit.vitaltable	Kimura Taro (CC0)	1.873	0.877	-2.270	0.001	0.805	1.647	0.004
PPG29 4bit WT.xrni	sine and soft triangle	/home/meneses/.local/share/vital/Kimura Taro/Wavetables/PPG Wave[4bit]/PPG29 4bit.vitaltable	Kimura Taro (CC0)	3.284	0.688	-2.037	0.003	0.585	1.313	0.003
PPG29 WT.xrni	sine and soft triangle	/home/meneses/.local/share/vital/Kimura Taro/Wavetables/PPG Wave/PPG29.vitaltable	Kimura Taro (CC0)	3.260	0.688	-2.071	0.000	0.585	1.283	0.005
PPG_WA00 WT.xrni	sine and soft triangle	/home/meneses/.local/share/vital/WaveEdit Online/Wavetables/PPG_WA00.vitaltable	WaveEdit Online (CC0)	2.780	0.815	-2.508	0.061	0.606	1.868	0.020
PPG_WA03 WT.xrni	sine and soft triangle	/home/meneses/.local/share/vital/WaveEdit Online/Wavetables/PPG_WA03.vitaltable	WaveEdit Online (CC0)	1.402	0.999	-2.487	0.091	0.910	1.249	0.013
PPG_WA06 WT.xrni	sine and soft triangle	/home/meneses/.local/share/vital/WaveEdit Online/Wavetables/PPG_WA06.vitaltable	WaveEdit Online (CC0)	1.427	0.795	-2.629	0.089	0.749	1.663	0.014
PPG_WA07 WT.xrni	sine and soft triangle	/home/meneses/.local/share/vital/WaveEdit Online/Wavetables/PPG_WA07.vitaltable	WaveEdit Online (CC0)	1.692	0.754	-2.642	0.057	0.678	1.687	0.013
PPG_WA12 WT.xrni	sine and soft triangle	/home/meneses/.local/share/vital/WaveEdit Online/Wavetables/PPG_WA12.vitaltable	WaveEdit Online (CC0)	1.279	0.821	-2.478	0.063	0.808	1.650	0.014
PPG_WA20 WT.xrni	sine and soft triangle	/home/meneses/.local/share/vital/WaveEdit Online/Wavetables/PPG_WA20.vitaltable	WaveEdit Online (CC0)	4.033	0.853	-2.194	0.110	0.506	1.938	0.033
PPG_WA22 WT.xrni	sine and soft triangle	/home/meneses/.local/share/vital/WaveEdit Online/Wavetables/PPG_WA22.vitaltable	WaveEdit Online (CC0)	2.935	0.766	-2.239	0.111	0.646	1.781	0.019
PPG_WA25 WT.xrni	sine and soft triangle	/home/meneses/.local/share/vital/WaveEdit Online/Wavetables/PPG_WA25.vitaltable	WaveEdit Online (CC0)	1.366	0.903	-2.174	0.044	0.901	1.579	0.013
Pad - Lone Wolf WT.xrni	sine and soft triangle	/home/meneses/.local/share/vital/Vital Harvest/Presets/Pad - Lone Wolf.vital	other	3.457	0.993	-1.493	0.039	0.662	2.290	0.004
Pad Growdot WT.xrni	sine and soft triangle	/home/meneses/.local/share/vital/VitalPresets/Presets/Pad Growdot.vital	user/Discord presets (third-party)	6.136	0.963	-1.463	0.122	0.840	2.099	0.036
Pad Hi Minor 2 Carmacky WT.xrni	sine and soft triangle	/home/meneses/.local/share/vital/VitalPresets/Presets/Pad Hi Minor 2 Carmacky.vital	user/Discord presets (third-party)	4.044	0.874	-2.788	0.000	0.709	1.073	0.001
Pad Slime WT.xrni	sine and soft triangle	/home/meneses/.local/share/vital/VitalPresets/Presets/Pad Slime.vital	user/Discord presets (third-party)	4.044	0.875	-2.788	0.000	0.709	1.073	0.001
Padsture 2 WT.xrni	sine and soft triangle	/home/meneses/.local/share/vital/Vital Harvest/Presets/Padsture 2.vital	other	1.037	1.000	-3.281	0.000	0.986	1.731	0.002
Phase10 WT.xrni	sine and soft triangle	/home/meneses/.local/share/vital/Kimura Taro/Wavetables/Phase/Phase10.vitaltable	Kimura Taro (CC0)	21.887	1.000	-1.941	0.001	0.671	1.985	0.034
Phase5 WT.xrni	sine and soft triangle	/home/meneses/.local/share/vital/Kimura Taro/Wavetables/Phase/Phase5.vitaltable	Kimura Taro (CC0)	1.077	0.947	-4.368	0.002	0.937	1.720	0.001
Phase6 WT.xrni	sine and soft triangle	/home/meneses/.local/share/vital/Kimura Taro/Wavetables/Phase/Phase6.vitaltable	Kimura Taro (CC0)	1.051	1.000	-3.565	0.001	0.978	1.414	0.002
Pink Sky City Horns WT.xrni	sine and soft triangle	/home/meneses/.local/share/vital/VitalBank/Presets/Pink Sky City Horns.vital	other	1.021	0.999	-3.968	0.002	0.991	1.331	0.001
Playable Whitenoise Bass 2 WT.xrni	sine and soft triangle	/home/meneses/.local/share/vital/VitalPresets/Presets/Playable Whitenoise Bass 2.vital	user/Discord presets (third-party)	5.280	0.963	-1.523	0.109	0.742	2.077	0.023
Pluck - Virtual Pizzicato WT.xrni	sine and soft triangle	/home/meneses/.local/share/vital/Vital Harvest/Presets/Pluck - Virtual Pizzicato.vital	other	1.052	0.976	-5.062	0.016	0.974	1.552	0.000
Plucky Lead WT.xrni	sine and soft triangle	/home/meneses/.local/share/vital/Vital Harvest/Presets/Plucky Lead.vital	other	3.257	0.794	-2.071	0.041	0.591	2.259	0.002
Poetry 1-8th WT.xrni	sine and soft triangle	/home/meneses/.local/share/vital/Vital Harvest/Presets/Poetry 1-8th.vital	other	1.411	0.998	-3.880	0.007	0.943	1.631	0.004
Pop Kick WT.xrni	sine and soft triangle	/home/meneses/.local/share/vital/Vital Harvest/Presets/Pop Kick.vital	other	1.364	1.000	-5.049	0.000	0.818	1.343	0.003
Pretty Xylo Keys WT.xrni	sine and soft triangle	/home/meneses/.local/share/vital/Vital Harvest/Presets/Pretty Xylo Keys.vital	other	1.009	1.000	-4.305	0.007	0.996	1.512	0.002
RESO_SQU WT.xrni	sine and soft triangle	/home/meneses/.local/share/vital/WaveEdit Online/Wavetables/RESO_SQU.vitaltable	WaveEdit Online (CC0)	16.451	0.998	-2.044	0.126	0.711	1.559	0.209
RMFM05 Denoise WT.xrni	sine and soft triangle	/home/meneses/.local/share/vital/Kimura Taro/Wavetables/RMFM/RMFM05 Denoise.vitaltable	Kimura Taro (CC0)	6.820	0.720	-2.456	0.004	0.690	2.078	0.012
RMFM06 Icarus Bell WT.xrni	sine and soft triangle	/home/meneses/.local/share/vital/Kimura Taro/Wavetables/RMFM/RMFM06 Icarus Bell.vitaltable	Kimura Taro (CC0)	1.985	0.824	-3.852	0.003	0.718	2.114	0.004
RMFM06 Icarus Bell2 WT.xrni	sine and soft triangle	/home/meneses/.local/share/vital/Kimura Taro/Wavetables/RMFM/RMFM06 Icarus Bell2.vitaltable	Kimura Taro (CC0)	3.091	0.888	-4.170	0.002	0.484	2.329	0.005
Raindrop Arp WT.xrni	sine and soft triangle	/home/meneses/.local/share/vital/Vital Harvest/Presets/Raindrop Arp.vital	other	3.277	0.848	-2.652	0.000	0.848	1.839	0.007
Random Spectrum3 WT.xrni	sine and soft triangle	/home/meneses/.local/share/vital/Kimura Taro/Wavetables/Random Spectrum/Random Spectrum3.vitaltable	Kimura Taro (CC0)	2.160	0.800	-2.800	0.040	0.689	1.963	0.005
Random Spectrum4 WT.xrni	sine and soft triangle	/home/meneses/.local/share/vital/Kimura Taro/Wavetables/Random Spectrum/Random Spectrum4.vitaltable	Kimura Taro (CC0)	3.033	1.000	-2.029	0.012	0.798	1.421	0.008
Ratata WT.xrni	sine and soft triangle	/home/meneses/.local/share/vital/Vital Harvest/Presets/Ratata.vital	other	4.044	0.875	-2.748	0.000	0.709	1.103	0.001
Redwood WT.xrni	sine and soft triangle	/home/meneses/.local/share/vital/Vital Harvest/Presets/Redwood.vital	other	1.037	1.000	-3.297	0.003	0.986	1.286	0.001
Reese Terrorist WT.xrni	sine and soft triangle	/home/meneses/.local/share/vital/VitalPresets/Presets/Reese Terrorist.vital	user/Discord presets (third-party)	1.000	1.000	-3.321	0.000	1.000	1.414	0.002
Resonance Distortion Lead Alt 2 WT.xrni	sine and soft triangle	/home/meneses/.local/share/vital/VitalPresets/Presets/Resonance Distortion Lead Alt 2.vital	user/Discord presets (third-party)	4.044	0.875	-2.748	0.000	0.709	1.073	0.001
Ring My Bell WT.xrni	sine and soft triangle	/home/meneses/.local/share/vital/Vital Harvest/Presets/Ring My Bell.vital	other	1.021	1.000	-3.635	0.001	0.991	1.378	0.002
Running Late WT.xrni	sine and soft triangle	/home/meneses/.local/share/vital/VitalBank/Presets/Running Late.vital	other	2.560	0.993	-1.447	0.051	0.814	1.281	0.002
SAW_BEND WT.xrni	sine and soft triangle	/home/meneses/.local/share/vital/WaveEdit Online/Wavetables/SAW_BEND.vitaltable	WaveEdit Online (CC0)	1.311	0.819	-3.688	0.063	0.802	1.834	0.016
SFX SubSine Downer _PitchWheel_ WT.xrni	sine and soft triangle	/home/meneses/.local/share/vital/Vital Harvest/Presets/SFX SubSine Downer _PitchWheel_.vital	other	2.975	0.803	-2.156	0.015	0.668	2.265	0.002
SINE_MUT WT.xrni	sine and soft triangle	/home/meneses/.local/share/vital/WaveEdit Online/Wavetables/SINE_MUT.vitaltable	WaveEdit Online (CC0)	1.103	0.978	-2.348	0.115	0.966	1.369	0.016
SOHLER00 WT.xrni	sine and soft triangle	/home/meneses/.local/share/vital/WaveEdit Online/Wavetables/SOHLER00.vitaltable	WaveEdit Online (CC0)	2.421	0.806	-4.891	0.027	0.555	1.857	0.036
SOHLER01 WT.xrni	sine and soft triangle	/home/meneses/.local/share/vital/WaveEdit Online/Wavetables/SOHLER01.vitaltable	WaveEdit Online (CC0)	1.902	0.847	-4.724	0.034	0.636	1.779	0.028
SOHLER17 WT.xrni	sine and soft triangle	/home/meneses/.local/share/vital/WaveEdit Online/Wavetables/SOHLER17.vitaltable	WaveEdit Online (CC0)	2.046	0.738	-4.674	0.051	0.629	1.848	0.022
SOHLER22 WT.xrni	sine and soft triangle	/home/meneses/.local/share/vital/WaveEdit Online/Wavetables/SOHLER22.vitaltable	WaveEdit Online (CC0)	2.705	0.766	-3.548	0.108	0.590	1.856	0.056
SOHLER41 WT.xrni	sine and soft triangle	/home/meneses/.local/share/vital/WaveEdit Online/Wavetables/SOHLER41.vitaltable	WaveEdit Online (CC0)	2.224	0.811	-3.014	0.101	0.669	1.448	0.027
SOHLER53 WT.xrni	sine and soft triangle	/home/meneses/.local/share/vital/WaveEdit Online/Wavetables/SOHLER53.vitaltable	WaveEdit Online (CC0)	2.275	0.838	-3.718	0.055	0.660	1.347	0.022
SOHLER68 WT.xrni	sine and soft triangle	/home/meneses/.local/share/vital/WaveEdit Online/Wavetables/SOHLER68.vitaltable	WaveEdit Online (CC0)	3.095	0.765	-4.068	0.081	0.578	1.775	0.049
SOHLER69 WT.xrni	sine and soft triangle	/home/meneses/.local/share/vital/WaveEdit Online/Wavetables/SOHLER69.vitaltable	WaveEdit Online (CC0)	2.418	0.894	-3.022	0.090	0.799	1.986	0.042
SOHLER73 WT.xrni	sine and soft triangle	/home/meneses/.local/share/vital/WaveEdit Online/Wavetables/SOHLER73.vitaltable	WaveEdit Online (CC0)	1.772	0.856	-4.098	0.059	0.799	1.689	0.036
SOHLER86 WT.xrni	sine and soft triangle	/home/meneses/.local/share/vital/WaveEdit Online/Wavetables/SOHLER86.vitaltable	WaveEdit Online (CC0)	2.848	0.739	-2.509	0.149	0.670	1.722	0.042
SOHLER87 WT.xrni	sine and soft triangle	/home/meneses/.local/share/vital/WaveEdit Online/Wavetables/SOHLER87.vitaltable	WaveEdit Online (CC0)	1.814	0.884	-3.386	0.106	0.745	1.814	0.030
SOHLER93 WT.xrni	sine and soft triangle	/home/meneses/.local/share/vital/WaveEdit Online/Wavetables/SOHLER93.vitaltable	WaveEdit Online (CC0)	3.050	0.835	-2.367	0.146	0.637	2.050	0.031
SQ - Retro Funk WT.xrni	sine and soft triangle	/home/meneses/.local/share/vital/Vital Harvest/Presets/SQ - Retro Funk.vital	other	2.764	0.891	-2.061	0.042	0.777	1.559	0.002
SQFM10_FB WT.xrni	sine and soft triangle	/home/meneses/.local/share/vital/Kimura Taro/Wavetables/FM/SQFM10+FB.vitaltable	Kimura Taro (CC0)	13.988	1.000	-0.985	0.002	0.515	1.231	0.032
SQFMM_FB WT.xrni	sine and soft triangle	/home/meneses/.local/share/vital/Kimura Taro/Wavetables/FM/SQFMM+FB.vitaltable	Kimura Taro (CC0)	5.230	0.999	-2.938	0.002	0.322	1.237	0.009
SQFMS WT.xrni	sine and soft triangle	/home/meneses/.local/share/vital/Kimura Taro/Wavetables/FM/SQFMS.vitaltable	Kimura Taro (CC0)	2.028	1.000	-5.439	0.001	0.773	1.286	0.004
SQFM_FB WT.xrni	sine and soft triangle	/home/meneses/.local/share/vital/Kimura Taro/Wavetables/FM/SQFM+FB.vitaltable	Kimura Taro (CC0)	2.448	1.000	-5.167	0.002	0.670	1.233	0.005
SR265 - Sliding guitar WT.xrni	sine and soft triangle	/home/meneses/.local/share/vital/Vital Harvest/Presets/SR265 - Sliding guitar.vital	other	1.293	0.878	-4.435	0.004	0.840	1.832	0.001
SR410 - High piano WT.xrni	sine and soft triangle	/home/meneses/.local/share/vital/Vital Harvest/Presets/SR410 - High piano.vital	other	12.599	0.846	-1.794	0.039	0.492	2.970	0.022
SR862 - Plucky Guitar WT.xrni	sine and soft triangle	/home/meneses/.local/share/vital/Vital Harvest/Presets/SR862 - Plucky Guitar.vital	other	1.149	0.980	-3.737	0.024	0.919	1.366	0.001
SYNLP113 WT.xrni	sine and soft triangle	/home/meneses/.local/share/vital/WaveEdit Online/Wavetables/SYNLP113.vitaltable	WaveEdit Online (CC0)	1.457	0.669	-3.317	0.024	0.614	1.386	0.032
SYNLP114 WT.xrni	sine and soft triangle	/home/meneses/.local/share/vital/WaveEdit Online/Wavetables/SYNLP114.vitaltable	WaveEdit Online (CC0)	1.415	1.000	-3.574	0.033	0.835	1.220	0.023
SYNLP118 WT.xrni	sine and soft triangle	/home/meneses/.local/share/vital/WaveEdit Online/Wavetables/SYNLP118.vitaltable	WaveEdit Online (CC0)	2.202	0.785	-4.087	0.029	0.705	1.404	0.020
SYNLP139 WT.xrni	sine and soft triangle	/home/meneses/.local/share/vital/WaveEdit Online/Wavetables/SYNLP139.vitaltable	WaveEdit Online (CC0)	2.344	0.860	-2.742	0.153	0.735	1.383	0.033
SYNLP146 WT.xrni	sine and soft triangle	/home/meneses/.local/share/vital/WaveEdit Online/Wavetables/SYNLP146.vitaltable	WaveEdit Online (CC0)	1.156	0.861	-3.770	0.020	0.859	1.391	0.031
SYNLP153 WT.xrni	sine and soft triangle	/home/meneses/.local/share/vital/WaveEdit Online/Wavetables/SYNLP153.vitaltable	WaveEdit Online (CC0)	1.363	0.982	-2.862	0.118	0.966	1.459	0.007
SYNLP163 WT.xrni	sine and soft triangle	/home/meneses/.local/share/vital/WaveEdit Online/Wavetables/SYNLP163.vitaltable	WaveEdit Online (CC0)	1.082	0.980	-3.149	0.017	0.980	1.414	0.016
SYNLP171 WT.xrni	sine and soft triangle	/home/meneses/.local/share/vital/WaveEdit Online/Wavetables/SYNLP171.vitaltable	WaveEdit Online (CC0)	1.574	1.000	-4.380	0.054	0.841	1.145	0.038
SYNLP173 WT.xrni	sine and soft triangle	/home/meneses/.local/share/vital/WaveEdit Online/Wavetables/SYNLP173.vitaltable	WaveEdit Online (CC0)	1.458	0.909	-5.141	0.011	0.861	1.340	0.014
SYNLP178 WT.xrni	sine and soft triangle	/home/meneses/.local/share/vital/WaveEdit Online/Wavetables/SYNLP178.vitaltable	WaveEdit Online (CC0)	1.160	0.993	-2.009	0.099	0.987	1.433	0.022
SYNLP179 WT.xrni	sine and soft triangle	/home/meneses/.local/share/vital/WaveEdit Online/Wavetables/SYNLP179.vitaltable	WaveEdit Online (CC0)	3.079	0.753	-1.460	0.102	0.646	1.400	0.022
SYNLP181 WT.xrni	sine and soft triangle	/home/meneses/.local/share/vital/WaveEdit Online/Wavetables/SYNLP181.vitaltable	WaveEdit Online (CC0)	1.257	0.997	-2.551	0.053	0.976	1.415	0.052
SYNLP33 WT.xrni	sine and soft triangle	/home/meneses/.local/share/vital/WaveEdit Online/Wavetables/SYNLP33.vitaltable	WaveEdit Online (CC0)	1.602	0.786	-3.898	0.069	0.723	1.391	0.027
SYNLP35 WT.xrni	sine and soft triangle	/home/meneses/.local/share/vital/WaveEdit Online/Wavetables/SYNLP35.vitaltable	WaveEdit Online (CC0)	1.412	0.746	-2.757	0.135	0.689	1.418	0.023
SYNLP61 WT.xrni	sine and soft triangle	/home/meneses/.local/share/vital/WaveEdit Online/Wavetables/SYNLP61.vitaltable	WaveEdit Online (CC0)	1.506	1.000	-3.627	0.023	0.798	1.382	0.024
SYNLP62 WT.xrni	sine and soft triangle	/home/meneses/.local/share/vital/WaveEdit Online/Wavetables/SYNLP62.vitaltable	WaveEdit Online (CC0)	1.420	0.924	-5.949	0.007	0.850	1.311	0.022
SYNLP97 WT.xrni	sine and soft triangle	/home/meneses/.local/share/vital/WaveEdit Online/Wavetables/SYNLP97.vitaltable	WaveEdit Online (CC0)	2.336	0.815	-4.730	0.022	0.567	1.354	0.029
SawSync5 WT.xrni	sine and soft triangle	/home/meneses/.local/share/vital/Kimura Taro/Wavetables/OSC Sync+PWM/SawSync5.vitaltable	Kimura Taro (CC0)	2.905	0.804	-2.039	0.009	0.720	2.007	0.003
Saws Elevate WT.xrni	sine and soft triangle	/home/meneses/.local/share/vital/Vital Harvest/Presets/Saws Elevate.vital	other	1.793	0.826	-2.463	0.025	0.756	1.753	0.002
SelfFeedback4bit WT.xrni	sine and soft triangle	/home/meneses/.local/share/vital/Kimura Taro/Wavetables/FM/SelfFeedback4bit.vitaltable	Kimura Taro (CC0)	3.035	0.811	-2.047	0.008	0.697	1.635	0.006
Set The Controls For The Heart Of The Sun WT.xrni	sine and soft triangle	/home/meneses/.local/share/vital/VitalBank/Presets/Set The Controls For The Heart Of The Sun.vital	other	3.070	0.808	-2.213	0.083	0.668	2.235	0.002
Shut Up and Drive WT.xrni	sine and soft triangle	/home/meneses/.local/share/vital/Vital Harvest/Presets/Shut Up and Drive.vital	other	1.251	1.000	-4.463	0.003	0.898	1.626	0.002
Sick Keys WT.xrni	sine and soft triangle	/home/meneses/.local/share/vital/VitalBank/Presets/Sick Keys.vital	other	1.507	0.682	-3.500	0.049	0.652	1.974	0.002
SignalTool1 WT.xrni	sine and soft triangle	/home/meneses/.local/share/vital/Kimura Taro/Wavetables/Softbe Modular/SignalTool1.vitaltable	Kimura Taro (CC0)	9.222	1.000	-1.490	0.007	0.255	1.681	0.017
Sin to Tri Whistle WT.xrni	sine and soft triangle	/home/meneses/.local/share/vital/Vital Harvest/Presets/Sin to Tri Whistle.vital	other	1.008	1.000	-3.354	0.004	0.997	1.563	0.002
Sine4bitSR WT.xrni	sine and soft triangle	/home/meneses/.local/share/vital/Kimura Taro/Wavetables/Mod Sine/Sine4bitSR.vitaltable	Kimura Taro (CC0)	1.100	0.997	-2.732	0.002	0.994	1.390	0.003
SineAM WT.xrni	sine and soft triangle	/home/meneses/.local/share/vital/Kimura Taro/Wavetables/Mod Sine/SineAM.vitaltable	Kimura Taro (CC0)	9.022	0.979	-1.373	0.035	0.508	1.519	0.018
SineFM3_BitRX WT.xrni	sine and soft triangle	/home/meneses/.local/share/vital/Kimura Taro/Wavetables/Mod Sine/SineFM3+BitRX.vitaltable	Kimura Taro (CC0)	1.602	0.806	-3.101	0.006	0.798	1.350	0.004
SineFMRed WT.xrni	sine and soft triangle	/home/meneses/.local/share/vital/Kimura Taro/Wavetables/Mod Sine/SineFMRed.vitaltable	Kimura Taro (CC0)	1.613	0.855	-2.411	0.008	0.822	1.345	0.004
SineSRed1 WT.xrni	sine and soft triangle	/home/meneses/.local/share/vital/Kimura Taro/Wavetables/Mod Sine/SineSRed1.vitaltable	Kimura Taro (CC0)	1.245	0.999	-1.635	0.008	0.974	1.208	0.004
SineSRed2 WT.xrni	sine and soft triangle	/home/meneses/.local/share/vital/Kimura Taro/Wavetables/Mod Sine/SineSRed2.vitaltable	Kimura Taro (CC0)	1.239	1.000	-1.563	0.008	0.974	1.209	0.003
Sirenengesang WT.xrni	sine and soft triangle	/home/meneses/.local/share/vital/misc/Presets/Sirenengesang.vital	other	4.044	0.867	-2.788	0.000	0.709	1.073	0.001
Smooth Acid WT.xrni	sine and soft triangle	/home/meneses/.local/share/vital/VitalBank/Presets/Smooth Acid.vital	other	4.271	0.954	-2.036	0.032	0.787	2.817	0.003
Snare WT.xrni	sine and soft triangle	/home/meneses/.local/share/vital/nahush2321/Presets/Snare.vital	user/Discord presets (third-party)	3.195	0.807	-1.999	0.057	0.704	1.874	0.003
Solo Trumpet WT.xrni	sine and soft triangle	/home/meneses/.local/share/vital/Vital Harvest/Presets/Solo Trumpet.vital	other	1.037	1.000	-3.281	0.000	0.986	1.286	0.001
Something sine WT.xrni	sine and soft triangle	/home/meneses/.local/share/vital/nahush2321/Wavetables/Something sine.vitaltable	user/Discord presets (third-party)	1.060	1.000	-2.005	0.000	0.999	1.464	0.002
Square Candy Pluck WT.xrni	sine and soft triangle	/home/meneses/.local/share/vital/Vital Harvest/Presets/Square Candy Pluck.vital	other	1.494	1.000	-4.429	0.002	0.832	1.703	0.002
Square4 WT.xrni	sine and soft triangle	/home/meneses/.local/share/vital/Discord Wavetables/Wavetables/Square4.vitaltable	other	3.546	1.000	-2.326	0.000	0.811	1.000	0.001
Starry Night WT.xrni	sine and soft triangle	/home/meneses/.local/share/vital/Vital Harvest/Presets/Starry Night.vital	other	4.044	0.875	-2.788	0.000	0.709	1.073	0.001
Static Bass WT.xrni	sine and soft triangle	/home/meneses/.local/share/vital/Growl 6 - Heavy Basses/Presets/Static Bass.vital	user/Discord presets (third-party)	4.223	0.984	-2.163	0.000	0.709	1.731	0.002
StepWave WT.xrni	sine and soft triangle	/home/meneses/.local/share/vital/Kimura Taro/Wavetables/Melda Oscillator/StepWave.vitaltable	Kimura Taro (CC0)	16.297	0.824	-1.336	0.009	0.663	2.127	0.014
Stories Guitar WT.xrni	sine and soft triangle	/home/meneses/.local/share/vital/Vital Harvest/Presets/Stories Guitar.vital	other	2.559	0.764	-3.218	0.119	0.687	2.327	0.004
Sub 808 Wob Alt WT.xrni	sine and soft triangle	/home/meneses/.local/share/vital/VitalPresets/Presets/Sub 808 Wob Alt.vital	user/Discord presets (third-party)	4.044	0.875	-2.788	0.000	0.709	1.073	0.001
Sub Action Commodo 2 WT.xrni	sine and soft triangle	/home/meneses/.local/share/vital/VitalPresets/Presets/Sub Action Commodo 2.vital	user/Discord presets (third-party)	4.044	0.875	-2.748	0.000	0.709	1.103	0.001
Sub Action Droppa WT.xrni	sine and soft triangle	/home/meneses/.local/share/vital/VitalPresets/Presets/Sub Action Droppa.vital	user/Discord presets (third-party)	4.044	0.874	-2.748	0.000	0.709	1.138	0.001
Sub Bubba WT.xrni	sine and soft triangle	/home/meneses/.local/share/vital/VitalPresets/Presets/Sub Bubba.vital	user/Discord presets (third-party)	4.044	0.875	-2.788	0.000	0.709	1.073	0.001
Sub Carmackymaybe 2 WT.xrni	sine and soft triangle	/home/meneses/.local/share/vital/VitalPresets/Presets/Sub Carmackymaybe 2.vital	user/Discord presets (third-party)	4.044	0.869	-2.788	0.000	0.709	1.073	0.001
Sub Digital Reggae 3 WT.xrni	sine and soft triangle	/home/meneses/.local/share/vital/VitalPresets/Presets/Sub Digital Reggae 3.vital	user/Discord presets (third-party)	4.044	0.875	-2.788	0.013	0.709	1.073	0.001
Sub Dotted Xtra Fast Wet WT.xrni	sine and soft triangle	/home/meneses/.local/share/vital/VitalPresets/Presets/Sub Dotted Xtra Fast Wet.vital	user/Discord presets (third-party)	4.044	0.875	-2.788	0.000	0.709	1.073	0.001
Sub Dusty Droppa 2 WT.xrni	sine and soft triangle	/home/meneses/.local/share/vital/VitalPresets/Presets/Sub Dusty Droppa 2.vital	user/Discord presets (third-party)	4.044	0.875	-2.788	0.000	0.709	1.073	0.001
Sub Inverted Sin 3 Verb WT.xrni	sine and soft triangle	/home/meneses/.local/share/vital/VitalPresets/Presets/Sub Inverted Sin 3 Verb.vital	user/Discord presets (third-party)	4.044	0.875	-2.748	0.000	0.709	1.083	0.001
Sub Lappy 57 WT.xrni	sine and soft triangle	/home/meneses/.local/share/vital/VitalPresets/Presets/Sub Lappy 57.vital	user/Discord presets (third-party)	4.044	0.875	-2.788	0.000	0.709	1.073	0.001
Sub Nasty WT.xrni	sine and soft triangle	/home/meneses/.local/share/vital/VitalPresets/Presets/Sub Nasty.vital	user/Discord presets (third-party)	4.044	0.875	-2.788	0.000	0.709	1.073	0.001
Sub Notewobble 3 Subb WT.xrni	sine and soft triangle	/home/meneses/.local/share/vital/VitalPresets/Presets/Sub Notewobble 3 Subb.vital	user/Discord presets (third-party)	4.044	0.846	-2.788	0.000	0.709	1.073	0.001
Sub Pluck Me Nice 3 Clickykick WT.xrni	sine and soft triangle	/home/meneses/.local/share/vital/VitalPresets/Presets/Sub Pluck Me Nice 3 Clickykick.vital	user/Discord presets (third-party)	4.044	0.875	-2.788	0.000	0.709	1.073	0.001
Sub Pluck Me Nice Filty WT.xrni	sine and soft triangle	/home/meneses/.local/share/vital/VitalPresets/Presets/Sub Pluck Me Nice Filty.vital	user/Discord presets (third-party)	4.044	0.875	-2.788	0.000	0.709	1.073	0.001
Sub Reggae B F Harm WT.xrni	sine and soft triangle	/home/meneses/.local/share/vital/VitalPresets/Presets/Sub Reggae B F Harm.vital	user/Discord presets (third-party)	4.044	0.874	-2.764	0.000	0.709	1.073	0.001
Sub Squish 2 WT.xrni	sine and soft triangle	/home/meneses/.local/share/vital/VitalPresets/Presets/Sub Squish 2.vital	user/Discord presets (third-party)	3.519	0.871	-3.209	0.000	0.726	1.239	0.002
Sub Steppas Stomp 2 WT.xrni	sine and soft triangle	/home/meneses/.local/share/vital/VitalPresets/Presets/Sub Steppas Stomp 2.vital	user/Discord presets (third-party)	4.044	0.875	-2.788	0.000	0.709	1.073	0.001
Sub Teffaish 2 WT.xrni	sine and soft triangle	/home/meneses/.local/share/vital/VitalPresets/Presets/Sub Teffaish 2.vital	user/Discord presets (third-party)	4.044	0.873	-2.788	0.000	0.709	1.073	0.001
Sub Teffaish 5 Tri WT.xrni	sine and soft triangle	/home/meneses/.local/share/vital/VitalPresets/Presets/Sub Teffaish 5 Tri.vital	user/Discord presets (third-party)	4.044	0.864	-2.788	0.000	0.709	1.073	0.001
Sub Triplet Slimey 3 Dotted WT.xrni	sine and soft triangle	/home/meneses/.local/share/vital/VitalPresets/Presets/Sub Triplet Slimey 3 Dotted.vital	user/Discord presets (third-party)	4.044	0.875	-2.788	0.000	0.709	1.073	0.001
Sub Truancy 18 WT.xrni	sine and soft triangle	/home/meneses/.local/share/vital/VitalPresets/Presets/Sub Truancy 18.vital	user/Discord presets (third-party)	4.044	0.873	-2.788	0.000	0.709	1.073	0.001
Sub Wub Reso 2 WT.xrni	sine and soft triangle	/home/meneses/.local/share/vital/VitalPresets/Presets/Sub Wub Reso 2.vital	user/Discord presets (third-party)	4.044	0.814	-2.788	0.000	0.709	1.250	0.001
Sub Wub Reso Coverage WT.xrni	sine and soft triangle	/home/meneses/.local/share/vital/VitalPresets/Presets/Sub Wub Reso Coverage.vital	user/Discord presets (third-party)	4.044	0.870	-2.788	0.000	0.709	1.231	0.001
Subnoisewubtrip WT.xrni	sine and soft triangle	/home/meneses/.local/share/vital/VitalPresets/Presets/Subnoisewubtrip.vital	user/Discord presets (third-party)	4.044	0.875	-2.788	0.000	0.709	1.073	0.001
Subspace Bass WT.xrni	sine and soft triangle	/home/meneses/.local/share/vital/Vital Harvest/Presets/Subspace Bass.vital	other	1.000	1.000	-3.200	0.000	1.000	1.414	0.001
Summer 64 WT.xrni	sine and soft triangle	/home/meneses/.local/share/vital/VitalBank/Presets/Summer 64.vital	other	2.461	0.774	-4.909	0.001	0.583	2.316	0.002
Synth 2 WT.xrni	sine and soft triangle	/home/meneses/.local/share/vital/nahush2321/Presets/Synth 2.vital	user/Discord presets (third-party)	1.141	0.979	-2.566	0.000	0.968	1.510	0.004
Synth Brass - Come Together WT.xrni	sine and soft triangle	/home/meneses/.local/share/vital/Vital Harvest/Presets/Synth Brass - Come Together.vital	other	2.161	0.759	-4.734	0.008	0.641	2.111	0.002
Synth5 WT.xrni	sine and soft triangle	/home/meneses/.local/share/vital/nahush2321/Presets/Synth5.vital	user/Discord presets (third-party)	1.419	0.803	-4.125	0.005	0.734	1.773	0.002
Synthware Wavecandy BJ WT.xrni	sine and soft triangle	/home/meneses/.local/share/vital/Vital Harvest/Presets/Synthware Wavecandy BJ.vital	other	2.309	0.752	-2.040	0.016	0.657	2.108	0.002
TSP_SHOCKONE_Bass_tildawnmain WT.xrni	sine and soft triangle	/home/meneses/.local/share/vital/Growl 6 - Heavy Basses/Presets/TSP_SHOCKONE_Bass_tildawnmain.vital	user/Discord presets (third-party)	18.468	0.841	-0.314	0.052	0.650	2.593	0.026
TWIST02 WT.xrni	sine and soft triangle	/home/meneses/.local/share/vital/WaveEdit Online/Wavetables/TWIST02.vitaltable	WaveEdit Online (CC0)	3.374	1.000	-1.870	0.013	0.695	2.203	0.023
Tape Synth WT.xrni	sine and soft triangle	/home/meneses/.local/share/vital/Vital Harvest/Presets/Tape Synth.vital	other	1.035	0.999	-4.280	0.007	0.985	1.472	0.002
Temple Lead WT.xrni	sine and soft triangle	/home/meneses/.local/share/vital/VitalBank/Presets/Temple Lead.vital	other	1.069	0.964	-2.901	0.034	0.960	1.754	0.002
Tenor Saxophone WT.xrni	sine and soft triangle	/home/meneses/.local/share/vital/Vital Harvest/Presets/Tenor Saxophone.vital	other	1.000	1.000	-3.243	0.000	1.000	1.414	0.002
Term1 WT.xrni	sine and soft triangle	/home/meneses/.local/share/vital/Kimura Taro/Wavetables/AudioTerm/Term1.vitaltable	Kimura Taro (CC0)	1.984	0.881	-2.993	0.000	0.838	1.748	0.006
Term2 WT.xrni	sine and soft triangle	/home/meneses/.local/share/vital/Kimura Taro/Wavetables/AudioTerm/Term2.vitaltable	Kimura Taro (CC0)	11.292	0.814	-2.004	0.000	0.737	2.018	0.011
Terra PD1 WT.xrni	sine and soft triangle	/home/meneses/.local/share/vital/Kimura Taro/Wavetables/K-Devicees Terra/Terra PD1.vitaltable	Kimura Taro (CC0)	3.261	0.783	-3.831	0.002	0.619	1.370	0.009
ThrillerFrog WT.xrni	sine and soft triangle	/home/meneses/.local/share/vital/Vital Harvest/Presets/ThrillerFrog.vital	other	3.546	1.000	-2.326	0.000	0.811	1.000	0.001
Time Capsule WT.xrni	sine and soft triangle	/home/meneses/.local/share/vital/Vital Harvest/Presets/Time Capsule.vital	other	3.626	0.957	-1.767	0.019	0.793	2.427	0.004
Touch of Greatness WT.xrni	sine and soft triangle	/home/meneses/.local/share/vital/Vital Harvest/Presets/Touch of Greatness.vital	other	2.890	0.806	-3.248	0.005	0.706	2.574	0.002
Trappy Blehephant WT.xrni	sine and soft triangle	/home/meneses/.local/share/vital/VitalPresets/Presets/Trappy Blehephant.vital	user/Discord presets (third-party)	5.280	0.963	-1.523	0.109	0.742	2.077	0.023
TriPWM WT.xrni	sine and soft triangle	/home/meneses/.local/share/vital/Kimura Taro/Wavetables/OSC Sync+PWM/TriPWM.vitaltable	Kimura Taro (CC0)	1.213	0.861	-4.288	0.001	0.834	1.730	0.002
Triple Wubdown 2 WT.xrni	sine and soft triangle	/home/meneses/.local/share/vital/VitalPresets/Presets/Triple Wubdown 2.vital	user/Discord presets (third-party)	4.044	0.875	-2.788	0.000	0.709	1.073	0.001
Trippie Redd Bass WT.xrni	sine and soft triangle	/home/meneses/.local/share/vital/Vital Harvest/Presets/Trippie Redd Bass.vital	other	1.062	1.000	-5.944	0.000	0.982	1.378	0.002
TrueFM1 WT.xrni	sine and soft triangle	/home/meneses/.local/share/vital/Kimura Taro/Wavetables/FM/TrueFM1.vitaltable	Kimura Taro (CC0)	1.059	0.944	-5.172	0.000	0.943	1.414	0.002
TrueFM2 WT.xrni	sine and soft triangle	/home/meneses/.local/share/vital/Kimura Taro/Wavetables/FM/TrueFM2.vitaltable	Kimura Taro (CC0)	1.114	0.906	-5.012	0.001	0.897	1.414	0.002
Twinkles WT.xrni	sine and soft triangle	/home/meneses/.local/share/vital/Vital Harvest/Presets/Twinkles.vital	other	1.008	1.000	-3.350	0.002	0.997	1.561	0.002
Untitled WT.xrni	sine and soft triangle	/home/meneses/.local/share/vital/Vital Harvest/Presets/Untitled.vital	other	4.238	0.885	-2.680	0.001	0.562	1.946	0.008
Upscale Bells WT.xrni	sine and soft triangle	/home/meneses/.local/share/vital/Vital Harvest/Presets/Upscale Bells.vital	other	1.149	0.956	-5.301	0.005	0.877	1.869	0.002
VB1 - Doper WT.xrni	sine and soft triangle	/home/meneses/.local/share/vital/VitalPresets/Wavetables/VB1 - Doper.vitaltable	user/Discord presets (third-party)	1.044	0.999	-3.595	0.011	0.978	1.302	0.002
VB1 - Ed 6B WT.xrni	sine and soft triangle	/home/meneses/.local/share/vital/VitalPresets/Wavetables/VB1 - Ed 6B.vitaltable	user/Discord presets (third-party)	1.037	1.000	-3.138	0.029	0.984	1.331	0.002
VIRAL WT.xrni	sine and soft triangle	/home/meneses/.local/share/vital/WaveEdit Online/Wavetables/VIRAL.vitaltable	WaveEdit Online (CC0)	2.729	0.821	-2.758	0.070	0.668	1.639	0.043
VOICE_CL WT.xrni	sine and soft triangle	/home/meneses/.local/share/vital/WaveEdit Online/Wavetables/VOICE_CL.vitaltable	WaveEdit Online (CC0)	1.466	0.696	-0.584	0.073	0.663	1.770	0.017
VOICE_DR WT.xrni	sine and soft triangle	/home/meneses/.local/share/vital/WaveEdit Online/Wavetables/VOICE_DR.vitaltable	WaveEdit Online (CC0)	1.706	0.714	-1.332	0.077	0.694	2.033	0.010
VR Growl WT.xrni	sine and soft triangle	/home/meneses/.local/share/vital/Growl 2 - Talking Yoi/Presets/VR Growl.vital	user/Discord presets (third-party)	3.799	0.864	-1.920	0.087	0.674	2.275	0.013
VS VMorph2 WT.xrni	sine and soft triangle	/home/meneses/.local/share/vital/Kimura Taro/Wavetables/Prophet VS Wave/VS VMorph2.vitaltable	Kimura Taro (CC0)	4.205	0.864	-1.896	0.020	0.729	2.017	0.007
Vintage Grand Piano WT.xrni	sine and soft triangle	/home/meneses/.local/share/vital/Vital Harvest/Presets/Vintage Grand Piano.vital	other	1.555	0.836	-4.172	0.004	0.768	1.692	0.002
Volcano WT.xrni	sine and soft triangle	/home/meneses/.local/share/vital/Vital Harvest/Presets/Volcano.vital	other	2.114	0.956	-2.387	0.012	0.805	2.474	0.003
Wah Clav WT.xrni	sine and soft triangle	/home/meneses/.local/share/vital/Vital Harvest/Presets/Wah Clav.vital	other	1.000	1.000	-2.817	0.006	1.000	1.414	0.006
Wait for You WT.xrni	sine and soft triangle	/home/meneses/.local/share/vital/Vital Harvest/Presets/Wait for You.vital	other	1.639	0.865	-5.461	0.008	0.760	2.033	0.003
Westside Lead WT.xrni	sine and soft triangle	/home/meneses/.local/share/vital/Vital Harvest/Presets/Westside Lead.vital	other	10.694	0.763	-3.135	0.010	0.612	3.529	0.007
Wide Load WT.xrni	sine and soft triangle	/home/meneses/.local/share/vital/Vital Harvest/Presets/Wide Load.vital	other	1.923	0.767	-4.600	0.006	0.660	2.279	0.001
Wub Airlock WT.xrni	sine and soft triangle	/home/meneses/.local/share/vital/VitalPresets/Presets/Wub Airlock.vital	user/Discord presets (third-party)	4.044	0.875	-2.788	0.000	0.709	1.073	0.001
Wub Consumate 2 WT.xrni	sine and soft triangle	/home/meneses/.local/share/vital/VitalPresets/Presets/Wub Consumate 2.vital	user/Discord presets (third-party)	4.044	0.875	-2.788	0.000	0.574	1.073	0.001
Wub Consumate Middy Lforand WT.xrni	sine and soft triangle	/home/meneses/.local/share/vital/VitalPresets/Presets/Wub Consumate Middy Lforand.vital	user/Discord presets (third-party)	4.720	0.875	-2.788	0.000	0.574	1.073	0.001
Wub FM Sine Bass Bass Xtraharm WT.xrni	sine and soft triangle	/home/meneses/.local/share/vital/VitalPresets/Presets/Wub FM Sine Bass Bass Xtraharm.vital	user/Discord presets (third-party)	4.044	0.875	-2.788	0.000	0.709	1.073	0.001
Wub Glorp 2 WT.xrni	sine and soft triangle	/home/meneses/.local/share/vital/VitalPresets/Presets/Wub Glorp 2.vital	user/Discord presets (third-party)	3.799	0.864	-1.920	0.087	0.674	2.275	0.013
Wub Squeal On Point Fuzzy 2 Fun WT.xrni	sine and soft triangle	/home/meneses/.local/share/vital/VitalPresets/Presets/Wub Squeal On Point Fuzzy 2 Fun.vital	user/Discord presets (third-party)	4.044	0.875	-2.788	0.000	0.709	1.073	0.001
Wub Wub Wubwub Wub Wubwubwubwub Wub Wub 4 WT.xrni	sine and soft triangle	/home/meneses/.local/share/vital/VitalPresets/Presets/Wub Wub Wubwub Wub Wubwubwubwub Wub Wub 4.vital	user/Discord presets (third-party)	1.000	1.000	-3.169	0.000	1.000	1.414	0.002
Wubdrunk WT.xrni	sine and soft triangle	/home/meneses/.local/share/vital/VitalPresets/Presets/Wubdrunk.vital	user/Discord presets (third-party)	4.044	0.867	-2.788	0.000	0.709	1.073	0.001
Your Specialty WT.xrni	sine and soft triangle	/home/meneses/.local/share/vital/Vital Harvest/Presets/Your Specialty.vital	other	2.106	0.973	-5.137	0.007	0.847	2.687	0.003
_Angelic Crystal Choir Pad WT.xrni	sine and soft triangle	/home/meneses/.local/share/vital/Vital Harvest/Presets/_Angelic Crystal Choir Pad.vital	other	2.780	0.975	-2.166	0.022	0.904	1.883	0.005
angry saws WT.xrni	sine and soft triangle	/home/meneses/.local/share/vital/Vital Harvest/Presets/angry saws.vital	other	1.141	0.981	-4.147	0.018	0.940	1.208	0.002
ba.002 WT.xrni	sine and soft triangle	/home/meneses/.local/share/vital/qub1t/Presets/ba.002.vital	user/Discord presets (third-party)	2.474	0.998	-2.420	0.163	0.754	2.093	0.002
ba.005 WT.xrni	sine and soft triangle	/home/meneses/.local/share/vital/qub1t/Presets/ba.005.vital	user/Discord presets (third-party)	2.074	0.915	-2.041	0.039	0.859	1.538	0.002
ba.010 WT.xrni	sine and soft triangle	/home/meneses/.local/share/vital/qub1t/Presets/ba.010.vital	user/Discord presets (third-party)	2.687	0.890	-1.978	0.054	0.800	1.579	0.005
ba.011 WT.xrni	sine and soft triangle	/home/meneses/.local/share/vital/qub1t/Presets/ba.011.vital	user/Discord presets (third-party)	1.016	1.000	-5.371	0.000	0.993	1.343	0.002
ba.012 WT.xrni	sine and soft triangle	/home/meneses/.local/share/vital/qub1t/Presets/ba.012.vital	user/Discord presets (third-party)	1.007	1.000	-4.481	0.000	0.997	1.332	0.002
ba.014 WT.xrni	sine and soft triangle	/home/meneses/.local/share/vital/qub1t/Presets/ba.014.vital	user/Discord presets (third-party)	3.049	0.718	-2.137	0.131	0.630	1.186	0.002
ba.015 WT.xrni	sine and soft triangle	/home/meneses/.local/share/vital/qub1t/Presets/ba.015.vital	user/Discord presets (third-party)	1.312	1.000	-2.781	0.000	0.900	1.086	0.002
ba.018 WT.xrni	sine and soft triangle	/home/meneses/.local/share/vital/qub1t/Presets/ba.018.vital	user/Discord presets (third-party)	2.694	0.869	-2.097	0.033	0.727	1.748	0.002
ba.026 WT.xrni	sine and soft triangle	/home/meneses/.local/share/vital/qub1t/Presets/ba.026.vital	user/Discord presets (third-party)	1.029	0.977	-5.824	0.000	0.977	1.677	0.002
ba.insurrection WT.xrni	sine and soft triangle	/home/meneses/.local/share/vital/qub1t/Presets/ba.insurrection.vital	user/Discord presets (third-party)	3.068	0.939	-2.112	0.150	0.688	1.770	0.002
ba.subversion WT.xrni	sine and soft triangle	/home/meneses/.local/share/vital/qub1t/Presets/ba.subversion.vital	user/Discord presets (third-party)	2.914	0.774	-2.065	0.104	0.652	2.302	0.002
base sound 4 WT.xrni	sine and soft triangle	/home/meneses/.local/share/vital/nahush2321/Presets/base sound 4.vital	user/Discord presets (third-party)	1.010	1.000	-4.165	0.028	1.000	1.432	0.002
bloop from hell WT.xrni	sine and soft triangle	/home/meneses/.local/share/vital/Vital Harvest/Presets/bloop from hell.vital	other	4.720	0.708	-2.473	0.000	0.574	1.073	0.001
broken circuit radio WT.xrni	sine and soft triangle	/home/meneses/.local/share/vital/Vital Harvest/Presets/broken circuit radio.vital	other	4.044	0.875	-2.168	0.000	0.709	1.001	0.001
chanty arp WT.xrni	sine and soft triangle	/home/meneses/.local/share/vital/Vital Harvest/Presets/chanty arp.vital	other	4.044	0.861	-2.788	0.000	0.709	1.073	0.001
clipper bass WT.xrni	sine and soft triangle	/home/meneses/.local/share/vital/Vital Harvest/Presets/clipper bass.vital	other	4.044	0.867	-2.608	0.000	0.709	1.002	0.001
cool mallet WT.xrni	sine and soft triangle	/home/meneses/.local/share/vital/Vital Harvest/Presets/cool mallet.vital	other	4.145	0.875	-2.168	0.000	0.574	1.073	0.001
crunched up lazer WT.xrni	sine and soft triangle	/home/meneses/.local/share/vital/Vital Harvest/Presets/crunched up lazer.vital	other	4.503	0.814	-0.851	0.012	0.706	2.097	0.013
db.accession WT.xrni	sine and soft triangle	/home/meneses/.local/share/vital/qub1t/Presets/db.accession.vital	user/Discord presets (third-party)	3.296	0.771	-2.000	0.061	0.657	2.068	0.002
db.astrological WT.xrni	sine and soft triangle	/home/meneses/.local/share/vital/qub1t/Presets/db.astrological.vital	user/Discord presets (third-party)	1.069	0.964	-2.901	0.034	0.960	1.754	0.002
db.neuroimage WT.xrni	sine and soft triangle	/home/meneses/.local/share/vital/qub1t/Presets/db.neuroimage.vital	user/Discord presets (third-party)	2.914	0.774	-2.065	0.104	0.652	2.302	0.002
glass crackle WT.xrni	sine and soft triangle	/home/meneses/.local/share/vital/Vital Harvest/Presets/glass crackle.vital	other	4.720	0.708	-2.168	0.000	0.574	1.073	0.001
glassything WT.xrni	sine and soft triangle	/home/meneses/.local/share/vital/Vital Harvest/Presets/glassything.vital	other	4.044	0.875	-2.788	0.002	0.709	1.073	0.001
gurgle WT.xrni	sine and soft triangle	/home/meneses/.local/share/vital/Vital Harvest/Presets/gurgle.vital	other	4.720	0.708	-2.168	0.000	0.574	1.073	0.001
hundai WT.xrni	sine and soft triangle	/home/meneses/.local/share/vital/nahush2321/Wavetables/hundai.vitaltable	user/Discord presets (third-party)	3.551	1.000	-1.836	0.001	0.811	1.079	0.007
ky.009 WT.xrni	sine and soft triangle	/home/meneses/.local/share/vital/qub1t/Presets/ky.009.vital	user/Discord presets (third-party)	1.946	0.817	-5.171	0.002	0.598	1.600	0.003
lazer WT.xrni	sine and soft triangle	/home/meneses/.local/share/vital/Vital Harvest/Presets/lazer.vital	other	2.756	0.766	-2.180	0.099	0.645	2.966	0.003
mFoldFeedback WT.xrni	sine and soft triangle	/home/meneses/.local/share/vital/Kimura Taro/Wavetables/Softbe Modular/mFoldFeedback.vitaltable	Kimura Taro (CC0)	25.851	0.746	-1.247	0.008	0.631	2.554	0.024
melody 1 WT.xrni	sine and soft triangle	/home/meneses/.local/share/vital/nahush2321/Presets/melody 1.vital	user/Discord presets (third-party)	1.312	1.000	-2.780	0.000	0.900	1.086	0.002
melody 3 WT.xrni	sine and soft triangle	/home/meneses/.local/share/vital/nahush2321/Presets/melody 3.vital	user/Discord presets (third-party)	4.157	0.740	-1.761	0.010	0.645	2.043	0.007
melody 34 WT.xrni	sine and soft triangle	/home/meneses/.local/share/vital/nahush2321/Presets/melody 34.vital	user/Discord presets (third-party)	1.263	0.976	-3.620	0.011	0.954	1.790	0.002
minimal house pad 1 WT.xrni	sine and soft triangle	/home/meneses/.local/share/vital/qub1t/Presets/minimal house pad 1.vital	user/Discord presets (third-party)	2.544	0.931	-2.022	0.167	0.849	2.394	0.002
minimal house pad 2 WT.xrni	sine and soft triangle	/home/meneses/.local/share/vital/qub1t/Presets/minimal house pad 2.vital	user/Discord presets (third-party)	2.492	0.947	-3.226	0.050	0.905	2.128	0.005
minimal house pad 8 WT.xrni	sine and soft triangle	/home/meneses/.local/share/vital/qub1t/Presets/minimal house pad 8.vital	user/Discord presets (third-party)	2.581	1.000	-4.815	0.002	0.304	1.580	0.004
minimal house stab 05 WT.xrni	sine and soft triangle	/home/meneses/.local/share/vital/qub1t/Presets/minimal house stab 05.vital	user/Discord presets (third-party)	2.581	1.000	-4.814	0.002	0.304	1.580	0.004
minimal house stab 11 WT.xrni	sine and soft triangle	/home/meneses/.local/share/vital/qub1t/Presets/minimal house stab 11.vital	user/Discord presets (third-party)	3.356	0.820	-2.099	0.114	0.712	1.757	0.003
monksatmos2 WT.xrni	sine and soft triangle	/home/meneses/.local/share/vital/Vital Harvest/Presets/monksatmos2.vital	other	6.136	0.963	-1.463	0.123	0.840	2.099	0.036
moving melody WT.xrni	sine and soft triangle	/home/meneses/.local/share/vital/nahush2321/Presets/moving melody.vital	user/Discord presets (third-party)	1.461	0.993	-2.326	0.202	0.885	1.332	0.004
muzz snare III WT.xrni	sine and soft triangle	/home/meneses/.local/share/vital/Vital Harvest/Presets/muzz snare III.vital	other	1.310	1.000	-2.772	0.000	0.900	1.086	0.002
new wave 89 WT.xrni	sine and soft triangle	/home/meneses/.local/share/vital/nahush2321/Wavetables/new wave 89.vitaltable	user/Discord presets (third-party)	1.570	0.979	-5.588	0.021	0.950	1.780	0.009
noises WT.xrni	sine and soft triangle	/home/meneses/.local/share/vital/Vital Harvest/Presets/noises.vital	other	4.044	0.875	-2.644	0.000	0.709	1.073	0.001
or.002 WT.xrni	sine and soft triangle	/home/meneses/.local/share/vital/qub1t/Presets/or.002.vital	user/Discord presets (third-party)	1.005	1.000	-3.410	0.015	0.998	1.383	0.002
or.005 WT.xrni	sine and soft triangle	/home/meneses/.local/share/vital/qub1t/Presets/or.005.vital	user/Discord presets (third-party)	1.144	0.889	-5.902	0.013	0.877	1.499	0.002
organ 001 WT.xrni	sine and soft triangle	/home/meneses/.local/share/vital/qub1t/Presets/organ 001.vital	user/Discord presets (third-party)	1.045	1.000	-4.904	0.003	0.986	1.583	0.002
pd.001 WT.xrni	sine and soft triangle	/home/meneses/.local/share/vital/qub1t/Presets/pd.001.vital	user/Discord presets (third-party)	2.850	0.950	-2.227	0.040	0.674	1.746	0.004
pl.ambiguity WT.xrni	sine and soft triangle	/home/meneses/.local/share/vital/qub1t/Presets/pl.ambiguity.vital	user/Discord presets (third-party)	2.277	0.920	-2.391	0.221	0.821	1.401	0.002
poly6 P50 PS1 WT.xrni	sine and soft triangle	/home/meneses/.local/share/vital/Kimura Taro/Wavetables/Korg Analog  Synth PhaseShift1/poly6 P50 PS1.vitaltable	Kimura Taro (CC0)	3.932	0.698	-1.846	0.110	0.551	1.418	0.002
poly6 P50-PS2 WT.xrni	sine and soft triangle	/home/meneses/.local/share/vital/Kimura Taro/Wavetables/Korg Analog  Synth PhaseShift2/poly6 P50-PS2.vitaltable	Kimura Taro (CC0)	3.230	0.766	-1.957	0.093	0.676	2.019	0.001
poly6 Saw-PS2 WT.xrni	sine and soft triangle	/home/meneses/.local/share/vital/Kimura Taro/Wavetables/Korg Analog  Synth PhaseShift2/poly6 Saw-PS2.vitaltable	Kimura Taro (CC0)	3.269	0.839	-2.127	0.174	0.731	1.916	0.002
poly6 Square PS1 WT.xrni	sine and soft triangle	/home/meneses/.local/share/vital/Kimura Taro/Wavetables/Korg Analog  Synth PhaseShift1/poly6 Square PS1.vitaltable	Kimura Taro (CC0)	2.926	1.000	-1.284	0.153	0.757	1.491	0.002
poly6 Square-PS2 WT.xrni	sine and soft triangle	/home/meneses/.local/share/vital/Kimura Taro/Wavetables/Korg Analog  Synth PhaseShift2/poly6 Square-PS2.vitaltable	Kimura Taro (CC0)	2.385	1.000	-1.354	0.128	0.869	1.384	0.002
rawr_xd WT.xrni	sine and soft triangle	/home/meneses/.local/share/vital/Vital Harvest/Presets/rawr_xd.vital	other	5.202	0.864	-1.352	0.061	0.806	2.116	0.033
realistic brass WT.xrni	sine and soft triangle	/home/meneses/.local/share/vital/Vital Harvest/Presets/realistic brass.vital	other	1.008	0.997	-4.492	0.005	0.993	1.451	0.002
rewrite WT.xrni	sine and soft triangle	/home/meneses/.local/share/vital/nahush2321/Presets/rewrite.vital	user/Discord presets (third-party)	1.219	0.985	-2.251	0.251	0.974	1.658	0.001
ring snare short WT.xrni	sine and soft triangle	/home/meneses/.local/share/vital/Vital Harvest/Presets/ring snare short.vital	other	4.044	0.875	-2.788	0.000	0.709	1.073	0.001
scratchy sin WT.xrni	sine and soft triangle	/home/meneses/.local/share/vital/nahush2321/Wavetables/scratchy sin.vitaltable	user/Discord presets (third-party)	1.009	0.999	-2.798	0.000	0.999	1.450	0.002
sin messy WT.xrni	sine and soft triangle	/home/meneses/.local/share/vital/nahush2321/Wavetables/sin messy.vitaltable	user/Discord presets (third-party)	1.073	0.973	-5.928	0.000	0.950	1.409	0.002
sin with saw WT.xrni	sine and soft triangle	/home/meneses/.local/share/vital/nahush2321/Wavetables/sin with saw.vitaltable	user/Discord presets (third-party)	3.378	0.997	-2.533	0.085	0.994	1.872	0.004
sine hacks WT.xrni	sine and soft triangle	/home/meneses/.local/share/vital/nahush2321/Wavetables/sine hacks.vitaltable	user/Discord presets (third-party)	1.120	0.999	1.262	0.000	0.999	1.464	0.004
sinewery WT.xrni	sine and soft triangle	/home/meneses/.local/share/vital/nahush2321/Wavetables/sinewery.vitaltable	user/Discord presets (third-party)	1.397	0.999	-5.045	0.083	0.998	1.501	0.006
some sounds WT.xrni	sine and soft triangle	/home/meneses/.local/share/vital/nahush2321/Presets/some sounds.vital	user/Discord presets (third-party)	1.035	0.996	-2.538	0.000	0.995	1.536	0.003
sparkle pluck 3 WT.xrni	sine and soft triangle	/home/meneses/.local/share/vital/Vital Harvest/Presets/sparkle pluck 3.vital	other	6.834	0.840	-1.356	0.114	0.732	2.388	0.016
struntum stretches WT.xrni	sine and soft triangle	/home/meneses/.local/share/vital/Growl 6 - Heavy Basses/Presets/struntum stretches.vital	user/Discord presets (third-party)	4.180	0.725	-2.203	0.016	0.573	2.285	0.012
sw.002 WT.xrni	sine and soft triangle	/home/meneses/.local/share/vital/qub1t/Presets/sw.002.vital	user/Discord presets (third-party)	3.351	0.748	-2.035	0.032	0.606	2.320	0.001
swaggy pluck WT.xrni	sine and soft triangle	/home/meneses/.local/share/vital/Vital Harvest/Presets/swaggy pluck.vital	other	4.044	0.867	-2.181	0.161	0.709	1.039	0.001
synth5 WT.xrni	sine and soft triangle	/home/meneses/.local/share/vital/nahush2321/Presets/synth5.vital	user/Discord presets (third-party)	3.070	0.808	-2.213	0.083	0.668	2.235	0.002
talking beat 3 WT.xrni	sine and soft triangle	/home/meneses/.local/share/vital/nahush2321/Presets/talking beat 3.vital	user/Discord presets (third-party)	1.061	1.000	-2.583	0.000	0.999	1.464	0.003
talking synth WT.xrni	sine and soft triangle	/home/meneses/.local/share/vital/nahush2321/Presets/talking synth.vital	user/Discord presets (third-party)	3.293	0.859	-1.421	0.052	0.827	1.873	0.011
the metrik snare VII WT.xrni	sine and soft triangle	/home/meneses/.local/share/vital/Vital Harvest/Presets/the metrik snare VII.vital	other	4.044	0.875	-2.748	0.000	0.709	1.123	0.001
those parting days i still remember you WT.xrni	sine and soft triangle	/home/meneses/.local/share/vital/Vital Harvest/Presets/those parting days i still remember you.vital	other	2.833	0.867	-2.188	0.013	0.626	1.984	0.002
violin WT.xrni	sine and soft triangle	/home/meneses/.local/share/vital/nahush2321/Presets/violin.vital	user/Discord presets (third-party)	1.007	0.993	-4.577	0.000	0.993	1.523	0.002
warpedmemory2 WT.xrni	sine and soft triangle	/home/meneses/.local/share/vital/Vital Harvest/Presets/warpedmemory2.vital	other	5.983	0.971	-1.494	0.070	0.828	1.936	0.029
who i am and what i dont have WT.xrni	sine and soft triangle	/home/meneses/.local/share/vital/Vital Harvest/Presets/who i am and what i dont have.vital	other	5.283	0.915	-1.782	0.100	0.709	2.405	0.017
259e-Mix1 WT.xrni	texture and noise	/home/meneses/.local/share/vital/Kimura Taro/Wavetables/Buchla 259e-Red/259e-Mix1.vitaltable	Kimura Taro (CC0)	114.535	0.610	-0.707	0.401	0.115	2.880	0.125
259e-R5 WT.xrni	texture and noise	/home/meneses/.local/share/vital/Kimura Taro/Wavetables/Buchla 259e-Red/259e-R5.vitaltable	Kimura Taro (CC0)	142.525	0.530	-0.221	0.410	0.005	2.945	0.138
ACID_RIN WT.xrni	texture and noise	/home/meneses/.local/share/vital/WaveEdit Online/Wavetables/ACID_RIN.vitaltable	WaveEdit Online (CC0)	28.079	0.138	-1.275	0.301	0.010	2.375	0.206
AEIOUTSX WT.xrni	texture and noise	/home/meneses/.local/share/vital/WaveEdit Online/Wavetables/AEIOUTSX.vitaltable	WaveEdit Online (CC0)	118.552	0.527	-0.147	0.295	0.001	2.174	0.129
ALIEN_SP WT.xrni	texture and noise	/home/meneses/.local/share/vital/WaveEdit Online/Wavetables/ALIEN_SP.vitaltable	WaveEdit Online (CC0)	102.301	0.503	-1.067	0.547	0.033	1.727	0.147
ALIEN_VO WT.xrni	texture and noise	/home/meneses/.local/share/vital/WaveEdit Online/Wavetables/ALIEN_VO.vitaltable	WaveEdit Online (CC0)	148.569	0.500	-0.529	0.567	0.011	2.412	0.168
AMEN WT.xrni	texture and noise	/home/meneses/.local/share/vital/WaveEdit Online/Wavetables/AMEN.vitaltable	WaveEdit Online (CC0)	212.750	0.493	0.488	0.460	0.000	4.904	0.095
AMEN_LOO WT.xrni	texture and noise	/home/meneses/.local/share/vital/WaveEdit Online/Wavetables/AMEN_LOO.vitaltable	WaveEdit Online (CC0)	118.127	0.527	0.816	0.429	0.000	3.881	0.053
Arp - CPU Language WT.xrni	texture and noise	/home/meneses/.local/share/vital/Vital Harvest/Presets/Arp - CPU Language.vital	other	39.355	0.051	-1.572	0.393	0.000	2.053	0.137
BANK_C WT.xrni	texture and noise	/home/meneses/.local/share/vital/WaveEdit Online/Wavetables/BANK_C.vitaltable	WaveEdit Online (CC0)	35.040	0.462	-0.596	0.630	0.017	2.297	0.100
BBELLS WT.xrni	texture and noise	/home/meneses/.local/share/vital/WaveEdit Online/Wavetables/BBELLS.vitaltable	WaveEdit Online (CC0)	99.324	0.483	-0.340	0.348	0.001	2.041	0.139
BOWED_CY WT.xrni	texture and noise	/home/meneses/.local/share/vital/WaveEdit Online/Wavetables/BOWED_CY.vitaltable	WaveEdit Online (CC0)	202.495	0.275	-0.780	0.311	0.006	2.510	0.207
Bass Guitar shakky WT.xrni	texture and noise	/home/meneses/.local/share/vital/nahush2321/Presets/Bass Guitar shakky.vital	user/Discord presets (third-party)	68.789	0.501	-0.387	0.353	0.003	1.409	0.158
CHEBYSHE WT.xrni	texture and noise	/home/meneses/.local/share/vital/WaveEdit Online/Wavetables/CHEBYSHE.vitaltable	WaveEdit Online (CC0)	24.144	0.261	-1.526	0.085	0.005	1.469	0.321
CLOCK_MU WT.xrni	texture and noise	/home/meneses/.local/share/vital/WaveEdit Online/Wavetables/CLOCK_MU.vitaltable	WaveEdit Online (CC0)	46.122	0.253	1.677	0.165	0.000	1.000	0.502
CYBERNET WT.xrni	texture and noise	/home/meneses/.local/share/vital/WaveEdit Online/Wavetables/CYBERNET.vitaltable	WaveEdit Online (CC0)	23.349	0.599	-1.601	0.466	0.156	1.722	0.228
Claen Noise WT.xrni	texture and noise	/home/meneses/.local/share/vital/Kimura Taro/Wavetables/Noise/Claen Noise.vitaltable	Kimura Taro (CC0)	253.906	1.000	-0.674	0.001	0.010	3.464	0.142
DECIDE WT.xrni	texture and noise	/home/meneses/.local/share/vital/WaveEdit Online/Wavetables/DECIDE.vitaltable	WaveEdit Online (CC0)	96.467	0.536	-0.618	0.306	0.057	2.484	0.101
DISCORDA WT.xrni	texture and noise	/home/meneses/.local/share/vital/WaveEdit Online/Wavetables/DISCORDA.vitaltable	WaveEdit Online (CC0)	25.565	0.705	-1.623	0.364	0.057	1.754	0.206
DOSE_WIT WT.xrni	texture and noise	/home/meneses/.local/share/vital/WaveEdit Online/Wavetables/DOSE_WIT.vitaltable	WaveEdit Online (CC0)	147.830	0.479	1.788	0.474	0.000	2.965	0.144
DRONE_ WT.xrni	texture and noise	/home/meneses/.local/share/vital/WaveEdit Online/Wavetables/DRONE_.vitaltable	WaveEdit Online (CC0)	45.488	0.568	0.018	0.564	0.005	1.335	0.399
ELOB_B WT.xrni	texture and noise	/home/meneses/.local/share/vital/WaveEdit Online/Wavetables/ELOB_B.vitaltable	WaveEdit Online (CC0)	154.858	0.514	-0.438	0.580	0.002	4.479	0.039
ENSHTU02 WT.xrni	texture and noise	/home/meneses/.local/share/vital/WaveEdit Online/Wavetables/ENSHTU02.vitaltable	WaveEdit Online (CC0)	161.353	0.503	-0.741	0.699	0.027	2.068	0.161
ENSHTU03 WT.xrni	texture and noise	/home/meneses/.local/share/vital/WaveEdit Online/Wavetables/ENSHTU03.vitaltable	WaveEdit Online (CC0)	160.027	0.489	0.335	0.536	0.004	2.649	0.180
ESQ1-HI WT.xrni	texture and noise	/home/meneses/.local/share/vital/WaveEdit Online/Wavetables/ESQ1-HI.vitaltable	WaveEdit Online (CC0)	101.887	0.423	-0.281	0.520	0.016	1.421	0.122
ESQ1-LO WT.xrni	texture and noise	/home/meneses/.local/share/vital/WaveEdit Online/Wavetables/ESQ1-LO.vitaltable	WaveEdit Online (CC0)	59.491	0.460	-0.731	0.480	0.006	1.453	0.083
ESW FM - Pig Squeel WT.xrni	texture and noise	/home/meneses/Projects/renoise/wavetable-packs/esw/Echo Sound Works Core Tables/FM/ESW FM - Pig Squeel.wav	Echo Sound Works Core (free pack)	198.900	0.658	-0.391	0.688	0.010	2.922	0.148
FM FB4 WT.xrni	texture and noise	/home/meneses/.local/share/vital/Kimura Taro/Wavetables/FM Feedback/FM FB4.vitaltable	Kimura Taro (CC0)	183.867	0.526	-0.935	0.591	0.129	1.636	0.172
FM FB5 WT.xrni	texture and noise	/home/meneses/.local/share/vital/Kimura Taro/Wavetables/FM Feedback/FM FB5.vitaltable	Kimura Taro (CC0)	102.976	0.619	-1.342	0.661	0.275	1.930	0.061
FOLDING_ WT.xrni	texture and noise	/home/meneses/.local/share/vital/WaveEdit Online/Wavetables/FOLDING_.vitaltable	WaveEdit Online (CC0)	108.748	0.507	-0.485	0.443	0.009	2.414	0.066
FOURIER WT.xrni	texture and noise	/home/meneses/.local/share/vital/WaveEdit Online/Wavetables/FOURIER.vitaltable	WaveEdit Online (CC0)	138.516	0.228	-0.808	0.332	0.002	2.400	0.183
FRED_DUR WT.xrni	texture and noise	/home/meneses/.local/share/vital/WaveEdit Online/Wavetables/FRED_DUR.vitaltable	WaveEdit Online (CC0)	184.104	0.502	0.233	0.423	0.000	4.987	0.026
FX_BITNO WT.xrni	texture and noise	/home/meneses/.local/share/vital/WaveEdit Online/Wavetables/FX_BITNO.vitaltable	WaveEdit Online (CC0)	110.329	0.491	0.205	0.366	0.000	1.603	0.073
G2_ASTRA WT.xrni	texture and noise	/home/meneses/.local/share/vital/WaveEdit Online/Wavetables/G2_ASTRA.vitaltable	WaveEdit Online (CC0)	33.593	0.442	-0.680	0.606	0.007	2.787	0.232
GRAV-B1 WT.xrni	texture and noise	/home/meneses/.local/share/vital/WaveEdit Online/Wavetables/GRAV-B1.vitaltable	WaveEdit Online (CC0)	220.156	0.472	-1.022	0.367	0.006	2.113	0.127
GROWL - Hatchet WT.xrni	texture and noise	/home/meneses/.local/share/vital/Growl 2 - Talking Yoi/Presets/GROWL - Hatchet.vital	user/Discord presets (third-party)	189.572	0.545	-1.100	0.754	0.120	1.961	0.104
HARMON00 WT.xrni	texture and noise	/home/meneses/.local/share/vital/WaveEdit Online/Wavetables/HARMON00.vitaltable	WaveEdit Online (CC0)	35.245	0.489	0.466	0.010	0.000	2.009	0.336
ITERAT00 WT.xrni	texture and noise	/home/meneses/.local/share/vital/WaveEdit Online/Wavetables/ITERAT00.vitaltable	WaveEdit Online (CC0)	40.105	0.419	0.374	0.022	0.000	2.133	0.242
KEEN WT.xrni	texture and noise	/home/meneses/.local/share/vital/WaveEdit Online/Wavetables/KEEN.vitaltable	WaveEdit Online (CC0)	169.593	0.501	0.511	0.347	0.000	1.732	0.174
KaossDrum1 WT.xrni	texture and noise	/home/meneses/.local/share/vital/Kimura Taro/Wavetables/MiniDrum[Kaossilator_/KaossDrum1.vitaltable	Kimura Taro (CC0)	289.235	0.502	0.322	0.783	0.000	3.090	0.140
KaossDrum2 WT.xrni	texture and noise	/home/meneses/.local/share/vital/Kimura Taro/Wavetables/MiniDrum[Kaossilator_/KaossDrum2.vitaltable	Kimura Taro (CC0)	103.919	0.512	0.779	0.643	0.000	3.799	0.044
KaossDrum3 WT.xrni	texture and noise	/home/meneses/.local/share/vital/Kimura Taro/Wavetables/MiniDrum[Kaossilator_/KaossDrum3.vitaltable	Kimura Taro (CC0)	118.012	0.571	0.909	0.580	0.000	2.946	0.078
KaossDrum4 WT.xrni	texture and noise	/home/meneses/.local/share/vital/Kimura Taro/Wavetables/MiniDrum[Kaossilator_/KaossDrum4.vitaltable	Kimura Taro (CC0)	212.584	0.437	0.143	0.703	0.000	2.976	0.107
Kotira Snake- WT.xrni	texture and noise	/home/meneses/.local/share/vital/Kimura Taro/Wavetables/Walsh Function/Kotira Snake-.vitaltable	Kimura Taro (CC0)	195.377	0.493	-0.765	0.435	0.001	3.871	0.014
Kotira SnakeDy- WT.xrni	texture and noise	/home/meneses/.local/share/vital/Kimura Taro/Wavetables/Walsh Function/Kotira SnakeDy-.vitaltable	Kimura Taro (CC0)	363.349	0.490	0.079	0.554	0.000	3.602	0.021
LASER_CR WT.xrni	texture and noise	/home/meneses/.local/share/vital/WaveEdit Online/Wavetables/LASER_CR.vitaltable	WaveEdit Online (CC0)	178.139	0.359	0.558	0.437	0.000	1.927	0.113
LOM_A WT.xrni	texture and noise	/home/meneses/.local/share/vital/WaveEdit Online/Wavetables/LOM_A.vitaltable	WaveEdit Online (CC0)	105.013	0.496	-0.210	0.320	0.004	2.790	0.114
MELLOW_D WT.xrni	texture and noise	/home/meneses/.local/share/vital/WaveEdit Online/Wavetables/MELLOW_D.vitaltable	WaveEdit Online (CC0)	12.376	0.625	-1.567	0.524	0.210	1.356	0.186
MERAVIGL WT.xrni	texture and noise	/home/meneses/.local/share/vital/WaveEdit Online/Wavetables/MERAVIGL.vitaltable	WaveEdit Online (CC0)	138.907	0.412	-0.838	0.632	0.004	1.842	0.142
MICRO_Q_ WT.xrni	texture and noise	/home/meneses/.local/share/vital/WaveEdit Online/Wavetables/MICRO_Q_.vitaltable	WaveEdit Online (CC0)	17.993	0.076	-0.991	0.360	0.001	2.267	0.179
MODDROP WT.xrni	texture and noise	/home/meneses/.local/share/vital/WaveEdit Online/Wavetables/MODDROP.vitaltable	WaveEdit Online (CC0)	152.955	0.483	-0.183	0.629	0.003	5.638	0.005
MSelfFB01 WT.xrni	texture and noise	/home/meneses/.local/share/vital/Kimura Taro/Wavetables/MSelfFB/MSelfFB01.vitaltable	Kimura Taro (CC0)	173.164	0.602	-1.696	0.498	0.352	2.159	0.145
MSelfFB02 WT.xrni	texture and noise	/home/meneses/.local/share/vital/Kimura Taro/Wavetables/MSelfFB/MSelfFB02.vitaltable	Kimura Taro (CC0)	203.844	0.641	-1.079	0.743	0.283	3.569	0.114
MSelfFB03 WT.xrni	texture and noise	/home/meneses/.local/share/vital/Kimura Taro/Wavetables/MSelfFB/MSelfFB03.vitaltable	Kimura Taro (CC0)	122.699	0.507	-1.041	0.692	0.044	2.372	0.102
Modulo1 WT.xrni	texture and noise	/home/meneses/.local/share/vital/Kimura Taro/Wavetables/Modulo/Modulo1.vitaltable	Kimura Taro (CC0)	240.816	0.297	-1.344	0.010	0.001	2.385	0.179
Modulo14 WT.xrni	texture and noise	/home/meneses/.local/share/vital/Kimura Taro/Wavetables/Modulo/Modulo14.vitaltable	Kimura Taro (CC0)	107.370	0.881	-1.418	0.589	0.721	2.568	0.135
Modulo18 WT.xrni	texture and noise	/home/meneses/.local/share/vital/Kimura Taro/Wavetables/Modulo/Modulo18.vitaltable	Kimura Taro (CC0)	61.585	0.514	-1.558	0.574	0.093	1.837	0.070
Modulo3 WT.xrni	texture and noise	/home/meneses/.local/share/vital/Kimura Taro/Wavetables/Modulo/Modulo3.vitaltable	Kimura Taro (CC0)	56.286	0.562	-0.669	0.603	0.001	2.448	0.079
PHANTOMS WT.xrni	texture and noise	/home/meneses/.local/share/vital/WaveEdit Online/Wavetables/PHANTOMS.vitaltable	WaveEdit Online (CC0)	125.040	0.467	-0.192	0.295	0.001	1.745	0.193
PISTON_H WT.xrni	texture and noise	/home/meneses/.local/share/vital/WaveEdit Online/Wavetables/PISTON_H.vitaltable	WaveEdit Online (CC0)	95.502	0.513	-0.496	0.469	0.005	1.608	0.129
PMSimple11 WT.xrni	texture and noise	/home/meneses/.local/share/vital/Kimura Taro/Wavetables/PM[Simple]/PMSimple11.vitaltable	Kimura Taro (CC0)	101.530	0.509	-0.588	0.316	0.006	2.205	0.091
PMSimple19 WT.xrni	texture and noise	/home/meneses/.local/share/vital/Kimura Taro/Wavetables/PM[Simple]/PMSimple19.vitaltable	Kimura Taro (CC0)	128.337	0.138	-0.638	0.635	0.001	1.751	0.140
PMSimple20 WT.xrni	texture and noise	/home/meneses/.local/share/vital/Kimura Taro/Wavetables/PM[Simple]/PMSimple20.vitaltable	Kimura Taro (CC0)	87.345	0.565	-1.046	0.574	0.112	1.258	0.249
PPG_WA13 WT.xrni	texture and noise	/home/meneses/.local/share/vital/WaveEdit Online/Wavetables/PPG_WA13.vitaltable	WaveEdit Online (CC0)	37.480	0.620	-0.399	0.430	0.052	1.841	0.252
Phase11 WT.xrni	texture and noise	/home/meneses/.local/share/vital/Kimura Taro/Wavetables/Phase/Phase11.vitaltable	Kimura Taro (CC0)	173.262	0.538	-3.538	0.085	0.015	1.982	0.246
RANDOM WT.xrni	texture and noise	/home/meneses/.local/share/vital/WaveEdit Online/Wavetables/RANDOM.vitaltable	WaveEdit Online (CC0)	105.618	0.506	-1.054	0.639	0.060	1.632	0.200
RESO_SAW WT.xrni	texture and noise	/home/meneses/.local/share/vital/WaveEdit Online/Wavetables/RESO_SAW.vitaltable	WaveEdit Online (CC0)	19.100	0.733	-1.734	0.232	0.508	1.745	0.203
ROFL WT.xrni	texture and noise	/home/meneses/.local/share/vital/WaveEdit Online/Wavetables/ROFL.vitaltable	WaveEdit Online (CC0)	259.118	0.501	0.808	0.546	0.000	4.781	0.087
SAW_RING WT.xrni	texture and noise	/home/meneses/.local/share/vital/WaveEdit Online/Wavetables/SAW_RING.vitaltable	WaveEdit Online (CC0)	239.148	0.491	0.173	0.234	0.000	2.339	0.243
SINE_A03 WT.xrni	texture and noise	/home/meneses/.local/share/vital/WaveEdit Online/Wavetables/SINE_A03.vitaltable	WaveEdit Online (CC0)	9.469	0.877	-1.006	0.474	0.094	1.162	0.157
SITAR WT.xrni	texture and noise	/home/meneses/.local/share/vital/WaveEdit Online/Wavetables/SITAR.vitaltable	WaveEdit Online (CC0)	263.102	0.446	1.464	0.272	0.000	3.205	0.050
SOHLER32 WT.xrni	texture and noise	/home/meneses/.local/share/vital/WaveEdit Online/Wavetables/SOHLER32.vitaltable	WaveEdit Online (CC0)	148.040	0.477	-0.568	0.453	0.020	1.656	0.180
SOHLER33 WT.xrni	texture and noise	/home/meneses/.local/share/vital/WaveEdit Online/Wavetables/SOHLER33.vitaltable	WaveEdit Online (CC0)	16.274	0.624	-1.051	0.371	0.184	1.497	0.246
SOHLER45 WT.xrni	texture and noise	/home/meneses/.local/share/vital/WaveEdit Online/Wavetables/SOHLER45.vitaltable	WaveEdit Online (CC0)	86.012	0.545	-0.639	0.229	0.001	1.565	0.153
SOHLER47 WT.xrni	texture and noise	/home/meneses/.local/share/vital/WaveEdit Online/Wavetables/SOHLER47.vitaltable	WaveEdit Online (CC0)	79.630	0.345	-1.942	0.265	0.008	1.518	0.149
SOHLER48 WT.xrni	texture and noise	/home/meneses/.local/share/vital/WaveEdit Online/Wavetables/SOHLER48.vitaltable	WaveEdit Online (CC0)	159.457	0.420	-2.513	0.270	0.027	1.504	0.316
SOHLER74 WT.xrni	texture and noise	/home/meneses/.local/share/vital/WaveEdit Online/Wavetables/SOHLER74.vitaltable	WaveEdit Online (CC0)	121.159	0.472	-0.625	0.430	0.024	1.672	0.161
SQ8_SH WT.xrni	texture and noise	/home/meneses/.local/share/vital/WaveEdit Online/Wavetables/SQ8_SH.vitaltable	WaveEdit Online (CC0)	12.510	0.256	-1.102	0.440	0.029	1.038	0.148
STREICHF WT.xrni	texture and noise	/home/meneses/.local/share/vital/WaveEdit Online/Wavetables/STREICHF.vitaltable	WaveEdit Online (CC0)	126.619	0.545	0.259	0.476	0.002	1.916	0.190
SYNLP126 WT.xrni	texture and noise	/home/meneses/.local/share/vital/WaveEdit Online/Wavetables/SYNLP126.vitaltable	WaveEdit Online (CC0)	178.309	0.605	1.168	0.192	0.000	1.383	0.326
SYNLP161 WT.xrni	texture and noise	/home/meneses/.local/share/vital/WaveEdit Online/Wavetables/SYNLP161.vitaltable	WaveEdit Online (CC0)	92.270	0.454	-0.680	0.171	0.022	1.414	0.159
SYNLP172 WT.xrni	texture and noise	/home/meneses/.local/share/vital/WaveEdit Online/Wavetables/SYNLP172.vitaltable	WaveEdit Online (CC0)	85.427	0.136	0.180	0.098	0.000	1.413	0.166
SYNLP180 WT.xrni	texture and noise	/home/meneses/.local/share/vital/WaveEdit Online/Wavetables/SYNLP180.vitaltable	WaveEdit Online (CC0)	85.600	0.354	0.035	0.259	0.001	1.368	0.153
SYNLP188 WT.xrni	texture and noise	/home/meneses/.local/share/vital/WaveEdit Online/Wavetables/SYNLP188.vitaltable	WaveEdit Online (CC0)	64.855	0.570	-1.060	0.050	0.003	1.480	0.230
SYNLP189 WT.xrni	texture and noise	/home/meneses/.local/share/vital/WaveEdit Online/Wavetables/SYNLP189.vitaltable	WaveEdit Online (CC0)	21.566	0.360	-0.931	0.306	0.000	1.405	0.323
SYNLP194 WT.xrni	texture and noise	/home/meneses/.local/share/vital/WaveEdit Online/Wavetables/SYNLP194.vitaltable	WaveEdit Online (CC0)	77.279	0.467	-1.445	0.291	0.049	1.574	0.133
SYNLP195 WT.xrni	texture and noise	/home/meneses/.local/share/vital/WaveEdit Online/Wavetables/SYNLP195.vitaltable	WaveEdit Online (CC0)	30.795	0.552	-0.305	0.496	0.024	1.630	0.388
SYNLP53 WT.xrni	texture and noise	/home/meneses/.local/share/vital/WaveEdit Online/Wavetables/SYNLP53.vitaltable	WaveEdit Online (CC0)	145.126	0.504	0.348	0.147	0.000	1.419	0.278
SYNLP59 WT.xrni	texture and noise	/home/meneses/.local/share/vital/WaveEdit Online/Wavetables/SYNLP59.vitaltable	WaveEdit Online (CC0)	105.452	0.511	0.764	0.140	0.000	1.400	0.195
SYNLP60 WT.xrni	texture and noise	/home/meneses/.local/share/vital/WaveEdit Online/Wavetables/SYNLP60.vitaltable	WaveEdit Online (CC0)	104.009	0.514	0.818	0.219	0.000	1.398	0.192
SYNLP71 WT.xrni	texture and noise	/home/meneses/.local/share/vital/WaveEdit Online/Wavetables/SYNLP71.vitaltable	WaveEdit Online (CC0)	105.474	0.903	0.214	0.554	0.000	1.462	0.212
SYNLP76 WT.xrni	texture and noise	/home/meneses/.local/share/vital/WaveEdit Online/Wavetables/SYNLP76.vitaltable	WaveEdit Online (CC0)	73.874	0.536	-2.380	0.141	0.006	1.413	0.187
SYNLP88 WT.xrni	texture and noise	/home/meneses/.local/share/vital/WaveEdit Online/Wavetables/SYNLP88.vitaltable	WaveEdit Online (CC0)	16.651	0.516	-1.134	0.375	0.000	1.412	0.255
SYNLP92 WT.xrni	texture and noise	/home/meneses/.local/share/vital/WaveEdit Online/Wavetables/SYNLP92.vitaltable	WaveEdit Online (CC0)	10.912	0.567	-1.549	0.489	0.088	1.638	0.160
SYNLPGM WT.xrni	texture and noise	/home/meneses/.local/share/vital/WaveEdit Online/Wavetables/SYNLPGM.vitaltable	WaveEdit Online (CC0)	103.641	0.564	0.502	0.231	0.001	1.619	0.185
SYNTHESI WT.xrni	texture and noise	/home/meneses/.local/share/vital/WaveEdit Online/Wavetables/SYNTHESI.vitaltable	WaveEdit Online (CC0)	173.250	0.480	-0.127	0.504	0.032	2.583	0.144
SYNTHETI WT.xrni	texture and noise	/home/meneses/.local/share/vital/WaveEdit Online/Wavetables/SYNTHETI.vitaltable	WaveEdit Online (CC0)	81.513	0.468	0.139	0.364	0.001	1.836	0.128
TABLE_TI WT.xrni	texture and noise	/home/meneses/.local/share/vital/WaveEdit Online/Wavetables/TABLE_TI.vitaltable	WaveEdit Online (CC0)	25.629	0.485	-0.393	0.552	0.004	2.243	0.195
TALKING WT.xrni	texture and noise	/home/meneses/.local/share/vital/WaveEdit Online/Wavetables/TALKING.vitaltable	WaveEdit Online (CC0)	96.033	0.512	-0.411	0.341	0.046	2.500	0.120
TEAR_UP WT.xrni	texture and noise	/home/meneses/.local/share/vital/WaveEdit Online/Wavetables/TEAR_UP.vitaltable	WaveEdit Online (CC0)	209.332	0.433	-1.177	0.639	0.004	2.875	0.117
TEXTURE4 WT.xrni	texture and noise	/home/meneses/.local/share/vital/WaveEdit Online/Wavetables/TEXTURE4.vitaltable	WaveEdit Online (CC0)	163.916	0.523	-1.812	0.347	0.053	3.444	0.106
TIDYB017 WT.xrni	texture and noise	/home/meneses/.local/share/vital/WaveEdit Online/Wavetables/TIDYB017.vitaltable	WaveEdit Online (CC0)	53.526	0.522	-1.179	0.493	0.046	1.737	0.103
TIDYB021 WT.xrni	texture and noise	/home/meneses/.local/share/vital/WaveEdit Online/Wavetables/TIDYB021.vitaltable	WaveEdit Online (CC0)	65.142	0.472	-1.140	0.492	0.039	1.464	0.121
TIDYB022 WT.xrni	texture and noise	/home/meneses/.local/share/vital/WaveEdit Online/Wavetables/TIDYB022.vitaltable	WaveEdit Online (CC0)	80.025	0.568	-1.200	0.557	0.098	1.678	0.152
TIDYB024 WT.xrni	texture and noise	/home/meneses/.local/share/vital/WaveEdit Online/Wavetables/TIDYB024.vitaltable	WaveEdit Online (CC0)	61.855	0.416	-1.306	0.402	0.042	1.721	0.109
TIDYB025 WT.xrni	texture and noise	/home/meneses/.local/share/vital/WaveEdit Online/Wavetables/TIDYB025.vitaltable	WaveEdit Online (CC0)	94.852	0.476	-1.158	0.492	0.010	1.670	0.135
TIDYB026 WT.xrni	texture and noise	/home/meneses/.local/share/vital/WaveEdit Online/Wavetables/TIDYB026.vitaltable	WaveEdit Online (CC0)	95.901	0.513	-1.024	0.525	0.025	1.737	0.133
TIDYB027 WT.xrni	texture and noise	/home/meneses/.local/share/vital/WaveEdit Online/Wavetables/TIDYB027.vitaltable	WaveEdit Online (CC0)	88.442	0.529	-0.782	0.573	0.031	1.610	0.153
TIDYB028 WT.xrni	texture and noise	/home/meneses/.local/share/vital/WaveEdit Online/Wavetables/TIDYB028.vitaltable	WaveEdit Online (CC0)	80.534	0.555	-0.967	0.532	0.029	1.754	0.136
TIDYB030 WT.xrni	texture and noise	/home/meneses/.local/share/vital/WaveEdit Online/Wavetables/TIDYB030.vitaltable	WaveEdit Online (CC0)	99.296	0.486	-0.953	0.563	0.011	1.943	0.147
TIDYB031 WT.xrni	texture and noise	/home/meneses/.local/share/vital/WaveEdit Online/Wavetables/TIDYB031.vitaltable	WaveEdit Online (CC0)	116.080	0.542	-1.155	0.571	0.077	1.856	0.185
TIDYB033 WT.xrni	texture and noise	/home/meneses/.local/share/vital/WaveEdit Online/Wavetables/TIDYB033.vitaltable	WaveEdit Online (CC0)	112.899	0.510	-0.866	0.559	0.026	2.026	0.148
TIDYB034 WT.xrni	texture and noise	/home/meneses/.local/share/vital/WaveEdit Online/Wavetables/TIDYB034.vitaltable	WaveEdit Online (CC0)	87.837	0.520	-1.173	0.579	0.056	1.799	0.134
TIDYB035 WT.xrni	texture and noise	/home/meneses/.local/share/vital/WaveEdit Online/Wavetables/TIDYB035.vitaltable	WaveEdit Online (CC0)	80.703	0.517	-1.582	0.483	0.018	1.914	0.108
TIDYB037 WT.xrni	texture and noise	/home/meneses/.local/share/vital/WaveEdit Online/Wavetables/TIDYB037.vitaltable	WaveEdit Online (CC0)	112.317	0.495	-1.185	0.592	0.024	1.991	0.137
TIDYB038 WT.xrni	texture and noise	/home/meneses/.local/share/vital/WaveEdit Online/Wavetables/TIDYB038.vitaltable	WaveEdit Online (CC0)	78.095	0.503	-1.291	0.561	0.031	1.554	0.125
TIDYB039 WT.xrni	texture and noise	/home/meneses/.local/share/vital/WaveEdit Online/Wavetables/TIDYB039.vitaltable	WaveEdit Online (CC0)	69.802	0.546	-1.259	0.573	0.019	1.558	0.135
TIDYB042 WT.xrni	texture and noise	/home/meneses/.local/share/vital/WaveEdit Online/Wavetables/TIDYB042.vitaltable	WaveEdit Online (CC0)	63.501	0.539	-0.596	0.514	0.002	1.504	0.089
TIDYB043 WT.xrni	texture and noise	/home/meneses/.local/share/vital/WaveEdit Online/Wavetables/TIDYB043.vitaltable	WaveEdit Online (CC0)	55.880	0.460	-0.758	0.504	0.005	1.491	0.104
TIDYB044 WT.xrni	texture and noise	/home/meneses/.local/share/vital/WaveEdit Online/Wavetables/TIDYB044.vitaltable	WaveEdit Online (CC0)	78.731	0.525	-0.685	0.517	0.012	1.656	0.128
TIDYB045 WT.xrni	texture and noise	/home/meneses/.local/share/vital/WaveEdit Online/Wavetables/TIDYB045.vitaltable	WaveEdit Online (CC0)	123.955	0.486	-1.239	0.618	0.039	1.432	0.196
TIDYB046 WT.xrni	texture and noise	/home/meneses/.local/share/vital/WaveEdit Online/Wavetables/TIDYB046.vitaltable	WaveEdit Online (CC0)	106.161	0.500	-1.300	0.603	0.015	1.583	0.181
TIDYB047 WT.xrni	texture and noise	/home/meneses/.local/share/vital/WaveEdit Online/Wavetables/TIDYB047.vitaltable	WaveEdit Online (CC0)	94.326	0.485	-1.032	0.567	0.027	1.589	0.140
TIDYB048 WT.xrni	texture and noise	/home/meneses/.local/share/vital/WaveEdit Online/Wavetables/TIDYB048.vitaltable	WaveEdit Online (CC0)	57.802	0.459	-0.811	0.491	0.013	1.446	0.106
TIDYB049 WT.xrni	texture and noise	/home/meneses/.local/share/vital/WaveEdit Online/Wavetables/TIDYB049.vitaltable	WaveEdit Online (CC0)	108.726	0.548	-1.064	0.541	0.052	1.571	0.160
TIDYB050 WT.xrni	texture and noise	/home/meneses/.local/share/vital/WaveEdit Online/Wavetables/TIDYB050.vitaltable	WaveEdit Online (CC0)	77.264	0.551	-0.770	0.541	0.131	1.596	0.110
TIDYB051 WT.xrni	texture and noise	/home/meneses/.local/share/vital/WaveEdit Online/Wavetables/TIDYB051.vitaltable	WaveEdit Online (CC0)	86.689	0.515	-0.976	0.533	0.033	1.669	0.133
TIDYB052 WT.xrni	texture and noise	/home/meneses/.local/share/vital/WaveEdit Online/Wavetables/TIDYB052.vitaltable	WaveEdit Online (CC0)	109.388	0.509	-0.587	0.569	0.013	1.546	0.194
TIDYB053 WT.xrni	texture and noise	/home/meneses/.local/share/vital/WaveEdit Online/Wavetables/TIDYB053.vitaltable	WaveEdit Online (CC0)	78.477	0.474	-0.745	0.528	0.048	1.456	0.160
TIDYB054 WT.xrni	texture and noise	/home/meneses/.local/share/vital/WaveEdit Online/Wavetables/TIDYB054.vitaltable	WaveEdit Online (CC0)	86.597	0.494	-1.049	0.561	0.050	1.433	0.171
TIDYB056 WT.xrni	texture and noise	/home/meneses/.local/share/vital/WaveEdit Online/Wavetables/TIDYB056.vitaltable	WaveEdit Online (CC0)	79.368	0.529	-1.196	0.543	0.037	1.425	0.162
TIDYB057 WT.xrni	texture and noise	/home/meneses/.local/share/vital/WaveEdit Online/Wavetables/TIDYB057.vitaltable	WaveEdit Online (CC0)	103.310	0.470	-1.397	0.627	0.031	1.651	0.152
TIDYB058 WT.xrni	texture and noise	/home/meneses/.local/share/vital/WaveEdit Online/Wavetables/TIDYB058.vitaltable	WaveEdit Online (CC0)	59.363	0.516	-1.061	0.514	0.087	1.463	0.135
TIDYB059 WT.xrni	texture and noise	/home/meneses/.local/share/vital/WaveEdit Online/Wavetables/TIDYB059.vitaltable	WaveEdit Online (CC0)	16.430	0.697	-1.272	0.573	0.469	1.633	0.177
TIDYB060 WT.xrni	texture and noise	/home/meneses/.local/share/vital/WaveEdit Online/Wavetables/TIDYB060.vitaltable	WaveEdit Online (CC0)	113.501	0.470	-1.566	0.619	0.052	1.410	0.184
TIDYB061 WT.xrni	texture and noise	/home/meneses/.local/share/vital/WaveEdit Online/Wavetables/TIDYB061.vitaltable	WaveEdit Online (CC0)	50.776	0.470	-0.968	0.492	0.023	1.834	0.092
TIDYB062 WT.xrni	texture and noise	/home/meneses/.local/share/vital/WaveEdit Online/Wavetables/TIDYB062.vitaltable	WaveEdit Online (CC0)	70.287	0.515	-0.931	0.544	0.062	1.594	0.139
TIDYB063 WT.xrni	texture and noise	/home/meneses/.local/share/vital/WaveEdit Online/Wavetables/TIDYB063.vitaltable	WaveEdit Online (CC0)	96.521	0.478	-1.115	0.574	0.016	1.625	0.157
TIDYB064 WT.xrni	texture and noise	/home/meneses/.local/share/vital/WaveEdit Online/Wavetables/TIDYB064.vitaltable	WaveEdit Online (CC0)	88.183	0.535	-1.375	0.556	0.047	1.601	0.159
TIDYB065 WT.xrni	texture and noise	/home/meneses/.local/share/vital/WaveEdit Online/Wavetables/TIDYB065.vitaltable	WaveEdit Online (CC0)	97.726	0.469	-1.266	0.508	0.034	1.578	0.185
TIDYB067 WT.xrni	texture and noise	/home/meneses/.local/share/vital/WaveEdit Online/Wavetables/TIDYB067.vitaltable	WaveEdit Online (CC0)	87.493	0.544	-0.339	0.545	0.009	1.266	0.153
TIDYB068 WT.xrni	texture and noise	/home/meneses/.local/share/vital/WaveEdit Online/Wavetables/TIDYB068.vitaltable	WaveEdit Online (CC0)	96.377	0.500	-0.762	0.560	0.022	1.363	0.179
TIDYB069 WT.xrni	texture and noise	/home/meneses/.local/share/vital/WaveEdit Online/Wavetables/TIDYB069.vitaltable	WaveEdit Online (CC0)	103.870	0.531	-0.506	0.577	0.021	1.380	0.178
TIDYB070 WT.xrni	texture and noise	/home/meneses/.local/share/vital/WaveEdit Online/Wavetables/TIDYB070.vitaltable	WaveEdit Online (CC0)	107.607	0.485	-1.083	0.596	0.027	1.624	0.200
TIDYB071 WT.xrni	texture and noise	/home/meneses/.local/share/vital/WaveEdit Online/Wavetables/TIDYB071.vitaltable	WaveEdit Online (CC0)	68.568	0.523	-0.862	0.529	0.034	1.377	0.136
TIDYB072 WT.xrni	texture and noise	/home/meneses/.local/share/vital/WaveEdit Online/Wavetables/TIDYB072.vitaltable	WaveEdit Online (CC0)	99.690	0.515	-1.023	0.562	0.036	1.515	0.203
TIDYB074 WT.xrni	texture and noise	/home/meneses/.local/share/vital/WaveEdit Online/Wavetables/TIDYB074.vitaltable	WaveEdit Online (CC0)	82.211	0.510	-0.781	0.415	0.009	1.715	0.156
TIDYB075 WT.xrni	texture and noise	/home/meneses/.local/share/vital/WaveEdit Online/Wavetables/TIDYB075.vitaltable	WaveEdit Online (CC0)	165.424	0.530	-1.077	0.558	0.058	1.585	0.247
TIDYB076 WT.xrni	texture and noise	/home/meneses/.local/share/vital/WaveEdit Online/Wavetables/TIDYB076.vitaltable	WaveEdit Online (CC0)	87.281	0.533	-0.910	0.575	0.026	1.604	0.165
TIDYB077 WT.xrni	texture and noise	/home/meneses/.local/share/vital/WaveEdit Online/Wavetables/TIDYB077.vitaltable	WaveEdit Online (CC0)	69.309	0.507	-0.852	0.523	0.013	1.476	0.142
TWISTED_ WT.xrni	texture and noise	/home/meneses/.local/share/vital/WaveEdit Online/Wavetables/TWISTED_.vitaltable	WaveEdit Online (CC0)	171.266	0.574	-0.653	0.683	0.059	2.088	0.177
VINCENT_ WT.xrni	texture and noise	/home/meneses/.local/share/vital/WaveEdit Online/Wavetables/VINCENT_.vitaltable	WaveEdit Online (CC0)	150.879	0.533	-0.842	0.648	0.079	2.151	0.156
VOICE_A WT.xrni	texture and noise	/home/meneses/.local/share/vital/WaveEdit Online/Wavetables/VOICE_A.vitaltable	WaveEdit Online (CC0)	49.395	0.439	-0.741	0.373	0.013	1.280	0.189
WINDOW_S WT.xrni	texture and noise	/home/meneses/.local/share/vital/WaveEdit Online/Wavetables/WINDOW_S.vitaltable	WaveEdit Online (CC0)	275.850	0.478	-0.162	0.212	0.000	2.198	0.234
ALTO_SAX WT.xrni	white noise	/home/meneses/.local/share/vital/WaveEdit Online/Wavetables/ALTO_SAX.vitaltable	WaveEdit Online (CC0)	455.277	0.490	-0.462	0.121	0.000	3.415	0.209
A_55HZ_- WT.xrni	white noise	/home/meneses/.local/share/vital/WaveEdit Online/Wavetables/A_55HZ_-.vitaltable	WaveEdit Online (CC0)	398.527	0.512	0.072	0.549	0.000	1.053	0.685
BOWED_00 WT.xrni	white noise	/home/meneses/.local/share/vital/WaveEdit Online/Wavetables/BOWED_00.vitaltable	WaveEdit Online (CC0)	682.511	0.337	-2.374	0.282	0.011	2.557	0.549
Chebyshev poly1 WT.xrni	white noise	/home/meneses/.local/share/vital/Kimura Taro/Wavetables/Chebyshev polynomials/Chebyshev poly1.vitaltable	Kimura Taro (CC0)	180.186	0.617	-0.598	0.723	0.014	1.406	0.378
Dub Siren Accurater WT.xrni	white noise	/home/meneses/.local/share/vital/VitalPresets/Presets/Dub Siren Accurater.vital	user/Discord presets (third-party)	29.489	0.795	-0.099	0.804	0.005	1.809	0.653
Dub Siren Accurish WT.xrni	white noise	/home/meneses/.local/share/vital/VitalPresets/Presets/Dub Siren Accurish.vital	user/Discord presets (third-party)	29.484	0.795	-0.101	0.803	0.005	1.808	0.653
Dub Siren Bleep Echo WT.xrni	white noise	/home/meneses/.local/share/vital/VitalPresets/Presets/Dub Siren Bleep Echo.vital	user/Discord presets (third-party)	13.530	0.480	0.027	0.811	0.021	1.739	0.650
ELOB_C WT.xrni	white noise	/home/meneses/.local/share/vital/WaveEdit Online/Wavetables/ELOB_C.vitaltable	WaveEdit Online (CC0)	404.701	0.494	-0.067	0.819	0.001	1.811	0.481
Electronic Marching Snare WT.xrni	white noise	/home/meneses/.local/share/vital/Vital Harvest/Presets/Electronic Marching Snare.vital	other	512.000	0.500	-0.000	0.988	0.001	3.575	0.266
GLITCHBO WT.xrni	white noise	/home/meneses/.local/share/vital/WaveEdit Online/Wavetables/GLITCHBO.vitaltable	WaveEdit Online (CC0)	354.998	0.509	-0.717	0.605	0.005	2.576	0.223
LFO Tool6 WT.xrni	white noise	/home/meneses/.local/share/vital/Kimura Taro/Wavetables/LFO Tools/LFO Tool6.vitaltable	Kimura Taro (CC0)	517.482	0.501	-0.091	0.856	0.001	1.979	0.372
MSelfFB04 WT.xrni	white noise	/home/meneses/.local/share/vital/Kimura Taro/Wavetables/MSelfFB/MSelfFB04.vitaltable	Kimura Taro (CC0)	357.957	0.523	-0.465	0.815	0.008	3.170	0.215
NOISE_WA WT.xrni	white noise	/home/meneses/.local/share/vital/WaveEdit Online/Wavetables/NOISE_WA.vitaltable	WaveEdit Online (CC0)	384.208	0.498	-0.269	0.749	0.004	1.558	0.535
Noise WalshDe WT.xrni	white noise	/home/meneses/.local/share/vital/Kimura Taro/Wavetables/Noise/Noise WalshDe.vitaltable	Kimura Taro (CC0)	434.770	0.550	-0.545	0.011	0.000	3.038	0.312
Noise WalshIDY WT.xrni	white noise	/home/meneses/.local/share/vital/Kimura Taro/Wavetables/Noise/Noise WalshIDY.vitaltable	Kimura Taro (CC0)	510.738	0.494	0.059	0.579	0.001	3.642	0.259
PMSimple Noise WT.xrni	white noise	/home/meneses/.local/share/vital/Kimura Taro/Wavetables/PM[Simple]/PMSimple Noise.vitaltable	Kimura Taro (CC0)	514.430	0.664	0.002	0.792	0.001	1.442	0.769
PPG_UPPE WT.xrni	white noise	/home/meneses/.local/share/vital/WaveEdit Online/Wavetables/PPG_UPPE.vitaltable	WaveEdit Online (CC0)	308.493	0.327	0.087	0.259	0.000	2.465	0.317
SINE_N WT.xrni	white noise	/home/meneses/.local/share/vital/WaveEdit Online/Wavetables/SINE_N.vitaltable	WaveEdit Online (CC0)	259.990	0.500	-0.056	0.032	0.000	1.416	0.362
SOHLER49 WT.xrni	white noise	/home/meneses/.local/share/vital/WaveEdit Online/Wavetables/SOHLER49.vitaltable	WaveEdit Online (CC0)	301.663	0.587	-1.091	0.317	0.010	1.571	0.499
SYNLP157 WT.xrni	white noise	/home/meneses/.local/share/vital/WaveEdit Online/Wavetables/SYNLP157.vitaltable	WaveEdit Online (CC0)	240.085	0.190	0.269	0.249	0.000	1.596	0.388
SYNLP158 WT.xrni	white noise	/home/meneses/.local/share/vital/WaveEdit Online/Wavetables/SYNLP158.vitaltable	WaveEdit Online (CC0)	240.193	0.185	0.491	0.256	0.000	1.603	0.387
SYNLP193 WT.xrni	white noise	/home/meneses/.local/share/vital/WaveEdit Online/Wavetables/SYNLP193.vitaltable	WaveEdit Online (CC0)	200.487	0.122	0.842	0.103	0.000	1.414	0.382
SYNLP67 WT.xrni	white noise	/home/meneses/.local/share/vital/WaveEdit Online/Wavetables/SYNLP67.vitaltable	WaveEdit Online (CC0)	268.673	0.673	0.449	0.634	0.000	2.054	0.319
SYNLP87 WT.xrni	white noise	/home/meneses/.local/share/vital/WaveEdit Online/Wavetables/SYNLP87.vitaltable	WaveEdit Online (CC0)	741.353	0.493	-0.145	0.156	0.000	2.651	0.404
TELEPHON WT.xrni	white noise	/home/meneses/.local/share/vital/WaveEdit Online/Wavetables/TELEPHON.vitaltable	WaveEdit Online (CC0)	422.290	0.492	0.530	0.500	0.000	1.396	0.682
ULTRA_CH WT.xrni	white noise	/home/meneses/.local/share/vital/WaveEdit Online/Wavetables/ULTRA_CH.vitaltable	WaveEdit Online (CC0)	413.711	0.515	-0.029	0.771	0.000	1.406	0.691
VARIOUS_ WT.xrni	white noise	/home/meneses/.local/share/vital/WaveEdit Online/Wavetables/VARIOUS_.vitaltable	WaveEdit Online (CC0)	260.691	0.497	-0.276	0.731	0.002	1.467	0.421
WOWEE WT.xrni	white noise	/home/meneses/.local/share/vital/WaveEdit Online/Wavetables/WOWEE.vitaltable	WaveEdit Online (CC0)	379.214	0.468	-0.887	0.464	0.002	1.979	0.489
ZAP WT.xrni	white noise	/home/meneses/.local/share/vital/WaveEdit Online/Wavetables/ZAP.vitaltable	WaveEdit Online (CC0)	433.683	0.499	0.630	0.661	0.000	3.707	0.158
