instrument	category	source_table	collection
110A PWM WT.xrni	additive and organ	/home/meneses/.local/share/vital/Kimura Taro/Wavetables/Softbe Modular/110A PWM.vitaltable	Kimura Taro (CC0)
259e-G1 WT.xrni	additive and organ	/home/meneses/.local/share/vital/Kimura Taro/Wavetables/Softbe Modular/259e-G1.vitaltable	Kimura Taro (CC0)
259e-G2 WT.xrni	additive and organ	/home/meneses/.local/share/vital/Kimura Taro/Wavetables/Softbe Modular/259e-G2.vitaltable	Kimura Taro (CC0)
259e-G3 WT.xrni	additive and organ	/home/meneses/.local/share/vital/Kimura Taro/Wavetables/Softbe Modular/259e-G3.vitaltable	Kimura Taro (CC0)
259e-G4 WT.xrni	additive and organ	/home/meneses/.local/share/vital/Kimura Taro/Wavetables/Softbe Modular/259e-G4.vitaltable	Kimura Taro (CC0)
259e-G6 WT.xrni	additive and organ	/home/meneses/.local/share/vital/Kimura Taro/Wavetables/Softbe Modular/259e-G6.vitaltable	Kimura Taro (CC0)
259e-Mix2 WT.xrni	additive and organ	/home/meneses/.local/share/vital/Kimura Taro/Wavetables/Buchla 259e-Red/259e-Mix2.vitaltable	Kimura Taro (CC0)
259e-Mix4 WT.xrni	additive and organ	/home/meneses/.local/share/vital/Kimura Taro/Wavetables/Buchla 259e-Red/259e-Mix4.vitaltable	Kimura Taro (CC0)
259e-R6 WT.xrni	additive and organ	/home/meneses/.local/share/vital/Kimura Taro/Wavetables/Buchla 259e-Red/259e-R6.vitaltable	Kimura Taro (CC0)
259e1 WT.xrni	additive and organ	/home/meneses/.local/share/vital/Kimura Taro/Wavetables/Softbe Modular/259e1.vitaltable	Kimura Taro (CC0)
259e2 WT.xrni	additive and organ	/home/meneses/.local/share/vital/Kimura Taro/Wavetables/Softbe Modular/259e2.vitaltable	Kimura Taro (CC0)
303 WT.xrni	additive and organ	/home/meneses/.local/share/vital/WaveEdit Online/Wavetables/303.vitaltable	WaveEdit Online (CC0)
A4TriAMLPF WT.xrni	additive and organ	/home/meneses/.local/share/vital/Kimura Taro/Wavetables/AnalogFour/A4TriAMLPF.vitaltable	Kimura Taro (CC0)
ALPHA_2_ WT.xrni	additive and organ	/home/meneses/.local/share/vital/WaveEdit Online/Wavetables/ALPHA_2_.vitaltable	WaveEdit Online (CC0)
AM_SINE WT.xrni	additive and organ	/home/meneses/.local/share/vital/WaveEdit Online/Wavetables/AM_SINE.vitaltable	WaveEdit Online (CC0)
Add Bell WT.xrni	additive and organ	/home/meneses/.local/share/vital/Kimura Taro/Wavetables/Additive Synth/Add Bell.vitaltable	Kimura Taro (CC0)
Add Synth1 WT.xrni	additive and organ	/home/meneses/.local/share/vital/Kimura Taro/Wavetables/Additive Synth/Add Synth1.vitaltable	Kimura Taro (CC0)
Add Synth2 WT.xrni	additive and organ	/home/meneses/.local/share/vital/Kimura Taro/Wavetables/Additive Synth/Add Synth2.vitaltable	Kimura Taro (CC0)
Add Synth2 Walsh IDY WT.xrni	additive and organ	/home/meneses/.local/share/vital/Kimura Taro/Wavetables/Additive Synth/Add Synth2 Walsh IDY.vitaltable	Kimura Taro (CC0)
Add Synth5 IcarusBell WT.xrni	additive and organ	/home/meneses/.local/share/vital/Kimura Taro/Wavetables/Additive Synth/Add Synth5 IcarusBell.vitaltable	Kimura Taro (CC0)
Audacity DrawSaw WT.xrni	additive and organ	/home/meneses/.local/share/vital/Kimura Taro/Wavetables/Audacity/Audacity DrawSaw.vitaltable	Kimura Taro (CC0)
Audacity Wave Harm WT.xrni	additive and organ	/home/meneses/.local/share/vital/Kimura Taro/Wavetables/Audacity/Audacity Wave Harm.vitaltable	Kimura Taro (CC0)
BANK_B WT.xrni	additive and organ	/home/meneses/.local/share/vital/WaveEdit Online/Wavetables/BANK_B.vitaltable	WaveEdit Online (CC0)
BRAIDS02 WT.xrni	additive and organ	/home/meneses/.local/share/vital/WaveEdit Online/Wavetables/BRAIDS02.vitaltable	WaveEdit Online (CC0)
BRAIDS04 WT.xrni	additive and organ	/home/meneses/.local/share/vital/WaveEdit Online/Wavetables/BRAIDS04.vitaltable	WaveEdit Online (CC0)
Bazille PD2 WT.xrni	additive and organ	/home/meneses/.local/share/vital/Kimura Taro/Wavetables/Bazille/Bazille PD2.vitaltable	Kimura Taro (CC0)
Bazille PD3 Icarus Mod WT.xrni	additive and organ	/home/meneses/.local/share/vital/Kimura Taro/Wavetables/Bazille/Bazille PD3 Icarus Mod.vitaltable	Kimura Taro (CC0)
Bazille PDFR1 WT.xrni	additive and organ	/home/meneses/.local/share/vital/Kimura Taro/Wavetables/Bazille/Bazille PDFR1.vitaltable	Kimura Taro (CC0)
Bug4 WT.xrni	additive and organ	/home/meneses/.local/share/vital/Kimura Taro/Wavetables/Icarus Bugs/Bug4.vitaltable	Kimura Taro (CC0)
Bug5 WT.xrni	additive and organ	/home/meneses/.local/share/vital/Kimura Taro/Wavetables/Icarus Bugs/Bug5.vitaltable	Kimura Taro (CC0)
CYBORG WT.xrni	additive and organ	/home/meneses/.local/share/vital/WaveEdit Online/Wavetables/CYBORG.vitaltable	WaveEdit Online (CC0)
Circle VPS WT.xrni	additive and organ	/home/meneses/.local/share/vital/Kimura Taro/Wavetables/Vector Phase Modulation/Circle VPS.vitaltable	Kimura Taro (CC0)
DN CpxMod WT.xrni	additive and organ	/home/meneses/.local/share/vital/Kimura Taro/Wavetables/Digitone/DN CpxMod.vitaltable	Kimura Taro (CC0)
DarkSynth5 WT.xrni	additive and organ	/home/meneses/.local/share/vital/Kimura Taro/Wavetables/AmaizingNoises DarkSynth/DarkSynth5.vitaltable	Kimura Taro (CC0)
DarkSynth6 WT.xrni	additive and organ	/home/meneses/.local/share/vital/Kimura Taro/Wavetables/AmaizingNoises DarkSynth/DarkSynth6.vitaltable	Kimura Taro (CC0)
FM FB2 WT.xrni	additive and organ	/home/meneses/.local/share/vital/Kimura Taro/Wavetables/FM Feedback/FM FB2.vitaltable	Kimura Taro (CC0)
FM8bit WT.xrni	additive and organ	/home/meneses/.local/share/vital/Kimura Taro/Wavetables/FM/FM8bit.vitaltable	Kimura Taro (CC0)
FMADDI02 WT.xrni	additive and organ	/home/meneses/.local/share/vital/WaveEdit Online/Wavetables/FMADDI02.vitaltable	WaveEdit Online (CC0)
FMAdditive1 WT.xrni	additive and organ	/home/meneses/.local/share/vital/Kimura Taro/Wavetables/FM/FMAdditive1.vitaltable	Kimura Taro (CC0)
FMAdditive2 WT.xrni	additive and organ	/home/meneses/.local/share/vital/Kimura Taro/Wavetables/FM/FMAdditive2.vitaltable	Kimura Taro (CC0)
FMFBNoise WT.xrni	additive and organ	/home/meneses/.local/share/vital/Kimura Taro/Wavetables/FM/FMFBNoise.vitaltable	Kimura Taro (CC0)
FMFeedback1 WT.xrni	additive and organ	/home/meneses/.local/share/vital/Kimura Taro/Wavetables/FM/FMFeedback1.vitaltable	Kimura Taro (CC0)
Folding1 WT.xrni	additive and organ	/home/meneses/.local/share/vital/Kimura Taro/Wavetables/Folding/Folding1.vitaltable	Kimura Taro (CC0)
Folding2 WT.xrni	additive and organ	/home/meneses/.local/share/vital/Kimura Taro/Wavetables/Folding/Folding2.vitaltable	Kimura Taro (CC0)
Folding3 WT.xrni	additive and organ	/home/meneses/.local/share/vital/Kimura Taro/Wavetables/Folding/Folding3.vitaltable	Kimura Taro (CC0)
Formant2 WT.xrni	additive and organ	/home/meneses/.local/share/vital/Kimura Taro/Wavetables/Formant/Formant2.vitaltable	Kimura Taro (CC0)
Fourier2 WT.xrni	additive and organ	/home/meneses/.local/share/vital/Kimura Taro/Wavetables/ck.fourier 1.0/Fourier2.vitaltable	Kimura Taro (CC0)
GRAV-C3 WT.xrni	additive and organ	/home/meneses/.local/share/vital/WaveEdit Online/Wavetables/GRAV-C3.vitaltable	WaveEdit Online (CC0)
GRAV-C5 WT.xrni	additive and organ	/home/meneses/.local/share/vital/WaveEdit Online/Wavetables/GRAV-C5.vitaltable	WaveEdit Online (CC0)
HIENHARM WT.xrni	additive and organ	/home/meneses/.local/share/vital/WaveEdit Online/Wavetables/HIENHARM.vitaltable	WaveEdit Online (CC0)
Half Clip6 WT.xrni	additive and organ	/home/meneses/.local/share/vital/Kimura Taro/Wavetables/Half Clip/Half Clip6.vitaltable	Kimura Taro (CC0)
ISOLDE WT.xrni	additive and organ	/home/meneses/.local/share/vital/WaveEdit Online/Wavetables/ISOLDE.vitaltable	WaveEdit Online (CC0)
James Bond9 WT.xrni	additive and organ	/home/meneses/.local/share/vital/Kimura Taro/Wavetables/Vocorder/James Bond9.vitaltable	Kimura Taro (CC0)
KUATO WT.xrni	additive and organ	/home/meneses/.local/share/vital/WaveEdit Online/Wavetables/KUATO.vitaltable	WaveEdit Online (CC0)
Karplus FM WT.xrni	additive and organ	/home/meneses/.local/share/vital/Kimura Taro/Wavetables/Karplus Strong/Karplus FM.vitaltable	Kimura Taro (CC0)
Karplus SM WT.xrni	additive and organ	/home/meneses/.local/share/vital/Kimura Taro/Wavetables/Karplus Strong/Karplus SM.vitaltable	Kimura Taro (CC0)
Korgasmatron1 WT.xrni	additive and organ	/home/meneses/.local/share/vital/Kimura Taro/Wavetables/Softbe Modular/Korgasmatron1.vitaltable	Kimura Taro (CC0)
M1 Clav WT.xrni	additive and organ	/home/meneses/.local/share/vital/Kimura Taro/Wavetables/M1 Wavetable[Mini][2048-44.1khz-32bit]/M1 Clav.vitaltable	Kimura Taro (CC0)
M1 Guitar1 WT.xrni	additive and organ	/home/meneses/.local/share/vital/Kimura Taro/Wavetables/M1 Wavetable[Mini][2048-44.1khz-32bit]/M1 Guitar1.vitaltable	Kimura Taro (CC0)
M1 MuteTB WT.xrni	additive and organ	/home/meneses/.local/share/vital/Kimura Taro/Wavetables/M1 Wavetable[Mini][2048-44.1khz-32bit]/M1 MuteTB.vitaltable	Kimura Taro (CC0)
M1 PianoI WT.xrni	additive and organ	/home/meneses/.local/share/vital/Kimura Taro/Wavetables/M1 Piano/M1 PianoI.vitaltable	Kimura Taro (CC0)
M1-SCWs WT.xrni	additive and organ	/home/meneses/.local/share/vital/Kimura Taro/Wavetables/M1 Wavetable[Mini][2048-44.1khz-32bit]/M1-SCWs.vitaltable	Kimura Taro (CC0)
M1PianoFFT1 WT.xrni	additive and organ	/home/meneses/.local/share/vital/Kimura Taro/Wavetables/M1 Piano/M1PianoFFT1.vitaltable	Kimura Taro (CC0)
MIXED_AS WT.xrni	additive and organ	/home/meneses/.local/share/vital/WaveEdit Online/Wavetables/MIXED_AS.vitaltable	WaveEdit Online (CC0)
MP P10-PS2 WT.xrni	additive and organ	/home/meneses/.local/share/vital/Kimura Taro/Wavetables/Korg Analog  Synth PhaseShift2/MP P10-PS2.vitaltable	Kimura Taro (CC0)
MS 20 Saw MPS WT.xrni	additive and organ	/home/meneses/.local/share/vital/Kimura Taro/Wavetables/Korg Analog  Synth PhaseShift1/MS 20 Saw MPS.vitaltable	Kimura Taro (CC0)
Melda CustumWave3 IcarusBell WT.xrni	additive and organ	/home/meneses/.local/share/vital/Kimura Taro/Wavetables/Melda Oscillator/Melda CustumWave3 IcarusBell.vitaltable	Kimura Taro (CC0)
Melda CustumWave3 IcarusDenoise WT.xrni	additive and organ	/home/meneses/.local/share/vital/Kimura Taro/Wavetables/Melda Oscillator/Melda CustumWave3 IcarusDenoise.vitaltable	Kimura Taro (CC0)
Modulo10 WT.xrni	additive and organ	/home/meneses/.local/share/vital/Kimura Taro/Wavetables/Modulo/Modulo10.vitaltable	Kimura Taro (CC0)
MonoPoly P10 PS1 WT.xrni	additive and organ	/home/meneses/.local/share/vital/Kimura Taro/Wavetables/Korg Analog  Synth PhaseShift1/MonoPoly P10 PS1.vitaltable	Kimura Taro (CC0)
OP1 Digital02 WT.xrni	additive and organ	/home/meneses/.local/share/vital/Kimura Taro/Wavetables/TE OP-1/OP1 Digital02.vitaltable	Kimura Taro (CC0)
OP1 Digital03I WT.xrni	additive and organ	/home/meneses/.local/share/vital/Kimura Taro/Wavetables/TE OP-1/OP1 Digital03I.vitaltable	Kimura Taro (CC0)
OP1 Digital05 WT.xrni	additive and organ	/home/meneses/.local/share/vital/Kimura Taro/Wavetables/TE OP-1/OP1 Digital05.vitaltable	Kimura Taro (CC0)
OP1 DrWave01 WT.xrni	additive and organ	/home/meneses/.local/share/vital/Kimura Taro/Wavetables/TE OP-1/OP1 DrWave01.vitaltable	Kimura Taro (CC0)
OP1 DrWave02I WT.xrni	additive and organ	/home/meneses/.local/share/vital/Kimura Taro/Wavetables/TE OP-1/OP1 DrWave02I.vitaltable	Kimura Taro (CC0)
OP1 DrWave03 WT.xrni	additive and organ	/home/meneses/.local/share/vital/Kimura Taro/Wavetables/TE OP-1/OP1 DrWave03.vitaltable	Kimura Taro (CC0)
OP1 DrWave04 WT.xrni	additive and organ	/home/meneses/.local/share/vital/Kimura Taro/Wavetables/TE OP-1/OP1 DrWave04.vitaltable	Kimura Taro (CC0)
OP1 DrWave05I WT.xrni	additive and organ	/home/meneses/.local/share/vital/Kimura Taro/Wavetables/TE OP-1/OP1 DrWave05I.vitaltable	Kimura Taro (CC0)
OP1 DrWave09 WT.xrni	additive and organ	/home/meneses/.local/share/vital/Kimura Taro/Wavetables/TE OP-1/OP1 DrWave09.vitaltable	Kimura Taro (CC0)
OP1 Phase01 WT.xrni	additive and organ	/home/meneses/.local/share/vital/Kimura Taro/Wavetables/TE OP-1/OP1 Phase01.vitaltable	Kimura Taro (CC0)
OP1 Phase02I WT.xrni	additive and organ	/home/meneses/.local/share/vital/Kimura Taro/Wavetables/TE OP-1/OP1 Phase02I.vitaltable	Kimura Taro (CC0)
OP1 String03 WT.xrni	additive and organ	/home/meneses/.local/share/vital/Kimura Taro/Wavetables/TE OP-1/OP1 String03.vitaltable	Kimura Taro (CC0)
OP1 String05I WT.xrni	additive and organ	/home/meneses/.local/share/vital/Kimura Taro/Wavetables/TE OP-1/OP1 String05I.vitaltable	Kimura Taro (CC0)
OP1 String06 WT.xrni	additive and organ	/home/meneses/.local/share/vital/Kimura Taro/Wavetables/TE OP-1/OP1 String06.vitaltable	Kimura Taro (CC0)
OP1 String07I WT.xrni	additive and organ	/home/meneses/.local/share/vital/Kimura Taro/Wavetables/TE OP-1/OP1 String07I.vitaltable	Kimura Taro (CC0)
PD PWM1 WT.xrni	additive and organ	/home/meneses/.local/share/vital/Kimura Taro/Wavetables/PD PWM/PD PWM1.vitaltable	Kimura Taro (CC0)
PD PWM2 WT.xrni	additive and organ	/home/meneses/.local/share/vital/Kimura Taro/Wavetables/PD PWM/PD PWM2.vitaltable	Kimura Taro (CC0)
PD PWM5 WT.xrni	additive and organ	/home/meneses/.local/share/vital/Kimura Taro/Wavetables/PD PWM/PD PWM5.vitaltable	Kimura Taro (CC0)
PD SQ5 WT.xrni	additive and organ	/home/meneses/.local/share/vital/Kimura Taro/Wavetables/PD Square/PD SQ5.vitaltable	Kimura Taro (CC0)
PD SQ7 WT.xrni	additive and organ	/home/meneses/.local/share/vital/Kimura Taro/Wavetables/PD Square/PD SQ7.vitaltable	Kimura Taro (CC0)
PD SQ8 WT.xrni	additive and organ	/home/meneses/.local/share/vital/Kimura Taro/Wavetables/PD Square/PD SQ8.vitaltable	Kimura Taro (CC0)
PD12 WT.xrni	additive and organ	/home/meneses/.local/share/vital/Kimura Taro/Wavetables/Phase Distortion/PD12.vitaltable	Kimura Taro (CC0)
PD5 WT.xrni	additive and organ	/home/meneses/.local/share/vital/Kimura Taro/Wavetables/Phase Distortion/PD5.vitaltable	Kimura Taro (CC0)
PD6 WT.xrni	additive and organ	/home/meneses/.local/share/vital/Kimura Taro/Wavetables/Phase Distortion/PD6.vitaltable	Kimura Taro (CC0)
PD7 WT.xrni	additive and organ	/home/meneses/.local/share/vital/Kimura Taro/Wavetables/Phase Distortion/PD7.vitaltable	Kimura Taro (CC0)
PLAITS03 WT.xrni	additive and organ	/home/meneses/.local/share/vital/WaveEdit Online/Wavetables/PLAITS03.vitaltable	WaveEdit Online (CC0)
PMSimple11 Icarus Bell WT.xrni	additive and organ	/home/meneses/.local/share/vital/Kimura Taro/Wavetables/PM[Simple]/PMSimple11 Icarus Bell.vitaltable	Kimura Taro (CC0)
PMSimple14 WT.xrni	additive and organ	/home/meneses/.local/share/vital/Kimura Taro/Wavetables/PM[Simple]/PMSimple14.vitaltable	Kimura Taro (CC0)
PMSimple15 WT.xrni	additive and organ	/home/meneses/.local/share/vital/Kimura Taro/Wavetables/PM[Simple]/PMSimple15.vitaltable	Kimura Taro (CC0)
PMSimple16 WT.xrni	additive and organ	/home/meneses/.local/share/vital/Kimura Taro/Wavetables/PM[Simple]/PMSimple16.vitaltable	Kimura Taro (CC0)
PMSimple18 WT.xrni	additive and organ	/home/meneses/.local/share/vital/Kimura Taro/Wavetables/PM[Simple]/PMSimple18.vitaltable	Kimura Taro (CC0)
PMSimple2 WT.xrni	additive and organ	/home/meneses/.local/share/vital/Kimura Taro/Wavetables/PM[Simple]/PMSimple2.vitaltable	Kimura Taro (CC0)
PMSimple5 WT.xrni	additive and organ	/home/meneses/.local/share/vital/Kimura Taro/Wavetables/PM[Simple]/PMSimple5.vitaltable	Kimura Taro (CC0)
PMSimple6 WT.xrni	additive and organ	/home/meneses/.local/share/vital/Kimura Taro/Wavetables/PM[Simple]/PMSimple6.vitaltable	Kimura Taro (CC0)
PMSimple7 WT.xrni	additive and organ	/home/meneses/.local/share/vital/Kimura Taro/Wavetables/PM[Simple]/PMSimple7.vitaltable	Kimura Taro (CC0)
PMSimple9 WT.xrni	additive and organ	/home/meneses/.local/share/vital/Kimura Taro/Wavetables/PM[Simple]/PMSimple9.vitaltable	Kimura Taro (CC0)
PPG01 4bit WT.xrni	additive and organ	/home/meneses/.local/share/vital/Kimura Taro/Wavetables/PPG Wave[4bit]/PPG01 4bit.vitaltable	Kimura Taro (CC0)
PPG01 WT.xrni	additive and organ	/home/meneses/.local/share/vital/Kimura Taro/Wavetables/PPG Wave/PPG01.vitaltable	Kimura Taro (CC0)
PPG02 4bit WT.xrni	additive and organ	/home/meneses/.local/share/vital/Kimura Taro/Wavetables/PPG Wave[4bit]/PPG02 4bit.vitaltable	Kimura Taro (CC0)
PPG02 WT.xrni	additive and organ	/home/meneses/.local/share/vital/Kimura Taro/Wavetables/PPG Wave/PPG02.vitaltable	Kimura Taro (CC0)
PPG09 4bit WT.xrni	additive and organ	/home/meneses/.local/share/vital/Kimura Taro/Wavetables/PPG Wave[4bit]/PPG09 4bit.vitaltable	Kimura Taro (CC0)
PPG09 WT.xrni	additive and organ	/home/meneses/.local/share/vital/Kimura Taro/Wavetables/PPG Wave/PPG09.vitaltable	Kimura Taro (CC0)
PPG10 4bit WT.xrni	additive and organ	/home/meneses/.local/share/vital/Kimura Taro/Wavetables/PPG Wave[4bit]/PPG10 4bit.vitaltable	Kimura Taro (CC0)
PPG10 WT.xrni	additive and organ	/home/meneses/.local/share/vital/Kimura Taro/Wavetables/PPG Wave/PPG10.vitaltable	Kimura Taro (CC0)
PPG11 4bit WT.xrni	additive and organ	/home/meneses/.local/share/vital/Kimura Taro/Wavetables/PPG Wave[4bit]/PPG11 4bit.vitaltable	Kimura Taro (CC0)
PPG11 WT.xrni	additive and organ	/home/meneses/.local/share/vital/Kimura Taro/Wavetables/PPG Wave/PPG11.vitaltable	Kimura Taro (CC0)
PPG14 4bit WT.xrni	additive and organ	/home/meneses/.local/share/vital/Kimura Taro/Wavetables/PPG Wave[4bit]/PPG14 4bit.vitaltable	Kimura Taro (CC0)
PPG14 WT.xrni	additive and organ	/home/meneses/.local/share/vital/Kimura Taro/Wavetables/PPG Wave/PPG14.vitaltable	Kimura Taro (CC0)
PPG15 4bit WT.xrni	additive and organ	/home/meneses/.local/share/vital/Kimura Taro/Wavetables/PPG Wave[4bit]/PPG15 4bit.vitaltable	Kimura Taro (CC0)
PPG15 WT.xrni	additive and organ	/home/meneses/.local/share/vital/Kimura Taro/Wavetables/PPG Wave/PPG15.vitaltable	Kimura Taro (CC0)
PPG16 4bit WT.xrni	additive and organ	/home/meneses/.local/share/vital/Kimura Taro/Wavetables/PPG Wave[4bit]/PPG16 4bit.vitaltable	Kimura Taro (CC0)
PPG16 WT.xrni	additive and organ	/home/meneses/.local/share/vital/Kimura Taro/Wavetables/PPG Wave/PPG16.vitaltable	Kimura Taro (CC0)
PPG18 4bit WT.xrni	additive and organ	/home/meneses/.local/share/vital/Kimura Taro/Wavetables/PPG Wave[4bit]/PPG18 4bit.vitaltable	Kimura Taro (CC0)
PPG18 WT.xrni	additive and organ	/home/meneses/.local/share/vital/Kimura Taro/Wavetables/PPG Wave/PPG18.vitaltable	Kimura Taro (CC0)
PPG19 4bit WT.xrni	additive and organ	/home/meneses/.local/share/vital/Kimura Taro/Wavetables/PPG Wave[4bit]/PPG19 4bit.vitaltable	Kimura Taro (CC0)
PPG19 WT.xrni	additive and organ	/home/meneses/.local/share/vital/Kimura Taro/Wavetables/PPG Wave/PPG19.vitaltable	Kimura Taro (CC0)
PPG21 4bit WT.xrni	additive and organ	/home/meneses/.local/share/vital/Kimura Taro/Wavetables/PPG Wave[4bit]/PPG21 4bit.vitaltable	Kimura Taro (CC0)
PPG21 WT.xrni	additive and organ	/home/meneses/.local/share/vital/Kimura Taro/Wavetables/PPG Wave/PPG21.vitaltable	Kimura Taro (CC0)
PPG23 WT.xrni	additive and organ	/home/meneses/.local/share/vital/Kimura Taro/Wavetables/PPG Wave/PPG23.vitaltable	Kimura Taro (CC0)
PPG24 4bit WT.xrni	additive and organ	/home/meneses/.local/share/vital/Kimura Taro/Wavetables/PPG Wave[4bit]/PPG24 4bit.vitaltable	Kimura Taro (CC0)
PPG24 WT.xrni	additive and organ	/home/meneses/.local/share/vital/Kimura Taro/Wavetables/PPG Wave/PPG24.vitaltable	Kimura Taro (CC0)
PPG25 4bit WT.xrni	additive and organ	/home/meneses/.local/share/vital/Kimura Taro/Wavetables/PPG Wave[4bit]/PPG25 4bit.vitaltable	Kimura Taro (CC0)
PPG25 WT.xrni	additive and organ	/home/meneses/.local/share/vital/Kimura Taro/Wavetables/PPG Wave/PPG25.vitaltable	Kimura Taro (CC0)
PPG30 4bit WT.xrni	additive and organ	/home/meneses/.local/share/vital/Kimura Taro/Wavetables/PPG Wave[4bit]/PPG30 4bit.vitaltable	Kimura Taro (CC0)
PPG30 WT.xrni	additive and organ	/home/meneses/.local/share/vital/Kimura Taro/Wavetables/PPG Wave/PPG30.vitaltable	Kimura Taro (CC0)
PPG_WA01 WT.xrni	additive and organ	/home/meneses/.local/share/vital/WaveEdit Online/Wavetables/PPG_WA01.vitaltable	WaveEdit Online (CC0)
PPG_WA02 WT.xrni	additive and organ	/home/meneses/.local/share/vital/WaveEdit Online/Wavetables/PPG_WA02.vitaltable	WaveEdit Online (CC0)
PPG_WA09 WT.xrni	additive and organ	/home/meneses/.local/share/vital/WaveEdit Online/Wavetables/PPG_WA09.vitaltable	WaveEdit Online (CC0)
PPG_WA10 WT.xrni	additive and organ	/home/meneses/.local/share/vital/WaveEdit Online/Wavetables/PPG_WA10.vitaltable	WaveEdit Online (CC0)
PPG_WA11 WT.xrni	additive and organ	/home/meneses/.local/share/vital/WaveEdit Online/Wavetables/PPG_WA11.vitaltable	WaveEdit Online (CC0)
PPG_WA14 WT.xrni	additive and organ	/home/meneses/.local/share/vital/WaveEdit Online/Wavetables/PPG_WA14.vitaltable	WaveEdit Online (CC0)
PPG_WA18 WT.xrni	additive and organ	/home/meneses/.local/share/vital/WaveEdit Online/Wavetables/PPG_WA18.vitaltable	WaveEdit Online (CC0)
PPG_WA19 WT.xrni	additive and organ	/home/meneses/.local/share/vital/WaveEdit Online/Wavetables/PPG_WA19.vitaltable	WaveEdit Online (CC0)
PPG_WA21 WT.xrni	additive and organ	/home/meneses/.local/share/vital/WaveEdit Online/Wavetables/PPG_WA21.vitaltable	WaveEdit Online (CC0)
PPG_WA24 WT.xrni	additive and organ	/home/meneses/.local/share/vital/WaveEdit Online/Wavetables/PPG_WA24.vitaltable	WaveEdit Online (CC0)
PPG_WA30 WT.xrni	additive and organ	/home/meneses/.local/share/vital/WaveEdit Online/Wavetables/PPG_WA30.vitaltable	WaveEdit Online (CC0)
PWMSync1 WT.xrni	additive and organ	/home/meneses/.local/share/vital/Kimura Taro/Wavetables/OSC Sync+PWM/PWMSync1.vitaltable	Kimura Taro (CC0)
PWMSync2 WT.xrni	additive and organ	/home/meneses/.local/share/vital/Kimura Taro/Wavetables/OSC Sync+PWM/PWMSync2.vitaltable	Kimura Taro (CC0)
Phase2 WT.xrni	additive and organ	/home/meneses/.local/share/vital/Kimura Taro/Wavetables/Phase/Phase2.vitaltable	Kimura Taro (CC0)
Phase3 WT.xrni	additive and organ	/home/meneses/.local/share/vital/Kimura Taro/Wavetables/Phase/Phase3.vitaltable	Kimura Taro (CC0)
Phase7 WT.xrni	additive and organ	/home/meneses/.local/share/vital/Kimura Taro/Wavetables/Phase/Phase7.vitaltable	Kimura Taro (CC0)
Phase9 WT.xrni	additive and organ	/home/meneses/.local/share/vital/Kimura Taro/Wavetables/Phase/Phase9.vitaltable	Kimura Taro (CC0)
Pipe1 WT.xrni	additive and organ	/home/meneses/.local/share/vital/Kimura Taro/Wavetables/Karplus Strong/Pipe1.vitaltable	Kimura Taro (CC0)
Plaits02 WT.xrni	additive and organ	/home/meneses/.local/share/vital/Kimura Taro/Wavetables/Mutable Instruments Plaits/Plaits02.vitaltable	Kimura Taro (CC0)
Plaits03 WT.xrni	additive and organ	/home/meneses/.local/share/vital/Kimura Taro/Wavetables/Mutable Instruments Plaits/Plaits03.vitaltable	Kimura Taro (CC0)
RESO_ANA WT.xrni	additive and organ	/home/meneses/.local/share/vital/WaveEdit Online/Wavetables/RESO_ANA.vitaltable	WaveEdit Online (CC0)
RESO_P00 WT.xrni	additive and organ	/home/meneses/.local/share/vital/WaveEdit Online/Wavetables/RESO_P00.vitaltable	WaveEdit Online (CC0)
RESO_PD_ WT.xrni	additive and organ	/home/meneses/.local/share/vital/WaveEdit Online/Wavetables/RESO_PD_.vitaltable	WaveEdit Online (CC0)
RMFM03 WT.xrni	additive and organ	/home/meneses/.local/share/vital/Kimura Taro/Wavetables/RMFM/RMFM03.vitaltable	Kimura Taro (CC0)
RMFM04 WT.xrni	additive and organ	/home/meneses/.local/share/vital/Kimura Taro/Wavetables/RMFM/RMFM04.vitaltable	Kimura Taro (CC0)
RMFM06 WT.xrni	additive and organ	/home/meneses/.local/share/vital/Kimura Taro/Wavetables/RMFM/RMFM06.vitaltable	Kimura Taro (CC0)
Random Spectrum2 WT.xrni	additive and organ	/home/meneses/.local/share/vital/Kimura Taro/Wavetables/Random Spectrum/Random Spectrum2.vitaltable	Kimura Taro (CC0)
Rk VPS WT.xrni	additive and organ	/home/meneses/.local/share/vital/Kimura Taro/Wavetables/Vector Phase Modulation/Rk VPS.vitaltable	Kimura Taro (CC0)
SOHLER03 WT.xrni	additive and organ	/home/meneses/.local/share/vital/WaveEdit Online/Wavetables/SOHLER03.vitaltable	WaveEdit Online (CC0)
SOHLER04 WT.xrni	additive and organ	/home/meneses/.local/share/vital/WaveEdit Online/Wavetables/SOHLER04.vitaltable	WaveEdit Online (CC0)
SOHLER06 WT.xrni	additive and organ	/home/meneses/.local/share/vital/WaveEdit Online/Wavetables/SOHLER06.vitaltable	WaveEdit Online (CC0)
SOHLER07 WT.xrni	additive and organ	/home/meneses/.local/share/vital/WaveEdit Online/Wavetables/SOHLER07.vitaltable	WaveEdit Online (CC0)
SOHLER08 WT.xrni	additive and organ	/home/meneses/.local/share/vital/WaveEdit Online/Wavetables/SOHLER08.vitaltable	WaveEdit Online (CC0)
SOHLER15 WT.xrni	additive and organ	/home/meneses/.local/share/vital/WaveEdit Online/Wavetables/SOHLER15.vitaltable	WaveEdit Online (CC0)
SOHLER18 WT.xrni	additive and organ	/home/meneses/.local/share/vital/WaveEdit Online/Wavetables/SOHLER18.vitaltable	WaveEdit Online (CC0)
SOHLER23 WT.xrni	additive and organ	/home/meneses/.local/share/vital/WaveEdit Online/Wavetables/SOHLER23.vitaltable	WaveEdit Online (CC0)
SOHLER26 WT.xrni	additive and organ	/home/meneses/.local/share/vital/WaveEdit Online/Wavetables/SOHLER26.vitaltable	WaveEdit Online (CC0)
SOHLER27 WT.xrni	additive and organ	/home/meneses/.local/share/vital/WaveEdit Online/Wavetables/SOHLER27.vitaltable	WaveEdit Online (CC0)
SOHLER30 WT.xrni	additive and organ	/home/meneses/.local/share/vital/WaveEdit Online/Wavetables/SOHLER30.vitaltable	WaveEdit Online (CC0)
SOHLER50 WT.xrni	additive and organ	/home/meneses/.local/share/vital/WaveEdit Online/Wavetables/SOHLER50.vitaltable	WaveEdit Online (CC0)
SOHLER55 WT.xrni	additive and organ	/home/meneses/.local/share/vital/WaveEdit Online/Wavetables/SOHLER55.vitaltable	WaveEdit Online (CC0)
SOHLER56 WT.xrni	additive and organ	/home/meneses/.local/share/vital/WaveEdit Online/Wavetables/SOHLER56.vitaltable	WaveEdit Online (CC0)
SOHLER58 WT.xrni	additive and organ	/home/meneses/.local/share/vital/WaveEdit Online/Wavetables/SOHLER58.vitaltable	WaveEdit Online (CC0)
SOHLER61 WT.xrni	additive and organ	/home/meneses/.local/share/vital/WaveEdit Online/Wavetables/SOHLER61.vitaltable	WaveEdit Online (CC0)
SOHLER67 WT.xrni	additive and organ	/home/meneses/.local/share/vital/WaveEdit Online/Wavetables/SOHLER67.vitaltable	WaveEdit Online (CC0)
SOHLER71 WT.xrni	additive and organ	/home/meneses/.local/share/vital/WaveEdit Online/Wavetables/SOHLER71.vitaltable	WaveEdit Online (CC0)
SOHLER72 WT.xrni	additive and organ	/home/meneses/.local/share/vital/WaveEdit Online/Wavetables/SOHLER72.vitaltable	WaveEdit Online (CC0)
SOHLER77 WT.xrni	additive and organ	/home/meneses/.local/share/vital/WaveEdit Online/Wavetables/SOHLER77.vitaltable	WaveEdit Online (CC0)
SOHLER78 WT.xrni	additive and organ	/home/meneses/.local/share/vital/WaveEdit Online/Wavetables/SOHLER78.vitaltable	WaveEdit Online (CC0)
SOHLER84 WT.xrni	additive and organ	/home/meneses/.local/share/vital/WaveEdit Online/Wavetables/SOHLER84.vitaltable	WaveEdit Online (CC0)
SOHLER95 WT.xrni	additive and organ	/home/meneses/.local/share/vital/WaveEdit Online/Wavetables/SOHLER95.vitaltable	WaveEdit Online (CC0)
SOHLERBN WT.xrni	additive and organ	/home/meneses/.local/share/vital/WaveEdit Online/Wavetables/SOHLERBN.vitaltable	WaveEdit Online (CC0)
SYNLP104 WT.xrni	additive and organ	/home/meneses/.local/share/vital/WaveEdit Online/Wavetables/SYNLP104.vitaltable	WaveEdit Online (CC0)
SYNLP109 WT.xrni	additive and organ	/home/meneses/.local/share/vital/WaveEdit Online/Wavetables/SYNLP109.vitaltable	WaveEdit Online (CC0)
SYNLP115 WT.xrni	additive and organ	/home/meneses/.local/share/vital/WaveEdit Online/Wavetables/SYNLP115.vitaltable	WaveEdit Online (CC0)
SYNLP138 WT.xrni	additive and organ	/home/meneses/.local/share/vital/WaveEdit Online/Wavetables/SYNLP138.vitaltable	WaveEdit Online (CC0)
SYNLP141 WT.xrni	additive and organ	/home/meneses/.local/share/vital/WaveEdit Online/Wavetables/SYNLP141.vitaltable	WaveEdit Online (CC0)
SYNLP144 WT.xrni	additive and organ	/home/meneses/.local/share/vital/WaveEdit Online/Wavetables/SYNLP144.vitaltable	WaveEdit Online (CC0)
SYNLP149 WT.xrni	additive and organ	/home/meneses/.local/share/vital/WaveEdit Online/Wavetables/SYNLP149.vitaltable	WaveEdit Online (CC0)
SYNLP152 WT.xrni	additive and organ	/home/meneses/.local/share/vital/WaveEdit Online/Wavetables/SYNLP152.vitaltable	WaveEdit Online (CC0)
SYNLP167 WT.xrni	additive and organ	/home/meneses/.local/share/vital/WaveEdit Online/Wavetables/SYNLP167.vitaltable	WaveEdit Online (CC0)
SYNLP17 WT.xrni	additive and organ	/home/meneses/.local/share/vital/WaveEdit Online/Wavetables/SYNLP17.vitaltable	WaveEdit Online (CC0)
SYNLP174 WT.xrni	additive and organ	/home/meneses/.local/share/vital/WaveEdit Online/Wavetables/SYNLP174.vitaltable	WaveEdit Online (CC0)
SYNLP186 WT.xrni	additive and organ	/home/meneses/.local/share/vital/WaveEdit Online/Wavetables/SYNLP186.vitaltable	WaveEdit Online (CC0)
SYNLP190 WT.xrni	additive and organ	/home/meneses/.local/share/vital/WaveEdit Online/Wavetables/SYNLP190.vitaltable	WaveEdit Online (CC0)
SYNLP41 WT.xrni	additive and organ	/home/meneses/.local/share/vital/WaveEdit Online/Wavetables/SYNLP41.vitaltable	WaveEdit Online (CC0)
SYNLP49 WT.xrni	additive and organ	/home/meneses/.local/share/vital/WaveEdit Online/Wavetables/SYNLP49.vitaltable	WaveEdit Online (CC0)
SYNLP58 WT.xrni	additive and organ	/home/meneses/.local/share/vital/WaveEdit Online/Wavetables/SYNLP58.vitaltable	WaveEdit Online (CC0)
SYNLP64 WT.xrni	additive and organ	/home/meneses/.local/share/vital/WaveEdit Online/Wavetables/SYNLP64.vitaltable	WaveEdit Online (CC0)
SYNLP73 WT.xrni	additive and organ	/home/meneses/.local/share/vital/WaveEdit Online/Wavetables/SYNLP73.vitaltable	WaveEdit Online (CC0)
SYNLP84 WT.xrni	additive and organ	/home/meneses/.local/share/vital/WaveEdit Online/Wavetables/SYNLP84.vitaltable	WaveEdit Online (CC0)
SYNLP90 WT.xrni	additive and organ	/home/meneses/.local/share/vital/WaveEdit Online/Wavetables/SYNLP90.vitaltable	WaveEdit Online (CC0)
SYNLP93 WT.xrni	additive and organ	/home/meneses/.local/share/vital/WaveEdit Online/Wavetables/SYNLP93.vitaltable	WaveEdit Online (CC0)
SYNLP95 WT.xrni	additive and organ	/home/meneses/.local/share/vital/WaveEdit Online/Wavetables/SYNLP95.vitaltable	WaveEdit Online (CC0)
SawFMRing WT.xrni	additive and organ	/home/meneses/.local/share/vital/Kimura Taro/Wavetables/Combination of various synthesis methods/SawFMRing.vitaltable	Kimura Taro (CC0)
SawPWMSync3 WT.xrni	additive and organ	/home/meneses/.local/share/vital/Kimura Taro/Wavetables/OSC Sync+PWM/SawPWMSync3.vitaltable	Kimura Taro (CC0)
SawPWMSync4 WT.xrni	additive and organ	/home/meneses/.local/share/vital/Kimura Taro/Wavetables/OSC Sync+PWM/SawPWMSync4.vitaltable	Kimura Taro (CC0)
SawPhaser WT.xrni	additive and organ	/home/meneses/.local/share/vital/Kimura Taro/Wavetables/Filter Sweep/SawPhaser.vitaltable	Kimura Taro (CC0)
SawSync2 WT.xrni	additive and organ	/home/meneses/.local/share/vital/Kimura Taro/Wavetables/OSC Sync+PWM/SawSync2.vitaltable	Kimura Taro (CC0)
SawSync4 WT.xrni	additive and organ	/home/meneses/.local/share/vital/Kimura Taro/Wavetables/OSC Sync+PWM/SawSync4.vitaltable	Kimura Taro (CC0)
SawSync6 WT.xrni	additive and organ	/home/meneses/.local/share/vital/Kimura Taro/Wavetables/OSC Sync+PWM/SawSync6.vitaltable	Kimura Taro (CC0)
SelfFeedbackSaw WT.xrni	additive and organ	/home/meneses/.local/share/vital/Kimura Taro/Wavetables/FM/SelfFeedbackSaw.vitaltable	Kimura Taro (CC0)
Shaper Wave3 WT.xrni	additive and organ	/home/meneses/.local/share/vital/Kimura Taro/Wavetables/Shaper Wave/Shaper Wave3.vitaltable	Kimura Taro (CC0)
Shaper Wave5 Icarus Denoise WT.xrni	additive and organ	/home/meneses/.local/share/vital/Kimura Taro/Wavetables/Shaper Wave/Shaper Wave5 Icarus Denoise.vitaltable	Kimura Taro (CC0)
SignalTool2 WT.xrni	additive and organ	/home/meneses/.local/share/vital/Kimura Taro/Wavetables/Softbe Modular/SignalTool2.vitaltable	Kimura Taro (CC0)
SignalTool3 WT.xrni	additive and organ	/home/meneses/.local/share/vital/Kimura Taro/Wavetables/Softbe Modular/SignalTool3.vitaltable	Kimura Taro (CC0)
Sine4bit Fold WT.xrni	additive and organ	/home/meneses/.local/share/vital/Kimura Taro/Wavetables/Mod Sine/Sine4bit Fold.vitaltable	Kimura Taro (CC0)
Sine4bit WT.xrni	additive and organ	/home/meneses/.local/share/vital/Kimura Taro/Wavetables/Mod Sine/Sine4bit.vitaltable	Kimura Taro (CC0)
Spectral1 WT.xrni	additive and organ	/home/meneses/.local/share/vital/Kimura Taro/Wavetables/jo.Spectral Morph 1.0/Spectral1.vitaltable	Kimura Taro (CC0)
Spectral2 WT.xrni	additive and organ	/home/meneses/.local/share/vital/Kimura Taro/Wavetables/jo.Spectral Morph 1.0/Spectral2.vitaltable	Kimura Taro (CC0)
SweepSaw WT.xrni	additive and organ	/home/meneses/.local/share/vital/Kimura Taro/Wavetables/Filter Sweep/SweepSaw.vitaltable	Kimura Taro (CC0)
TIDYB001 WT.xrni	additive and organ	/home/meneses/.local/share/vital/WaveEdit Online/Wavetables/TIDYB001.vitaltable	WaveEdit Online (CC0)
TRON_MAL WT.xrni	additive and organ	/home/meneses/.local/share/vital/WaveEdit Online/Wavetables/TRON_MAL.vitaltable	WaveEdit Online (CC0)
Term5 WT.xrni	additive and organ	/home/meneses/.local/share/vital/Kimura Taro/Wavetables/AudioTerm/Term5.vitaltable	Kimura Taro (CC0)
Term7 WT.xrni	additive and organ	/home/meneses/.local/share/vital/Kimura Taro/Wavetables/AudioTerm/Term7.vitaltable	Kimura Taro (CC0)
Term8 WT.xrni	additive and organ	/home/meneses/.local/share/vital/Kimura Taro/Wavetables/AudioTerm/Term8.vitaltable	Kimura Taro (CC0)
Term9 WT.xrni	additive and organ	/home/meneses/.local/share/vital/Kimura Taro/Wavetables/AudioTerm/Term9.vitaltable	Kimura Taro (CC0)
Terra Bend1 WT.xrni	additive and organ	/home/meneses/.local/share/vital/Kimura Taro/Wavetables/K-Devicees Terra/Terra Bend1.vitaltable	Kimura Taro (CC0)
Terra Bend_PD IcarusDenoise WT.xrni	additive and organ	/home/meneses/.local/share/vital/Kimura Taro/Wavetables/K-Devicees Terra/Terra Bend+PD IcarusDenoise.vitaltable	Kimura Taro (CC0)
VOCAL_FO WT.xrni	additive and organ	/home/meneses/.local/share/vital/WaveEdit Online/Wavetables/VOCAL_FO.vitaltable	WaveEdit Online (CC0)
VOXSYNTH WT.xrni	additive and organ	/home/meneses/.local/share/vital/WaveEdit Online/Wavetables/VOXSYNTH.vitaltable	WaveEdit Online (CC0)
VPS WT.xrni	additive and organ	/home/meneses/.local/share/vital/WaveEdit Online/Wavetables/VPS.vitaltable	WaveEdit Online (CC0)
VS Morph1 WT.xrni	additive and organ	/home/meneses/.local/share/vital/Kimura Taro/Wavetables/Prophet VS Wave/VS Morph1.vitaltable	Kimura Taro (CC0)
VS Morph2 WT.xrni	additive and organ	/home/meneses/.local/share/vital/Kimura Taro/Wavetables/Prophet VS Wave/VS Morph2.vitaltable	Kimura Taro (CC0)
VS Morph3 WT.xrni	additive and organ	/home/meneses/.local/share/vital/Kimura Taro/Wavetables/Prophet VS Wave/VS Morph3.vitaltable	Kimura Taro (CC0)
VS Morph4 WT.xrni	additive and organ	/home/meneses/.local/share/vital/Kimura Taro/Wavetables/Prophet VS Wave/VS Morph4.vitaltable	Kimura Taro (CC0)
VS VMorph3 WT.xrni	additive and organ	/home/meneses/.local/share/vital/Kimura Taro/Wavetables/Prophet VS Wave/VS VMorph3.vitaltable	Kimura Taro (CC0)
VS Wave WT.xrni	additive and organ	/home/meneses/.local/share/vital/Kimura Taro/Wavetables/Prophet VS Wave/VS Wave.vitaltable	Kimura Taro (CC0)
VWave1 WT.xrni	additive and organ	/home/meneses/.local/share/vital/Kimura Taro/Wavetables/Combination of various synthesis methods/VWave1.vitaltable	Kimura Taro (CC0)
VWave2 WT.xrni	additive and organ	/home/meneses/.local/share/vital/Kimura Taro/Wavetables/Combination of various synthesis methods/VWave2.vitaltable	Kimura Taro (CC0)
VWave3 WT.xrni	additive and organ	/home/meneses/.local/share/vital/Kimura Taro/Wavetables/Combination of various synthesis methods/VWave3.vitaltable	Kimura Taro (CC0)
VWave5 WT.xrni	additive and organ	/home/meneses/.local/share/vital/Kimura Taro/Wavetables/Combination of various synthesis methods/VWave5.vitaltable	Kimura Taro (CC0)
VWave6 WT.xrni	additive and organ	/home/meneses/.local/share/vital/Kimura Taro/Wavetables/Combination of various synthesis methods/VWave6.vitaltable	Kimura Taro (CC0)
VowelSync WT.xrni	additive and organ	/home/meneses/.local/share/vital/Kimura Taro/Wavetables/OSC Sync+PWM/VowelSync.vitaltable	Kimura Taro (CC0)
Waveshaper1 WT.xrni	additive and organ	/home/meneses/.local/share/vital/Kimura Taro/Wavetables/Waveshaper/Waveshaper1.vitaltable	Kimura Taro (CC0)
Waveshaper2 WT.xrni	additive and organ	/home/meneses/.local/share/vital/Kimura Taro/Wavetables/Waveshaper/Waveshaper2.vitaltable	Kimura Taro (CC0)
poly6 P10-PS2 WT.xrni	additive and organ	/home/meneses/.local/share/vital/Kimura Taro/Wavetables/Korg Analog  Synth PhaseShift2/poly6 P10-PS2.vitaltable	Kimura Taro (CC0)
AJ-PWM Saw2 WT.xrni	bright and gritty	/home/meneses/.local/share/vital/Kimura Taro/Wavetables/Alpha Juno SawPWM/AJ-PWM Saw2.vitaltable	Kimura Taro (CC0)
AJ-PWM Saw3 WT.xrni	bright and gritty	/home/meneses/.local/share/vital/Kimura Taro/Wavetables/Alpha Juno SawPWM/AJ-PWM Saw3.vitaltable	Kimura Taro (CC0)
AJ-PWM Saw4 WT.xrni	bright and gritty	/home/meneses/.local/share/vital/Kimura Taro/Wavetables/Alpha Juno SawPWM/AJ-PWM Saw4.vitaltable	Kimura Taro (CC0)
AKVF_GRA WT.xrni	bright and gritty	/home/meneses/.local/share/vital/WaveEdit Online/Wavetables/AKVF_GRA.vitaltable	WaveEdit Online (CC0)
AMPWM2 WT.xrni	bright and gritty	/home/meneses/.local/share/vital/Kimura Taro/Wavetables/AMPWM/AMPWM2.vitaltable	Kimura Taro (CC0)
AMPWM5 WT.xrni	bright and gritty	/home/meneses/.local/share/vital/Kimura Taro/Wavetables/AMPWM/AMPWM5.vitaltable	Kimura Taro (CC0)
Add Synth6 Walsh WT.xrni	bright and gritty	/home/meneses/.local/share/vital/Kimura Taro/Wavetables/Additive Synth/Add Synth6 Walsh.vitaltable	Kimura Taro (CC0)
AudacityPluck WT.xrni	bright and gritty	/home/meneses/.local/share/vital/Kimura Taro/Wavetables/Audacity/AudacityPluck.vitaltable	Kimura Taro (CC0)
BANK_410 WT.xrni	bright and gritty	/home/meneses/.local/share/vital/WaveEdit Online/Wavetables/BANK_410.vitaltable	WaveEdit Online (CC0)
BELL02 WT.xrni	bright and gritty	/home/meneses/.local/share/vital/WaveEdit Online/Wavetables/BELL02.vitaltable	WaveEdit Online (CC0)
BELL03 WT.xrni	bright and gritty	/home/meneses/.local/share/vital/WaveEdit Online/Wavetables/BELL03.vitaltable	WaveEdit Online (CC0)
BOWING WT.xrni	bright and gritty	/home/meneses/.local/share/vital/WaveEdit Online/Wavetables/BOWING.vitaltable	WaveEdit Online (CC0)
BRAIDS01 WT.xrni	bright and gritty	/home/meneses/.local/share/vital/WaveEdit Online/Wavetables/BRAIDS01.vitaltable	WaveEdit Online (CC0)
Bazille PDFR1 Icarus Mod WT.xrni	bright and gritty	/home/meneses/.local/share/vital/Kimura Taro/Wavetables/Bazille/Bazille PDFR1 Icarus Mod.vitaltable	Kimura Taro (CC0)
Bazille PDFR2 FM WT.xrni	bright and gritty	/home/meneses/.local/share/vital/Kimura Taro/Wavetables/Bazille/Bazille PDFR2 FM.vitaltable	Kimura Taro (CC0)
CZ Reso1 WT.xrni	bright and gritty	/home/meneses/.local/share/vital/Kimura Taro/Wavetables/CZ Reso/CZ Reso1.vitaltable	Kimura Taro (CC0)
CZ Reso5 WT.xrni	bright and gritty	/home/meneses/.local/share/vital/Kimura Taro/Wavetables/CZ Reso/CZ Reso5.vitaltable	Kimura Taro (CC0)
CZ-ISH WT.xrni	bright and gritty	/home/meneses/.local/share/vital/WaveEdit Online/Wavetables/CZ-ISH.vitaltable	WaveEdit Online (CC0)
Chebyshev poly3 WT.xrni	bright and gritty	/home/meneses/.local/share/vital/Kimura Taro/Wavetables/Chebyshev polynomials/Chebyshev poly3.vitaltable	Kimura Taro (CC0)
Chebyshev poly4 WT.xrni	bright and gritty	/home/meneses/.local/share/vital/Kimura Taro/Wavetables/Chebyshev polynomials/Chebyshev poly4.vitaltable	Kimura Taro (CC0)
Chebyshev poly5 WT.xrni	bright and gritty	/home/meneses/.local/share/vital/Kimura Taro/Wavetables/Chebyshev polynomials/Chebyshev poly5.vitaltable	Kimura Taro (CC0)
DISTORTE WT.xrni	bright and gritty	/home/meneses/.local/share/vital/WaveEdit Online/Wavetables/DISTORTE.vitaltable	WaveEdit Online (CC0)
DRONE WT.xrni	bright and gritty	/home/meneses/.local/share/vital/WaveEdit Online/Wavetables/DRONE.vitaltable	WaveEdit Online (CC0)
DRUMSTRU WT.xrni	bright and gritty	/home/meneses/.local/share/vital/WaveEdit Online/Wavetables/DRUMSTRU.vitaltable	WaveEdit Online (CC0)
EUCLIDEA WT.xrni	bright and gritty	/home/meneses/.local/share/vital/WaveEdit Online/Wavetables/EUCLIDEA.vitaltable	WaveEdit Online (CC0)
FAIRLIGH WT.xrni	bright and gritty	/home/meneses/.local/share/vital/WaveEdit Online/Wavetables/FAIRLIGH.vitaltable	WaveEdit Online (CC0)
FM_-_COM WT.xrni	bright and gritty	/home/meneses/.local/share/vital/WaveEdit Online/Wavetables/FM_-_COM.vitaltable	WaveEdit Online (CC0)
FOURIER2 WT.xrni	bright and gritty	/home/meneses/.local/share/vital/WaveEdit Online/Wavetables/FOURIER2.vitaltable	WaveEdit Online (CC0)
FRACTA02 WT.xrni	bright and gritty	/home/meneses/.local/share/vital/WaveEdit Online/Wavetables/FRACTA02.vitaltable	WaveEdit Online (CC0)
FRACTA03 WT.xrni	bright and gritty	/home/meneses/.local/share/vital/WaveEdit Online/Wavetables/FRACTA03.vitaltable	WaveEdit Online (CC0)
Folding4 WT.xrni	bright and gritty	/home/meneses/.local/share/vital/Kimura Taro/Wavetables/Folding/Folding4.vitaltable	Kimura Taro (CC0)
Folding5 WT.xrni	bright and gritty	/home/meneses/.local/share/vital/Kimura Taro/Wavetables/Folding/Folding5.vitaltable	Kimura Taro (CC0)
GENTLE_M WT.xrni	bright and gritty	/home/meneses/.local/share/vital/WaveEdit Online/Wavetables/GENTLE_M.vitaltable	WaveEdit Online (CC0)
GRAV-A1 WT.xrni	bright and gritty	/home/meneses/.local/share/vital/WaveEdit Online/Wavetables/GRAV-A1.vitaltable	WaveEdit Online (CC0)
GRAV-A10 WT.xrni	bright and gritty	/home/meneses/.local/share/vital/WaveEdit Online/Wavetables/GRAV-A10.vitaltable	WaveEdit Online (CC0)
GRAV-A2 WT.xrni	bright and gritty	/home/meneses/.local/share/vital/WaveEdit Online/Wavetables/GRAV-A2.vitaltable	WaveEdit Online (CC0)
GRAV-A4 WT.xrni	bright and gritty	/home/meneses/.local/share/vital/WaveEdit Online/Wavetables/GRAV-A4.vitaltable	WaveEdit Online (CC0)
GRAV-A5 WT.xrni	bright and gritty	/home/meneses/.local/share/vital/WaveEdit Online/Wavetables/GRAV-A5.vitaltable	WaveEdit Online (CC0)
GRAV-A6 WT.xrni	bright and gritty	/home/meneses/.local/share/vital/WaveEdit Online/Wavetables/GRAV-A6.vitaltable	WaveEdit Online (CC0)
GRAV-A8 WT.xrni	bright and gritty	/home/meneses/.local/share/vital/WaveEdit Online/Wavetables/GRAV-A8.vitaltable	WaveEdit Online (CC0)
GRAV-B10 WT.xrni	bright and gritty	/home/meneses/.local/share/vital/WaveEdit Online/Wavetables/GRAV-B10.vitaltable	WaveEdit Online (CC0)
GRAV-B2 WT.xrni	bright and gritty	/home/meneses/.local/share/vital/WaveEdit Online/Wavetables/GRAV-B2.vitaltable	WaveEdit Online (CC0)
GRAV-B3 WT.xrni	bright and gritty	/home/meneses/.local/share/vital/WaveEdit Online/Wavetables/GRAV-B3.vitaltable	WaveEdit Online (CC0)
GRAV-B4 WT.xrni	bright and gritty	/home/meneses/.local/share/vital/WaveEdit Online/Wavetables/GRAV-B4.vitaltable	WaveEdit Online (CC0)
GRAV-B7 WT.xrni	bright and gritty	/home/meneses/.local/share/vital/WaveEdit Online/Wavetables/GRAV-B7.vitaltable	WaveEdit Online (CC0)
GRAV-B8 WT.xrni	bright and gritty	/home/meneses/.local/share/vital/WaveEdit Online/Wavetables/GRAV-B8.vitaltable	WaveEdit Online (CC0)
GRAV-B9 WT.xrni	bright and gritty	/home/meneses/.local/share/vital/WaveEdit Online/Wavetables/GRAV-B9.vitaltable	WaveEdit Online (CC0)
GRAV-C1 WT.xrni	bright and gritty	/home/meneses/.local/share/vital/WaveEdit Online/Wavetables/GRAV-C1.vitaltable	WaveEdit Online (CC0)
GRAV-C10 WT.xrni	bright and gritty	/home/meneses/.local/share/vital/WaveEdit Online/Wavetables/GRAV-C10.vitaltable	WaveEdit Online (CC0)
GRAV-C6 WT.xrni	bright and gritty	/home/meneses/.local/share/vital/WaveEdit Online/Wavetables/GRAV-C6.vitaltable	WaveEdit Online (CC0)
GRAV-C7 WT.xrni	bright and gritty	/home/meneses/.local/share/vital/WaveEdit Online/Wavetables/GRAV-C7.vitaltable	WaveEdit Online (CC0)
GRAV-C8 WT.xrni	bright and gritty	/home/meneses/.local/share/vital/WaveEdit Online/Wavetables/GRAV-C8.vitaltable	WaveEdit Online (CC0)
HARMOMET WT.xrni	bright and gritty	/home/meneses/.local/share/vital/WaveEdit Online/Wavetables/HARMOMET.vitaltable	WaveEdit Online (CC0)
Half Clip4 WT.xrni	bright and gritty	/home/meneses/.local/share/vital/Kimura Taro/Wavetables/Half Clip/Half Clip4.vitaltable	Kimura Taro (CC0)
Hardcore FM10 WT.xrni	bright and gritty	/home/meneses/.local/share/vital/Kimura Taro/Wavetables/Hardcore FM/Hardcore FM10.vitaltable	Kimura Taro (CC0)
Hardcore FM2 WT.xrni	bright and gritty	/home/meneses/.local/share/vital/Kimura Taro/Wavetables/Hardcore FM/Hardcore FM2.vitaltable	Kimura Taro (CC0)
Hardcore FM3 WT.xrni	bright and gritty	/home/meneses/.local/share/vital/Kimura Taro/Wavetables/Hardcore FM/Hardcore FM3.vitaltable	Kimura Taro (CC0)
Hardcore FM4 WT.xrni	bright and gritty	/home/meneses/.local/share/vital/Kimura Taro/Wavetables/Hardcore FM/Hardcore FM4.vitaltable	Kimura Taro (CC0)
Hardcore FM6 WT.xrni	bright and gritty	/home/meneses/.local/share/vital/Kimura Taro/Wavetables/Hardcore FM/Hardcore FM6.vitaltable	Kimura Taro (CC0)
Hardcore FM7 WT.xrni	bright and gritty	/home/meneses/.local/share/vital/Kimura Taro/Wavetables/Hardcore FM/Hardcore FM7.vitaltable	Kimura Taro (CC0)
Hardcore FM9 WT.xrni	bright and gritty	/home/meneses/.local/share/vital/Kimura Taro/Wavetables/Hardcore FM/Hardcore FM9.vitaltable	Kimura Taro (CC0)
ISOBELLE WT.xrni	bright and gritty	/home/meneses/.local/share/vital/WaveEdit Online/Wavetables/ISOBELLE.vitaltable	WaveEdit Online (CC0)
I_HEART_ WT.xrni	bright and gritty	/home/meneses/.local/share/vital/WaveEdit Online/Wavetables/I_HEART_.vitaltable	WaveEdit Online (CC0)
Ii sensu da- WT.xrni	bright and gritty	/home/meneses/.local/share/vital/Kimura Taro/Wavetables/Walsh Function/Ii sensu da-.vitaltable	Kimura Taro (CC0)
Ii sensu daNP- WT.xrni	bright and gritty	/home/meneses/.local/share/vital/Kimura Taro/Wavetables/Walsh Function/Ii sensu daNP-.vitaltable	Kimura Taro (CC0)
JUST_RAN WT.xrni	bright and gritty	/home/meneses/.local/share/vital/WaveEdit Online/Wavetables/JUST_RAN.vitaltable	WaveEdit Online (CC0)
KAWAI_K1 WT.xrni	bright and gritty	/home/meneses/.local/share/vital/WaveEdit Online/Wavetables/KAWAI_K1.vitaltable	WaveEdit Online (CC0)
KERMITEN WT.xrni	bright and gritty	/home/meneses/.local/share/vital/WaveEdit Online/Wavetables/KERMITEN.vitaltable	WaveEdit Online (CC0)
KERMIT_K WT.xrni	bright and gritty	/home/meneses/.local/share/vital/WaveEdit Online/Wavetables/KERMIT_K.vitaltable	WaveEdit Online (CC0)
KOMPLE01 WT.xrni	bright and gritty	/home/meneses/.local/share/vital/WaveEdit Online/Wavetables/KOMPLE01.vitaltable	WaveEdit Online (CC0)
LFO Tool1 WT.xrni	bright and gritty	/home/meneses/.local/share/vital/Kimura Taro/Wavetables/LFO Tools/LFO Tool1.vitaltable	Kimura Taro (CC0)
LFO_PLAY WT.xrni	bright and gritty	/home/meneses/.local/share/vital/WaveEdit Online/Wavetables/LFO_PLAY.vitaltable	WaveEdit Online (CC0)
LOFIRISE WT.xrni	bright and gritty	/home/meneses/.local/share/vital/WaveEdit Online/Wavetables/LOFIRISE.vitaltable	WaveEdit Online (CC0)
MAGNETIC WT.xrni	bright and gritty	/home/meneses/.local/share/vital/WaveEdit Online/Wavetables/MAGNETIC.vitaltable	WaveEdit Online (CC0)
MK_DWG_H WT.xrni	bright and gritty	/home/meneses/.local/share/vital/WaveEdit Online/Wavetables/MK_DWG_H.vitaltable	WaveEdit Online (CC0)
MS 20 P10-PS2 WT.xrni	bright and gritty	/home/meneses/.local/share/vital/Kimura Taro/Wavetables/Korg Analog  Synth PhaseShift2/MS 20 P10-PS2.vitaltable	Kimura Taro (CC0)
MSelfFB04 DN WT.xrni	bright and gritty	/home/meneses/.local/share/vital/Kimura Taro/Wavetables/MSelfFB/MSelfFB04 DN.vitaltable	Kimura Taro (CC0)
Melda CustumWave1 WT.xrni	bright and gritty	/home/meneses/.local/share/vital/Kimura Taro/Wavetables/Melda Oscillator/Melda CustumWave1.vitaltable	Kimura Taro (CC0)
Melda CustumWave2 Icarus WT.xrni	bright and gritty	/home/meneses/.local/share/vital/Kimura Taro/Wavetables/Melda Oscillator/Melda CustumWave2 Icarus.vitaltable	Kimura Taro (CC0)
Melda CustumWave2 IcarusComb WT.xrni	bright and gritty	/home/meneses/.local/share/vital/Kimura Taro/Wavetables/Melda Oscillator/Melda CustumWave2 IcarusComb.vitaltable	Kimura Taro (CC0)
Melda CustumWave3 WT.xrni	bright and gritty	/home/meneses/.local/share/vital/Kimura Taro/Wavetables/Melda Oscillator/Melda CustumWave3.vitaltable	Kimura Taro (CC0)
Modulo11 WT.xrni	bright and gritty	/home/meneses/.local/share/vital/Kimura Taro/Wavetables/Modulo/Modulo11.vitaltable	Kimura Taro (CC0)
Modulo12 WT.xrni	bright and gritty	/home/meneses/.local/share/vital/Kimura Taro/Wavetables/Modulo/Modulo12.vitaltable	Kimura Taro (CC0)
Modulo2 WT.xrni	bright and gritty	/home/meneses/.local/share/vital/Kimura Taro/Wavetables/Modulo/Modulo2.vitaltable	Kimura Taro (CC0)
Modulo4 WT.xrni	bright and gritty	/home/meneses/.local/share/vital/Kimura Taro/Wavetables/Modulo/Modulo4.vitaltable	Kimura Taro (CC0)
Modulo5 WT.xrni	bright and gritty	/home/meneses/.local/share/vital/Kimura Taro/Wavetables/Modulo/Modulo5.vitaltable	Kimura Taro (CC0)
Modulo7 WT.xrni	bright and gritty	/home/meneses/.local/share/vital/Kimura Taro/Wavetables/Modulo/Modulo7.vitaltable	Kimura Taro (CC0)
ORGANIC_ WT.xrni	bright and gritty	/home/meneses/.local/share/vital/WaveEdit Online/Wavetables/ORGANIC_.vitaltable	WaveEdit Online (CC0)
ORGAN_DI WT.xrni	bright and gritty	/home/meneses/.local/share/vital/WaveEdit Online/Wavetables/ORGAN_DI.vitaltable	WaveEdit Online (CC0)
PLAITS02 WT.xrni	bright and gritty	/home/meneses/.local/share/vital/WaveEdit Online/Wavetables/PLAITS02.vitaltable	WaveEdit Online (CC0)
PMSimple10 WT.xrni	bright and gritty	/home/meneses/.local/share/vital/Kimura Taro/Wavetables/PM[Simple]/PMSimple10.vitaltable	Kimura Taro (CC0)
PMSimple12 WT.xrni	bright and gritty	/home/meneses/.local/share/vital/Kimura Taro/Wavetables/PM[Simple]/PMSimple12.vitaltable	Kimura Taro (CC0)
PMSimple13 WT.xrni	bright and gritty	/home/meneses/.local/share/vital/Kimura Taro/Wavetables/PM[Simple]/PMSimple13.vitaltable	Kimura Taro (CC0)
PMSimple17 WT.xrni	bright and gritty	/home/meneses/.local/share/vital/Kimura Taro/Wavetables/PM[Simple]/PMSimple17.vitaltable	Kimura Taro (CC0)
PMSimple21 WT.xrni	bright and gritty	/home/meneses/.local/share/vital/Kimura Taro/Wavetables/PM[Simple]/PMSimple21.vitaltable	Kimura Taro (CC0)
PMSimple3 WT.xrni	bright and gritty	/home/meneses/.local/share/vital/Kimura Taro/Wavetables/PM[Simple]/PMSimple3.vitaltable	Kimura Taro (CC0)
PMSimple4 WT.xrni	bright and gritty	/home/meneses/.local/share/vital/Kimura Taro/Wavetables/PM[Simple]/PMSimple4.vitaltable	Kimura Taro (CC0)
PPG_WA04 WT.xrni	bright and gritty	/home/meneses/.local/share/vital/WaveEdit Online/Wavetables/PPG_WA04.vitaltable	WaveEdit Online (CC0)
PPG_WA05 WT.xrni	bright and gritty	/home/meneses/.local/share/vital/WaveEdit Online/Wavetables/PPG_WA05.vitaltable	WaveEdit Online (CC0)
PPG_WA27 WT.xrni	bright and gritty	/home/meneses/.local/share/vital/WaveEdit Online/Wavetables/PPG_WA27.vitaltable	WaveEdit Online (CC0)
PPG_WA28 WT.xrni	bright and gritty	/home/meneses/.local/share/vital/WaveEdit Online/Wavetables/PPG_WA28.vitaltable	WaveEdit Online (CC0)
PROPHE00 WT.xrni	bright and gritty	/home/meneses/.local/share/vital/WaveEdit Online/Wavetables/PROPHE00.vitaltable	WaveEdit Online (CC0)
PROPHET_ WT.xrni	bright and gritty	/home/meneses/.local/share/vital/WaveEdit Online/Wavetables/PROPHET_.vitaltable	WaveEdit Online (CC0)
PWN_SAW WT.xrni	bright and gritty	/home/meneses/.local/share/vital/WaveEdit Online/Wavetables/PWN_SAW.vitaltable	WaveEdit Online (CC0)
QUACK WT.xrni	bright and gritty	/home/meneses/.local/share/vital/WaveEdit Online/Wavetables/QUACK.vitaltable	WaveEdit Online (CC0)
RADIUS WT.xrni	bright and gritty	/home/meneses/.local/share/vital/WaveEdit Online/Wavetables/RADIUS.vitaltable	WaveEdit Online (CC0)
RANDOM_N WT.xrni	bright and gritty	/home/meneses/.local/share/vital/WaveEdit Online/Wavetables/RANDOM_N.vitaltable	WaveEdit Online (CC0)
REALIZE WT.xrni	bright and gritty	/home/meneses/.local/share/vital/WaveEdit Online/Wavetables/REALIZE.vitaltable	WaveEdit Online (CC0)
RINGSHAP WT.xrni	bright and gritty	/home/meneses/.local/share/vital/WaveEdit Online/Wavetables/RINGSHAP.vitaltable	WaveEdit Online (CC0)
RMFM02 WT.xrni	bright and gritty	/home/meneses/.local/share/vital/Kimura Taro/Wavetables/RMFM/RMFM02.vitaltable	Kimura Taro (CC0)
SAND_EYE WT.xrni	bright and gritty	/home/meneses/.local/share/vital/WaveEdit Online/Wavetables/SAND_EYE.vitaltable	WaveEdit Online (CC0)
SINE_SPE WT.xrni	bright and gritty	/home/meneses/.local/share/vital/WaveEdit Online/Wavetables/SINE_SPE.vitaltable	WaveEdit Online (CC0)
SMOOTH_T WT.xrni	bright and gritty	/home/meneses/.local/share/vital/WaveEdit Online/Wavetables/SMOOTH_T.vitaltable	WaveEdit Online (CC0)
SNAKE_EY WT.xrni	bright and gritty	/home/meneses/.local/share/vital/WaveEdit Online/Wavetables/SNAKE_EY.vitaltable	WaveEdit Online (CC0)
SOFT_MAN WT.xrni	bright and gritty	/home/meneses/.local/share/vital/WaveEdit Online/Wavetables/SOFT_MAN.vitaltable	WaveEdit Online (CC0)
SOHLER02 WT.xrni	bright and gritty	/home/meneses/.local/share/vital/WaveEdit Online/Wavetables/SOHLER02.vitaltable	WaveEdit Online (CC0)
SOHLER05 WT.xrni	bright and gritty	/home/meneses/.local/share/vital/WaveEdit Online/Wavetables/SOHLER05.vitaltable	WaveEdit Online (CC0)
SOHLER09 WT.xrni	bright and gritty	/home/meneses/.local/share/vital/WaveEdit Online/Wavetables/SOHLER09.vitaltable	WaveEdit Online (CC0)
SOHLER10 WT.xrni	bright and gritty	/home/meneses/.local/share/vital/WaveEdit Online/Wavetables/SOHLER10.vitaltable	WaveEdit Online (CC0)
SOHLER11 WT.xrni	bright and gritty	/home/meneses/.local/share/vital/WaveEdit Online/Wavetables/SOHLER11.vitaltable	WaveEdit Online (CC0)
SOHLER12 WT.xrni	bright and gritty	/home/meneses/.local/share/vital/WaveEdit Online/Wavetables/SOHLER12.vitaltable	WaveEdit Online (CC0)
SOHLER13 WT.xrni	bright and gritty	/home/meneses/.local/share/vital/WaveEdit Online/Wavetables/SOHLER13.vitaltable	WaveEdit Online (CC0)
SOHLER14 WT.xrni	bright and gritty	/home/meneses/.local/share/vital/WaveEdit Online/Wavetables/SOHLER14.vitaltable	WaveEdit Online (CC0)
SOHLER19 WT.xrni	bright and gritty	/home/meneses/.local/share/vital/WaveEdit Online/Wavetables/SOHLER19.vitaltable	WaveEdit Online (CC0)
SOHLER21 WT.xrni	bright and gritty	/home/meneses/.local/share/vital/WaveEdit Online/Wavetables/SOHLER21.vitaltable	WaveEdit Online (CC0)
SOHLER24 WT.xrni	bright and gritty	/home/meneses/.local/share/vital/WaveEdit Online/Wavetables/SOHLER24.vitaltable	WaveEdit Online (CC0)
SOHLER25 WT.xrni	bright and gritty	/home/meneses/.local/share/vital/WaveEdit Online/Wavetables/SOHLER25.vitaltable	WaveEdit Online (CC0)
SOHLER28 WT.xrni	bright and gritty	/home/meneses/.local/share/vital/WaveEdit Online/Wavetables/SOHLER28.vitaltable	WaveEdit Online (CC0)
SOHLER31 WT.xrni	bright and gritty	/home/meneses/.local/share/vital/WaveEdit Online/Wavetables/SOHLER31.vitaltable	WaveEdit Online (CC0)
SOHLER34 WT.xrni	bright and gritty	/home/meneses/.local/share/vital/WaveEdit Online/Wavetables/SOHLER34.vitaltable	WaveEdit Online (CC0)
SOHLER35 WT.xrni	bright and gritty	/home/meneses/.local/share/vital/WaveEdit Online/Wavetables/SOHLER35.vitaltable	WaveEdit Online (CC0)
SOHLER36 WT.xrni	bright and gritty	/home/meneses/.local/share/vital/WaveEdit Online/Wavetables/SOHLER36.vitaltable	WaveEdit Online (CC0)
SOHLER37 WT.xrni	bright and gritty	/home/meneses/.local/share/vital/WaveEdit Online/Wavetables/SOHLER37.vitaltable	WaveEdit Online (CC0)
SOHLER39 WT.xrni	bright and gritty	/home/meneses/.local/share/vital/WaveEdit Online/Wavetables/SOHLER39.vitaltable	WaveEdit Online (CC0)
SOHLER42 WT.xrni	bright and gritty	/home/meneses/.local/share/vital/WaveEdit Online/Wavetables/SOHLER42.vitaltable	WaveEdit Online (CC0)
SOHLER46 WT.xrni	bright and gritty	/home/meneses/.local/share/vital/WaveEdit Online/Wavetables/SOHLER46.vitaltable	WaveEdit Online (CC0)
SOHLER51 WT.xrni	bright and gritty	/home/meneses/.local/share/vital/WaveEdit Online/Wavetables/SOHLER51.vitaltable	WaveEdit Online (CC0)
SOHLER52 WT.xrni	bright and gritty	/home/meneses/.local/share/vital/WaveEdit Online/Wavetables/SOHLER52.vitaltable	WaveEdit Online (CC0)
SOHLER54 WT.xrni	bright and gritty	/home/meneses/.local/share/vital/WaveEdit Online/Wavetables/SOHLER54.vitaltable	WaveEdit Online (CC0)
SOHLER57 WT.xrni	bright and gritty	/home/meneses/.local/share/vital/WaveEdit Online/Wavetables/SOHLER57.vitaltable	WaveEdit Online (CC0)
SOHLER59 WT.xrni	bright and gritty	/home/meneses/.local/share/vital/WaveEdit Online/Wavetables/SOHLER59.vitaltable	WaveEdit Online (CC0)
SOHLER62 WT.xrni	bright and gritty	/home/meneses/.local/share/vital/WaveEdit Online/Wavetables/SOHLER62.vitaltable	WaveEdit Online (CC0)
SOHLER63 WT.xrni	bright and gritty	/home/meneses/.local/share/vital/WaveEdit Online/Wavetables/SOHLER63.vitaltable	WaveEdit Online (CC0)
SOHLER64 WT.xrni	bright and gritty	/home/meneses/.local/share/vital/WaveEdit Online/Wavetables/SOHLER64.vitaltable	WaveEdit Online (CC0)
SOHLER65 WT.xrni	bright and gritty	/home/meneses/.local/share/vital/WaveEdit Online/Wavetables/SOHLER65.vitaltable	WaveEdit Online (CC0)
SOHLER66 WT.xrni	bright and gritty	/home/meneses/.local/share/vital/WaveEdit Online/Wavetables/SOHLER66.vitaltable	WaveEdit Online (CC0)
SOHLER70 WT.xrni	bright and gritty	/home/meneses/.local/share/vital/WaveEdit Online/Wavetables/SOHLER70.vitaltable	WaveEdit Online (CC0)
SOHLER75 WT.xrni	bright and gritty	/home/meneses/.local/share/vital/WaveEdit Online/Wavetables/SOHLER75.vitaltable	WaveEdit Online (CC0)
SOHLER76 WT.xrni	bright and gritty	/home/meneses/.local/share/vital/WaveEdit Online/Wavetables/SOHLER76.vitaltable	WaveEdit Online (CC0)
SOHLER79 WT.xrni	bright and gritty	/home/meneses/.local/share/vital/WaveEdit Online/Wavetables/SOHLER79.vitaltable	WaveEdit Online (CC0)
SOHLER80 WT.xrni	bright and gritty	/home/meneses/.local/share/vital/WaveEdit Online/Wavetables/SOHLER80.vitaltable	WaveEdit Online (CC0)
SOHLER82 WT.xrni	bright and gritty	/home/meneses/.local/share/vital/WaveEdit Online/Wavetables/SOHLER82.vitaltable	WaveEdit Online (CC0)
SOHLER83 WT.xrni	bright and gritty	/home/meneses/.local/share/vital/WaveEdit Online/Wavetables/SOHLER83.vitaltable	WaveEdit Online (CC0)
SOHLER85 WT.xrni	bright and gritty	/home/meneses/.local/share/vital/WaveEdit Online/Wavetables/SOHLER85.vitaltable	WaveEdit Online (CC0)
SOHLER88 WT.xrni	bright and gritty	/home/meneses/.local/share/vital/WaveEdit Online/Wavetables/SOHLER88.vitaltable	WaveEdit Online (CC0)
SOHLER89 WT.xrni	bright and gritty	/home/meneses/.local/share/vital/WaveEdit Online/Wavetables/SOHLER89.vitaltable	WaveEdit Online (CC0)
SOHLER90 WT.xrni	bright and gritty	/home/meneses/.local/share/vital/WaveEdit Online/Wavetables/SOHLER90.vitaltable	WaveEdit Online (CC0)
SOHLER91 WT.xrni	bright and gritty	/home/meneses/.local/share/vital/WaveEdit Online/Wavetables/SOHLER91.vitaltable	WaveEdit Online (CC0)
SOHLER92 WT.xrni	bright and gritty	/home/meneses/.local/share/vital/WaveEdit Online/Wavetables/SOHLER92.vitaltable	WaveEdit Online (CC0)
SOHLER94 WT.xrni	bright and gritty	/home/meneses/.local/share/vital/WaveEdit Online/Wavetables/SOHLER94.vitaltable	WaveEdit Online (CC0)
SOHLER96 WT.xrni	bright and gritty	/home/meneses/.local/share/vital/WaveEdit Online/Wavetables/SOHLER96.vitaltable	WaveEdit Online (CC0)
SOHLER97 WT.xrni	bright and gritty	/home/meneses/.local/share/vital/WaveEdit Online/Wavetables/SOHLER97.vitaltable	WaveEdit Online (CC0)
SOHLER98 WT.xrni	bright and gritty	/home/meneses/.local/share/vital/WaveEdit Online/Wavetables/SOHLER98.vitaltable	WaveEdit Online (CC0)
SPECTR00 WT.xrni	bright and gritty	/home/meneses/.local/share/vital/WaveEdit Online/Wavetables/SPECTR00.vitaltable	WaveEdit Online (CC0)
SPECTR03 WT.xrni	bright and gritty	/home/meneses/.local/share/vital/WaveEdit Online/Wavetables/SPECTR03.vitaltable	WaveEdit Online (CC0)
SPECTR04 WT.xrni	bright and gritty	/home/meneses/.local/share/vital/WaveEdit Online/Wavetables/SPECTR04.vitaltable	WaveEdit Online (CC0)
SPECTR05 WT.xrni	bright and gritty	/home/meneses/.local/share/vital/WaveEdit Online/Wavetables/SPECTR05.vitaltable	WaveEdit Online (CC0)
SPECTRAL WT.xrni	bright and gritty	/home/meneses/.local/share/vital/WaveEdit Online/Wavetables/SPECTRAL.vitaltable	WaveEdit Online (CC0)
SQUARE_P WT.xrni	bright and gritty	/home/meneses/.local/share/vital/WaveEdit Online/Wavetables/SQUARE_P.vitaltable	WaveEdit Online (CC0)
SYNLP100 WT.xrni	bright and gritty	/home/meneses/.local/share/vital/WaveEdit Online/Wavetables/SYNLP100.vitaltable	WaveEdit Online (CC0)
SYNLP101 WT.xrni	bright and gritty	/home/meneses/.local/share/vital/WaveEdit Online/Wavetables/SYNLP101.vitaltable	WaveEdit Online (CC0)
SYNLP102 WT.xrni	bright and gritty	/home/meneses/.local/share/vital/WaveEdit Online/Wavetables/SYNLP102.vitaltable	WaveEdit Online (CC0)
SYNLP103 WT.xrni	bright and gritty	/home/meneses/.local/share/vital/WaveEdit Online/Wavetables/SYNLP103.vitaltable	WaveEdit Online (CC0)
SYNLP105 WT.xrni	bright and gritty	/home/meneses/.local/share/vital/WaveEdit Online/Wavetables/SYNLP105.vitaltable	WaveEdit Online (CC0)
SYNLP106 WT.xrni	bright and gritty	/home/meneses/.local/share/vital/WaveEdit Online/Wavetables/SYNLP106.vitaltable	WaveEdit Online (CC0)
SYNLP107 WT.xrni	bright and gritty	/home/meneses/.local/share/vital/WaveEdit Online/Wavetables/SYNLP107.vitaltable	WaveEdit Online (CC0)
SYNLP108 WT.xrni	bright and gritty	/home/meneses/.local/share/vital/WaveEdit Online/Wavetables/SYNLP108.vitaltable	WaveEdit Online (CC0)
SYNLP112 WT.xrni	bright and gritty	/home/meneses/.local/share/vital/WaveEdit Online/Wavetables/SYNLP112.vitaltable	WaveEdit Online (CC0)
SYNLP117 WT.xrni	bright and gritty	/home/meneses/.local/share/vital/WaveEdit Online/Wavetables/SYNLP117.vitaltable	WaveEdit Online (CC0)
SYNLP120 WT.xrni	bright and gritty	/home/meneses/.local/share/vital/WaveEdit Online/Wavetables/SYNLP120.vitaltable	WaveEdit Online (CC0)
SYNLP121 WT.xrni	bright and gritty	/home/meneses/.local/share/vital/WaveEdit Online/Wavetables/SYNLP121.vitaltable	WaveEdit Online (CC0)
SYNLP122 WT.xrni	bright and gritty	/home/meneses/.local/share/vital/WaveEdit Online/Wavetables/SYNLP122.vitaltable	WaveEdit Online (CC0)
SYNLP124 WT.xrni	bright and gritty	/home/meneses/.local/share/vital/WaveEdit Online/Wavetables/SYNLP124.vitaltable	WaveEdit Online (CC0)
SYNLP125 WT.xrni	bright and gritty	/home/meneses/.local/share/vital/WaveEdit Online/Wavetables/SYNLP125.vitaltable	WaveEdit Online (CC0)
SYNLP127 WT.xrni	bright and gritty	/home/meneses/.local/share/vital/WaveEdit Online/Wavetables/SYNLP127.vitaltable	WaveEdit Online (CC0)
SYNLP129 WT.xrni	bright and gritty	/home/meneses/.local/share/vital/WaveEdit Online/Wavetables/SYNLP129.vitaltable	WaveEdit Online (CC0)
SYNLP13 WT.xrni	bright and gritty	/home/meneses/.local/share/vital/WaveEdit Online/Wavetables/SYNLP13.vitaltable	WaveEdit Online (CC0)
SYNLP131 WT.xrni	bright and gritty	/home/meneses/.local/share/vital/WaveEdit Online/Wavetables/SYNLP131.vitaltable	WaveEdit Online (CC0)
SYNLP133 WT.xrni	bright and gritty	/home/meneses/.local/share/vital/WaveEdit Online/Wavetables/SYNLP133.vitaltable	WaveEdit Online (CC0)
SYNLP134 WT.xrni	bright and gritty	/home/meneses/.local/share/vital/WaveEdit Online/Wavetables/SYNLP134.vitaltable	WaveEdit Online (CC0)
SYNLP135 WT.xrni	bright and gritty	/home/meneses/.local/share/vital/WaveEdit Online/Wavetables/SYNLP135.vitaltable	WaveEdit Online (CC0)
SYNLP136 WT.xrni	bright and gritty	/home/meneses/.local/share/vital/WaveEdit Online/Wavetables/SYNLP136.vitaltable	WaveEdit Online (CC0)
SYNLP14 WT.xrni	bright and gritty	/home/meneses/.local/share/vital/WaveEdit Online/Wavetables/SYNLP14.vitaltable	WaveEdit Online (CC0)
SYNLP145 WT.xrni	bright and gritty	/home/meneses/.local/share/vital/WaveEdit Online/Wavetables/SYNLP145.vitaltable	WaveEdit Online (CC0)
SYNLP147 WT.xrni	bright and gritty	/home/meneses/.local/share/vital/WaveEdit Online/Wavetables/SYNLP147.vitaltable	WaveEdit Online (CC0)
SYNLP150 WT.xrni	bright and gritty	/home/meneses/.local/share/vital/WaveEdit Online/Wavetables/SYNLP150.vitaltable	WaveEdit Online (CC0)
SYNLP151 WT.xrni	bright and gritty	/home/meneses/.local/share/vital/WaveEdit Online/Wavetables/SYNLP151.vitaltable	WaveEdit Online (CC0)
SYNLP168 WT.xrni	bright and gritty	/home/meneses/.local/share/vital/WaveEdit Online/Wavetables/SYNLP168.vitaltable	WaveEdit Online (CC0)
SYNLP169 WT.xrni	bright and gritty	/home/meneses/.local/share/vital/WaveEdit Online/Wavetables/SYNLP169.vitaltable	WaveEdit Online (CC0)
SYNLP170 WT.xrni	bright and gritty	/home/meneses/.local/share/vital/WaveEdit Online/Wavetables/SYNLP170.vitaltable	WaveEdit Online (CC0)
SYNLP176 WT.xrni	bright and gritty	/home/meneses/.local/share/vital/WaveEdit Online/Wavetables/SYNLP176.vitaltable	WaveEdit Online (CC0)
SYNLP177 WT.xrni	bright and gritty	/home/meneses/.local/share/vital/WaveEdit Online/Wavetables/SYNLP177.vitaltable	WaveEdit Online (CC0)
SYNLP18 WT.xrni	bright and gritty	/home/meneses/.local/share/vital/WaveEdit Online/Wavetables/SYNLP18.vitaltable	WaveEdit Online (CC0)
SYNLP183 WT.xrni	bright and gritty	/home/meneses/.local/share/vital/WaveEdit Online/Wavetables/SYNLP183.vitaltable	WaveEdit Online (CC0)
SYNLP19 WT.xrni	bright and gritty	/home/meneses/.local/share/vital/WaveEdit Online/Wavetables/SYNLP19.vitaltable	WaveEdit Online (CC0)
SYNLP191 WT.xrni	bright and gritty	/home/meneses/.local/share/vital/WaveEdit Online/Wavetables/SYNLP191.vitaltable	WaveEdit Online (CC0)
SYNLP192 WT.xrni	bright and gritty	/home/meneses/.local/share/vital/WaveEdit Online/Wavetables/SYNLP192.vitaltable	WaveEdit Online (CC0)
SYNLP196 WT.xrni	bright and gritty	/home/meneses/.local/share/vital/WaveEdit Online/Wavetables/SYNLP196.vitaltable	WaveEdit Online (CC0)
SYNLP197 WT.xrni	bright and gritty	/home/meneses/.local/share/vital/WaveEdit Online/Wavetables/SYNLP197.vitaltable	WaveEdit Online (CC0)
SYNLP2 WT.xrni	bright and gritty	/home/meneses/.local/share/vital/WaveEdit Online/Wavetables/SYNLP2.vitaltable	WaveEdit Online (CC0)
SYNLP20 WT.xrni	bright and gritty	/home/meneses/.local/share/vital/WaveEdit Online/Wavetables/SYNLP20.vitaltable	WaveEdit Online (CC0)
SYNLP21 WT.xrni	bright and gritty	/home/meneses/.local/share/vital/WaveEdit Online/Wavetables/SYNLP21.vitaltable	WaveEdit Online (CC0)
SYNLP22 WT.xrni	bright and gritty	/home/meneses/.local/share/vital/WaveEdit Online/Wavetables/SYNLP22.vitaltable	WaveEdit Online (CC0)
SYNLP24 WT.xrni	bright and gritty	/home/meneses/.local/share/vital/WaveEdit Online/Wavetables/SYNLP24.vitaltable	WaveEdit Online (CC0)
SYNLP25 WT.xrni	bright and gritty	/home/meneses/.local/share/vital/WaveEdit Online/Wavetables/SYNLP25.vitaltable	WaveEdit Online (CC0)
SYNLP26 WT.xrni	bright and gritty	/home/meneses/.local/share/vital/WaveEdit Online/Wavetables/SYNLP26.vitaltable	WaveEdit Online (CC0)
SYNLP29 WT.xrni	bright and gritty	/home/meneses/.local/share/vital/WaveEdit Online/Wavetables/SYNLP29.vitaltable	WaveEdit Online (CC0)
SYNLP3 WT.xrni	bright and gritty	/home/meneses/.local/share/vital/WaveEdit Online/Wavetables/SYNLP3.vitaltable	WaveEdit Online (CC0)
SYNLP30 WT.xrni	bright and gritty	/home/meneses/.local/share/vital/WaveEdit Online/Wavetables/SYNLP30.vitaltable	WaveEdit Online (CC0)
SYNLP32 WT.xrni	bright and gritty	/home/meneses/.local/share/vital/WaveEdit Online/Wavetables/SYNLP32.vitaltable	WaveEdit Online (CC0)
SYNLP34 WT.xrni	bright and gritty	/home/meneses/.local/share/vital/WaveEdit Online/Wavetables/SYNLP34.vitaltable	WaveEdit Online (CC0)
SYNLP36 WT.xrni	bright and gritty	/home/meneses/.local/share/vital/WaveEdit Online/Wavetables/SYNLP36.vitaltable	WaveEdit Online (CC0)
SYNLP37 WT.xrni	bright and gritty	/home/meneses/.local/share/vital/WaveEdit Online/Wavetables/SYNLP37.vitaltable	WaveEdit Online (CC0)
SYNLP42 WT.xrni	bright and gritty	/home/meneses/.local/share/vital/WaveEdit Online/Wavetables/SYNLP42.vitaltable	WaveEdit Online (CC0)
SYNLP46 WT.xrni	bright and gritty	/home/meneses/.local/share/vital/WaveEdit Online/Wavetables/SYNLP46.vitaltable	WaveEdit Online (CC0)
SYNLP48 WT.xrni	bright and gritty	/home/meneses/.local/share/vital/WaveEdit Online/Wavetables/SYNLP48.vitaltable	WaveEdit Online (CC0)
SYNLP51 WT.xrni	bright and gritty	/home/meneses/.local/share/vital/WaveEdit Online/Wavetables/SYNLP51.vitaltable	WaveEdit Online (CC0)
SYNLP54 WT.xrni	bright and gritty	/home/meneses/.local/share/vital/WaveEdit Online/Wavetables/SYNLP54.vitaltable	WaveEdit Online (CC0)
SYNLP55 WT.xrni	bright and gritty	/home/meneses/.local/share/vital/WaveEdit Online/Wavetables/SYNLP55.vitaltable	WaveEdit Online (CC0)
SYNLP65 WT.xrni	bright and gritty	/home/meneses/.local/share/vital/WaveEdit Online/Wavetables/SYNLP65.vitaltable	WaveEdit Online (CC0)
SYNLP68 WT.xrni	bright and gritty	/home/meneses/.local/share/vital/WaveEdit Online/Wavetables/SYNLP68.vitaltable	WaveEdit Online (CC0)
SYNLP77 WT.xrni	bright and gritty	/home/meneses/.local/share/vital/WaveEdit Online/Wavetables/SYNLP77.vitaltable	WaveEdit Online (CC0)
SYNLP78 WT.xrni	bright and gritty	/home/meneses/.local/share/vital/WaveEdit Online/Wavetables/SYNLP78.vitaltable	WaveEdit Online (CC0)
SYNLP9 WT.xrni	bright and gritty	/home/meneses/.local/share/vital/WaveEdit Online/Wavetables/SYNLP9.vitaltable	WaveEdit Online (CC0)
SYNLP91 WT.xrni	bright and gritty	/home/meneses/.local/share/vital/WaveEdit Online/Wavetables/SYNLP91.vitaltable	WaveEdit Online (CC0)
SYNLP94 WT.xrni	bright and gritty	/home/meneses/.local/share/vital/WaveEdit Online/Wavetables/SYNLP94.vitaltable	WaveEdit Online (CC0)
SYNLPG02 WT.xrni	bright and gritty	/home/meneses/.local/share/vital/WaveEdit Online/Wavetables/SYNLPG02.vitaltable	WaveEdit Online (CC0)
SYNLPG03 WT.xrni	bright and gritty	/home/meneses/.local/share/vital/WaveEdit Online/Wavetables/SYNLPG03.vitaltable	WaveEdit Online (CC0)
SYNLPG06 WT.xrni	bright and gritty	/home/meneses/.local/share/vital/WaveEdit Online/Wavetables/SYNLPG06.vitaltable	WaveEdit Online (CC0)
SYNLPG08 WT.xrni	bright and gritty	/home/meneses/.local/share/vital/WaveEdit Online/Wavetables/SYNLPG08.vitaltable	WaveEdit Online (CC0)
SYNLPG14 WT.xrni	bright and gritty	/home/meneses/.local/share/vital/WaveEdit Online/Wavetables/SYNLPG14.vitaltable	WaveEdit Online (CC0)
Shaper Wave1 WT.xrni	bright and gritty	/home/meneses/.local/share/vital/Kimura Taro/Wavetables/Shaper Wave/Shaper Wave1.vitaltable	Kimura Taro (CC0)
Shaper Wave2 WT.xrni	bright and gritty	/home/meneses/.local/share/vital/Kimura Taro/Wavetables/Shaper Wave/Shaper Wave2.vitaltable	Kimura Taro (CC0)
Shaper Wave4 WT.xrni	bright and gritty	/home/meneses/.local/share/vital/Kimura Taro/Wavetables/Shaper Wave/Shaper Wave4.vitaltable	Kimura Taro (CC0)
Shaper Wave5 WT.xrni	bright and gritty	/home/meneses/.local/share/vital/Kimura Taro/Wavetables/Shaper Wave/Shaper Wave5.vitaltable	Kimura Taro (CC0)
Shaper Wave6 WT.xrni	bright and gritty	/home/meneses/.local/share/vital/Kimura Taro/Wavetables/Shaper Wave/Shaper Wave6.vitaltable	Kimura Taro (CC0)
TIDAL WT.xrni	bright and gritty	/home/meneses/.local/share/vital/WaveEdit Online/Wavetables/TIDAL.vitaltable	WaveEdit Online (CC0)
TIDYB002 WT.xrni	bright and gritty	/home/meneses/.local/share/vital/WaveEdit Online/Wavetables/TIDYB002.vitaltable	WaveEdit Online (CC0)
TIDYB003 WT.xrni	bright and gritty	/home/meneses/.local/share/vital/WaveEdit Online/Wavetables/TIDYB003.vitaltable	WaveEdit Online (CC0)
TIDYB004 WT.xrni	bright and gritty	/home/meneses/.local/share/vital/WaveEdit Online/Wavetables/TIDYB004.vitaltable	WaveEdit Online (CC0)
TIDYB005 WT.xrni	bright and gritty	/home/meneses/.local/share/vital/WaveEdit Online/Wavetables/TIDYB005.vitaltable	WaveEdit Online (CC0)
TIDYB006 WT.xrni	bright and gritty	/home/meneses/.local/share/vital/WaveEdit Online/Wavetables/TIDYB006.vitaltable	WaveEdit Online (CC0)
TIDYB007 WT.xrni	bright and gritty	/home/meneses/.local/share/vital/WaveEdit Online/Wavetables/TIDYB007.vitaltable	WaveEdit Online (CC0)
TIDYB008 WT.xrni	bright and gritty	/home/meneses/.local/share/vital/WaveEdit Online/Wavetables/TIDYB008.vitaltable	WaveEdit Online (CC0)
TIDYB009 WT.xrni	bright and gritty	/home/meneses/.local/share/vital/WaveEdit Online/Wavetables/TIDYB009.vitaltable	WaveEdit Online (CC0)
TIDYB010 WT.xrni	bright and gritty	/home/meneses/.local/share/vital/WaveEdit Online/Wavetables/TIDYB010.vitaltable	WaveEdit Online (CC0)
TIDYB011 WT.xrni	bright and gritty	/home/meneses/.local/share/vital/WaveEdit Online/Wavetables/TIDYB011.vitaltable	WaveEdit Online (CC0)
TIDYB012 WT.xrni	bright and gritty	/home/meneses/.local/share/vital/WaveEdit Online/Wavetables/TIDYB012.vitaltable	WaveEdit Online (CC0)
TIDYB013 WT.xrni	bright and gritty	/home/meneses/.local/share/vital/WaveEdit Online/Wavetables/TIDYB013.vitaltable	WaveEdit Online (CC0)
TIDYB014 WT.xrni	bright and gritty	/home/meneses/.local/share/vital/WaveEdit Online/Wavetables/TIDYB014.vitaltable	WaveEdit Online (CC0)
TIDYB015 WT.xrni	bright and gritty	/home/meneses/.local/share/vital/WaveEdit Online/Wavetables/TIDYB015.vitaltable	WaveEdit Online (CC0)
TIDYB016 WT.xrni	bright and gritty	/home/meneses/.local/share/vital/WaveEdit Online/Wavetables/TIDYB016.vitaltable	WaveEdit Online (CC0)
TIDYB018 WT.xrni	bright and gritty	/home/meneses/.local/share/vital/WaveEdit Online/Wavetables/TIDYB018.vitaltable	WaveEdit Online (CC0)
TIDYB019 WT.xrni	bright and gritty	/home/meneses/.local/share/vital/WaveEdit Online/Wavetables/TIDYB019.vitaltable	WaveEdit Online (CC0)
TIDYB020 WT.xrni	bright and gritty	/home/meneses/.local/share/vital/WaveEdit Online/Wavetables/TIDYB020.vitaltable	WaveEdit Online (CC0)
TIDYB023 WT.xrni	bright and gritty	/home/meneses/.local/share/vital/WaveEdit Online/Wavetables/TIDYB023.vitaltable	WaveEdit Online (CC0)
TIDYB029 WT.xrni	bright and gritty	/home/meneses/.local/share/vital/WaveEdit Online/Wavetables/TIDYB029.vitaltable	WaveEdit Online (CC0)
TIDYB036 WT.xrni	bright and gritty	/home/meneses/.local/share/vital/WaveEdit Online/Wavetables/TIDYB036.vitaltable	WaveEdit Online (CC0)
TIDYB040 WT.xrni	bright and gritty	/home/meneses/.local/share/vital/WaveEdit Online/Wavetables/TIDYB040.vitaltable	WaveEdit Online (CC0)
TIDYB041 WT.xrni	bright and gritty	/home/meneses/.local/share/vital/WaveEdit Online/Wavetables/TIDYB041.vitaltable	WaveEdit Online (CC0)
TIDYB066 WT.xrni	bright and gritty	/home/meneses/.local/share/vital/WaveEdit Online/Wavetables/TIDYB066.vitaltable	WaveEdit Online (CC0)
TIDYB073 WT.xrni	bright and gritty	/home/meneses/.local/share/vital/WaveEdit Online/Wavetables/TIDYB073.vitaltable	WaveEdit Online (CC0)
TIDYBNK0 WT.xrni	bright and gritty	/home/meneses/.local/share/vital/WaveEdit Online/Wavetables/TIDYBNK0.vitaltable	WaveEdit Online (CC0)
Terra Bend_PD WT.xrni	bright and gritty	/home/meneses/.local/share/vital/Kimura Taro/Wavetables/K-Devicees Terra/Terra Bend+PD.vitaltable	Kimura Taro (CC0)
Terra CpxMod1 WT.xrni	bright and gritty	/home/meneses/.local/share/vital/Kimura Taro/Wavetables/K-Devicees Terra/Terra CpxMod1.vitaltable	Kimura Taro (CC0)
Terra CpxMod2 WT.xrni	bright and gritty	/home/meneses/.local/share/vital/Kimura Taro/Wavetables/K-Devicees Terra/Terra CpxMod2.vitaltable	Kimura Taro (CC0)
WAVETABL WT.xrni	bright and gritty	/home/meneses/.local/share/vital/WaveEdit Online/Wavetables/WAVETABL.vitaltable	WaveEdit Online (CC0)
WAVETRIP WT.xrni	bright and gritty	/home/meneses/.local/share/vital/WaveEdit Online/Wavetables/WAVETRIP.vitaltable	WaveEdit Online (CC0)
WH Dy- WT.xrni	bright and gritty	/home/meneses/.local/share/vital/Kimura Taro/Wavetables/Walsh Function/WH Dy-.vitaltable	Kimura Taro (CC0)
WHERE_NO WT.xrni	bright and gritty	/home/meneses/.local/share/vital/WaveEdit Online/Wavetables/WHERE_NO.vitaltable	WaveEdit Online (CC0)
WHT- WT.xrni	bright and gritty	/home/meneses/.local/share/vital/Kimura Taro/Wavetables/Walsh Function/WHT-.vitaltable	Kimura Taro (CC0)
WHTHad Dy- WT.xrni	bright and gritty	/home/meneses/.local/share/vital/Kimura Taro/Wavetables/Walsh Function/WHTHad Dy-.vitaltable	Kimura Taro (CC0)
abs1 WT.xrni	bright and gritty	/home/meneses/.local/share/vital/Kimura Taro/Wavetables/abs/abs1.vitaltable	Kimura Taro (CC0)
abs5 WT.xrni	bright and gritty	/home/meneses/.local/share/vital/Kimura Taro/Wavetables/abs/abs5.vitaltable	Kimura Taro (CC0)
go ahead make my day- WT.xrni	bright and gritty	/home/meneses/.local/share/vital/Kimura Taro/Wavetables/Walsh Function/go ahead make my day-.vitaltable	Kimura Taro (CC0)
Noise WalshDY WT.xrni	impulses and clicks	/home/meneses/.local/share/vital/Kimura Taro/Wavetables/Noise/Noise WalshDY.vitaltable	Kimura Taro (CC0)
259E-G5 WT.xrni	metallic and FM	/home/meneses/.local/share/vital/Kimura Taro/Wavetables/Softbe Modular/259E-G5.vitaltable	Kimura Taro (CC0)
259E-G7 WT.xrni	metallic and FM	/home/meneses/.local/share/vital/Kimura Taro/Wavetables/Softbe Modular/259E-G7.vitaltable	Kimura Taro (CC0)
259e-R7 WT.xrni	metallic and FM	/home/meneses/.local/share/vital/Kimura Taro/Wavetables/Buchla 259e-Red/259e-R7.vitaltable	Kimura Taro (CC0)
A4PWM WT.xrni	metallic and FM	/home/meneses/.local/share/vital/Kimura Taro/Wavetables/AnalogFour/A4PWM.vitaltable	Kimura Taro (CC0)
A4SawLPF WT.xrni	metallic and FM	/home/meneses/.local/share/vital/Kimura Taro/Wavetables/AnalogFour/A4SawLPF.vitaltable	Kimura Taro (CC0)
A4SawPWM WT.xrni	metallic and FM	/home/meneses/.local/share/vital/Kimura Taro/Wavetables/AnalogFour/A4SawPWM.vitaltable	Kimura Taro (CC0)
A4SyncTrPulse WT.xrni	metallic and FM	/home/meneses/.local/share/vital/Kimura Taro/Wavetables/AnalogFour/A4SyncTrPulse.vitaltable	Kimura Taro (CC0)
A4TrPulseLPF WT.xrni	metallic and FM	/home/meneses/.local/share/vital/Kimura Taro/Wavetables/AnalogFour/A4TrPulseLPF.vitaltable	Kimura Taro (CC0)
A4TranPulse WT.xrni	metallic and FM	/home/meneses/.local/share/vital/Kimura Taro/Wavetables/AnalogFour/A4TranPulse.vitaltable	Kimura Taro (CC0)
A4TriPWM WT.xrni	metallic and FM	/home/meneses/.local/share/vital/Kimura Taro/Wavetables/AnalogFour/A4TriPWM.vitaltable	Kimura Taro (CC0)
ACID_SP WT.xrni	metallic and FM	/home/meneses/.local/share/vital/WaveEdit Online/Wavetables/ACID_SP.vitaltable	WaveEdit Online (CC0)
AudacityPluck Bell WT.xrni	metallic and FM	/home/meneses/.local/share/vital/Kimura Taro/Wavetables/Audacity/AudacityPluck Bell.vitaltable	Kimura Taro (CC0)
AudacityPluck Harm WT.xrni	metallic and FM	/home/meneses/.local/share/vital/Kimura Taro/Wavetables/Audacity/AudacityPluck Harm.vitaltable	Kimura Taro (CC0)
BANK_A WT.xrni	metallic and FM	/home/meneses/.local/share/vital/WaveEdit Online/Wavetables/BANK_A.vitaltable	WaveEdit Online (CC0)
CZ Reso2 WT.xrni	metallic and FM	/home/meneses/.local/share/vital/Kimura Taro/Wavetables/CZ Reso/CZ Reso2.vitaltable	Kimura Taro (CC0)
CZ Reso3 WT.xrni	metallic and FM	/home/meneses/.local/share/vital/Kimura Taro/Wavetables/CZ Reso/CZ Reso3.vitaltable	Kimura Taro (CC0)
CZ Reso4 WT.xrni	metallic and FM	/home/meneses/.local/share/vital/Kimura Taro/Wavetables/CZ Reso/CZ Reso4.vitaltable	Kimura Taro (CC0)
DSPWF4bit WT.xrni	metallic and FM	/home/meneses/.local/share/vital/Kimura Taro/Wavetables/DSP Wavefolder/DSPWF4bit.vitaltable	Kimura Taro (CC0)
DarkSynth1 WT.xrni	metallic and FM	/home/meneses/.local/share/vital/Kimura Taro/Wavetables/AmaizingNoises DarkSynth/DarkSynth1.vitaltable	Kimura Taro (CC0)
DarkSynth3 WT.xrni	metallic and FM	/home/meneses/.local/share/vital/Kimura Taro/Wavetables/AmaizingNoises DarkSynth/DarkSynth3.vitaltable	Kimura Taro (CC0)
DarkSynth3FM WT.xrni	metallic and FM	/home/meneses/.local/share/vital/Kimura Taro/Wavetables/AmaizingNoises DarkSynth/DarkSynth3FM.vitaltable	Kimura Taro (CC0)
DarkSynth4 WT.xrni	metallic and FM	/home/meneses/.local/share/vital/Kimura Taro/Wavetables/AmaizingNoises DarkSynth/DarkSynth4.vitaltable	Kimura Taro (CC0)
DirtyHarry 8bit WT.xrni	metallic and FM	/home/meneses/.local/share/vital/Kimura Taro/Wavetables/Vocorder/DirtyHarry 8bit.vitaltable	Kimura Taro (CC0)
DirtyHarry WT.xrni	metallic and FM	/home/meneses/.local/share/vital/Kimura Taro/Wavetables/Vocorder/DirtyHarry.vitaltable	Kimura Taro (CC0)
ELOB_A WT.xrni	metallic and FM	/home/meneses/.local/share/vital/WaveEdit Online/Wavetables/ELOB_A.vitaltable	WaveEdit Online (CC0)
FMFold WT.xrni	metallic and FM	/home/meneses/.local/share/vital/Kimura Taro/Wavetables/Waveshaper/FMFold.vitaltable	Kimura Taro (CC0)
FoldRing FM WT.xrni	metallic and FM	/home/meneses/.local/share/vital/Kimura Taro/Wavetables/Waveshaper/FoldRing FM.vitaltable	Kimura Taro (CC0)
FoldRing WT.xrni	metallic and FM	/home/meneses/.local/share/vital/Kimura Taro/Wavetables/Waveshaper/FoldRing.vitaltable	Kimura Taro (CC0)
FormantStep WT.xrni	metallic and FM	/home/meneses/.local/share/vital/Kimura Taro/Wavetables/FormantStep/FormantStep.vitaltable	Kimura Taro (CC0)
Fourier1 WT.xrni	metallic and FM	/home/meneses/.local/share/vital/Kimura Taro/Wavetables/ck.fourier 1.0/Fourier1.vitaltable	Kimura Taro (CC0)
GMa Vowel WT.xrni	metallic and FM	/home/meneses/.local/share/vital/Kimura Taro/Wavetables/GMa Vowel/GMa Vowel.vitaltable	Kimura Taro (CC0)
GRAV-B5 WT.xrni	metallic and FM	/home/meneses/.local/share/vital/WaveEdit Online/Wavetables/GRAV-B5.vitaltable	WaveEdit Online (CC0)
HARMONIC WT.xrni	metallic and FM	/home/meneses/.local/share/vital/WaveEdit Online/Wavetables/HARMONIC.vitaltable	WaveEdit Online (CC0)
Hardcore FM5 WT.xrni	metallic and FM	/home/meneses/.local/share/vital/Kimura Taro/Wavetables/Hardcore FM/Hardcore FM5.vitaltable	Kimura Taro (CC0)
Im Batman WT.xrni	metallic and FM	/home/meneses/.local/share/vital/Kimura Taro/Wavetables/Tone2Icarus Granular/Im Batman.vitaltable	Kimura Taro (CC0)
KD Shaper4 WT.xrni	metallic and FM	/home/meneses/.local/share/vital/Kimura Taro/Wavetables/K-Devices shaper/KD Shaper4.vitaltable	Kimura Taro (CC0)
KONBANWA WT.xrni	metallic and FM	/home/meneses/.local/share/vital/WaveEdit Online/Wavetables/KONBANWA.vitaltable	WaveEdit Online (CC0)
Karplus BP WT.xrni	metallic and FM	/home/meneses/.local/share/vital/Kimura Taro/Wavetables/Karplus Strong/Karplus BP.vitaltable	Kimura Taro (CC0)
Karplus CMP WT.xrni	metallic and FM	/home/meneses/.local/share/vital/Kimura Taro/Wavetables/Karplus Strong/Karplus CMP.vitaltable	Kimura Taro (CC0)
Karplus Rk WT.xrni	metallic and FM	/home/meneses/.local/share/vital/Kimura Taro/Wavetables/Karplus Strong/Karplus Rk.vitaltable	Kimura Taro (CC0)
M1 ABass Complex1 WT.xrni	metallic and FM	/home/meneses/.local/share/vital/Kimura Taro/Wavetables/M1 Wavetable[Mini][2048-44.1khz-32bit]/M1 ABass Complex1.vitaltable	Kimura Taro (CC0)
M1 AcoGuitar Complex1 WT.xrni	metallic and FM	/home/meneses/.local/share/vital/Kimura Taro/Wavetables/M1 Wavetable[Mini][2048-44.1khz-32bit]/M1 AcoGuitar Complex1.vitaltable	Kimura Taro (CC0)
M1 BariSax FB1 WT.xrni	metallic and FM	/home/meneses/.local/share/vital/Kimura Taro/Wavetables/M1 Wavetable[Mini][2048-44.1khz-32bit]/M1 BariSax FB1.vitaltable	Kimura Taro (CC0)
MAGNET00 WT.xrni	metallic and FM	/home/meneses/.local/share/vital/WaveEdit Online/Wavetables/MAGNET00.vitaltable	WaveEdit Online (CC0)
MONICS WT.xrni	metallic and FM	/home/meneses/.local/share/vital/WaveEdit Online/Wavetables/MONICS.vitaltable	WaveEdit Online (CC0)
MS 20 P10 PS1 WT.xrni	metallic and FM	/home/meneses/.local/share/vital/Kimura Taro/Wavetables/Korg Analog  Synth PhaseShift1/MS 20 P10 PS1.vitaltable	Kimura Taro (CC0)
MS2K WT.xrni	metallic and FM	/home/meneses/.local/share/vital/WaveEdit Online/Wavetables/MS2K.vitaltable	WaveEdit Online (CC0)
MSelfFB03 Mod WT.xrni	metallic and FM	/home/meneses/.local/share/vital/Kimura Taro/Wavetables/MSelfFB/MSelfFB03 Mod.vitaltable	Kimura Taro (CC0)
Melda SKEW IcarusMirror WT.xrni	metallic and FM	/home/meneses/.local/share/vital/Kimura Taro/Wavetables/Melda Oscillator/Melda SKEW IcarusMirror.vitaltable	Kimura Taro (CC0)
NOMAD WT.xrni	metallic and FM	/home/meneses/.local/share/vital/WaveEdit Online/Wavetables/NOMAD.vitaltable	WaveEdit Online (CC0)
OP1 DNA01 WT.xrni	metallic and FM	/home/meneses/.local/share/vital/Kimura Taro/Wavetables/TE OP-1/OP1 DNA01.vitaltable	Kimura Taro (CC0)
OP1 DNA02 WT.xrni	metallic and FM	/home/meneses/.local/share/vital/Kimura Taro/Wavetables/TE OP-1/OP1 DNA02.vitaltable	Kimura Taro (CC0)
OP1 DNA03 WT.xrni	metallic and FM	/home/meneses/.local/share/vital/Kimura Taro/Wavetables/TE OP-1/OP1 DNA03.vitaltable	Kimura Taro (CC0)
OP1 DNA04I WT.xrni	metallic and FM	/home/meneses/.local/share/vital/Kimura Taro/Wavetables/TE OP-1/OP1 DNA04I.vitaltable	Kimura Taro (CC0)
OP1 DNA05 WT.xrni	metallic and FM	/home/meneses/.local/share/vital/Kimura Taro/Wavetables/TE OP-1/OP1 DNA05.vitaltable	Kimura Taro (CC0)
OP1 Digital07 WT.xrni	metallic and FM	/home/meneses/.local/share/vital/Kimura Taro/Wavetables/TE OP-1/OP1 Digital07.vitaltable	Kimura Taro (CC0)
OP1 Digital08 WT.xrni	metallic and FM	/home/meneses/.local/share/vital/Kimura Taro/Wavetables/TE OP-1/OP1 Digital08.vitaltable	Kimura Taro (CC0)
OP1 Phase03I WT.xrni	metallic and FM	/home/meneses/.local/share/vital/Kimura Taro/Wavetables/TE OP-1/OP1 Phase03I.vitaltable	Kimura Taro (CC0)
OP1 Phase04 WT.xrni	metallic and FM	/home/meneses/.local/share/vital/Kimura Taro/Wavetables/TE OP-1/OP1 Phase04.vitaltable	Kimura Taro (CC0)
OP1 Phase04I WT.xrni	metallic and FM	/home/meneses/.local/share/vital/Kimura Taro/Wavetables/TE OP-1/OP1 Phase04I.vitaltable	Kimura Taro (CC0)
OP1 String01 WT.xrni	metallic and FM	/home/meneses/.local/share/vital/Kimura Taro/Wavetables/TE OP-1/OP1 String01.vitaltable	Kimura Taro (CC0)
OP1 String02 WT.xrni	metallic and FM	/home/meneses/.local/share/vital/Kimura Taro/Wavetables/TE OP-1/OP1 String02.vitaltable	Kimura Taro (CC0)
OP1 String04 WT.xrni	metallic and FM	/home/meneses/.local/share/vital/Kimura Taro/Wavetables/TE OP-1/OP1 String04.vitaltable	Kimura Taro (CC0)
PLAITS01 WT.xrni	metallic and FM	/home/meneses/.local/share/vital/WaveEdit Online/Wavetables/PLAITS01.vitaltable	WaveEdit Online (CC0)
PMSimple1 WT.xrni	metallic and FM	/home/meneses/.local/share/vital/Kimura Taro/Wavetables/PM[Simple]/PMSimple1.vitaltable	Kimura Taro (CC0)
PPG05 4bit WT.xrni	metallic and FM	/home/meneses/.local/share/vital/Kimura Taro/Wavetables/PPG Wave[4bit]/PPG05 4bit.vitaltable	Kimura Taro (CC0)
PPG05 WT.xrni	metallic and FM	/home/meneses/.local/share/vital/Kimura Taro/Wavetables/PPG Wave/PPG05.vitaltable	Kimura Taro (CC0)
PPG13 4bit WT.xrni	metallic and FM	/home/meneses/.local/share/vital/Kimura Taro/Wavetables/PPG Wave[4bit]/PPG13 4bit.vitaltable	Kimura Taro (CC0)
PPG13 WT.xrni	metallic and FM	/home/meneses/.local/share/vital/Kimura Taro/Wavetables/PPG Wave/PPG13.vitaltable	Kimura Taro (CC0)
PPG26 4bit WT.xrni	metallic and FM	/home/meneses/.local/share/vital/Kimura Taro/Wavetables/PPG Wave[4bit]/PPG26 4bit.vitaltable	Kimura Taro (CC0)
PPG26 WT.xrni	metallic and FM	/home/meneses/.local/share/vital/Kimura Taro/Wavetables/PPG Wave/PPG26.vitaltable	Kimura Taro (CC0)
PPG27 4bit WT.xrni	metallic and FM	/home/meneses/.local/share/vital/Kimura Taro/Wavetables/PPG Wave[4bit]/PPG27 4bit.vitaltable	Kimura Taro (CC0)
PPG27 WT.xrni	metallic and FM	/home/meneses/.local/share/vital/Kimura Taro/Wavetables/PPG Wave/PPG27.vitaltable	Kimura Taro (CC0)
PPG28 4bit WT.xrni	metallic and FM	/home/meneses/.local/share/vital/Kimura Taro/Wavetables/PPG Wave[4bit]/PPG28 4bit.vitaltable	Kimura Taro (CC0)
PPG28 WT.xrni	metallic and FM	/home/meneses/.local/share/vital/Kimura Taro/Wavetables/PPG Wave/PPG28.vitaltable	Kimura Taro (CC0)
PUSH_THE WT.xrni	metallic and FM	/home/meneses/.local/share/vital/WaveEdit Online/Wavetables/PUSH_THE.vitaltable	WaveEdit Online (CC0)
Pipe2 WT.xrni	metallic and FM	/home/meneses/.local/share/vital/Kimura Taro/Wavetables/Karplus Strong/Pipe2.vitaltable	Kimura Taro (CC0)
RMFM01 WT.xrni	metallic and FM	/home/meneses/.local/share/vital/Kimura Taro/Wavetables/RMFM/RMFM01.vitaltable	Kimura Taro (CC0)
RMFM05 WT.xrni	metallic and FM	/home/meneses/.local/share/vital/Kimura Taro/Wavetables/RMFM/RMFM05.vitaltable	Kimura Taro (CC0)
RMFM1 WT.xrni	metallic and FM	/home/meneses/.local/share/vital/Kimura Taro/Wavetables/Combination of various synthesis methods/RMFM1.vitaltable	Kimura Taro (CC0)
Random Spectrum1 WT.xrni	metallic and FM	/home/meneses/.local/share/vital/Kimura Taro/Wavetables/Random Spectrum/Random Spectrum1.vitaltable	Kimura Taro (CC0)
RandomFFT2 WT.xrni	metallic and FM	/home/meneses/.local/share/vital/Kimura Taro/Wavetables/RandomFFT/RandomFFT2.vitaltable	Kimura Taro (CC0)
RandomFFT4 WT.xrni	metallic and FM	/home/meneses/.local/share/vital/Kimura Taro/Wavetables/RandomFFT/RandomFFT4.vitaltable	Kimura Taro (CC0)
SINE_X2 WT.xrni	metallic and FM	/home/meneses/.local/share/vital/WaveEdit Online/Wavetables/SINE_X2.vitaltable	WaveEdit Online (CC0)
SPECTR02 WT.xrni	metallic and FM	/home/meneses/.local/share/vital/WaveEdit Online/Wavetables/SPECTR02.vitaltable	WaveEdit Online (CC0)
SYNLP166 WT.xrni	metallic and FM	/home/meneses/.local/share/vital/WaveEdit Online/Wavetables/SYNLP166.vitaltable	WaveEdit Online (CC0)
SYNTHARP WT.xrni	metallic and FM	/home/meneses/.local/share/vital/WaveEdit Online/Wavetables/SYNTHARP.vitaltable	WaveEdit Online (CC0)
SawFMRingSPR WT.xrni	metallic and FM	/home/meneses/.local/share/vital/Kimura Taro/Wavetables/Combination of various synthesis methods/SawFMRingSPR.vitaltable	Kimura Taro (CC0)
SawFRSR WT.xrni	metallic and FM	/home/meneses/.local/share/vital/Kimura Taro/Wavetables/Combination of various synthesis methods/SawFRSR.vitaltable	Kimura Taro (CC0)
SawPWMSync2 WT.xrni	metallic and FM	/home/meneses/.local/share/vital/Kimura Taro/Wavetables/OSC Sync+PWM/SawPWMSync2.vitaltable	Kimura Taro (CC0)
SawSync3 WT.xrni	metallic and FM	/home/meneses/.local/share/vital/Kimura Taro/Wavetables/OSC Sync+PWM/SawSync3.vitaltable	Kimura Taro (CC0)
SawSync7 WT.xrni	metallic and FM	/home/meneses/.local/share/vital/Kimura Taro/Wavetables/OSC Sync+PWM/SawSync7.vitaltable	Kimura Taro (CC0)
Say my name- WT.xrni	metallic and FM	/home/meneses/.local/share/vital/Kimura Taro/Wavetables/Walsh Function/Say my name-.vitaltable	Kimura Taro (CC0)
StringCp2 WT.xrni	metallic and FM	/home/meneses/.local/share/vital/Kimura Taro/Wavetables/Karplus Strong/StringCp2.vitaltable	Kimura Taro (CC0)
TEZZALOG WT.xrni	metallic and FM	/home/meneses/.local/share/vital/WaveEdit Online/Wavetables/TEZZALOG.vitaltable	WaveEdit Online (CC0)
TWIST31 WT.xrni	metallic and FM	/home/meneses/.local/share/vital/WaveEdit Online/Wavetables/TWIST31.vitaltable	WaveEdit Online (CC0)
Term3 WT.xrni	metallic and FM	/home/meneses/.local/share/vital/Kimura Taro/Wavetables/AudioTerm/Term3.vitaltable	Kimura Taro (CC0)
Term6 WT.xrni	metallic and FM	/home/meneses/.local/share/vital/Kimura Taro/Wavetables/AudioTerm/Term6.vitaltable	Kimura Taro (CC0)
UH...PSY WT.xrni	metallic and FM	/home/meneses/.local/share/vital/WaveEdit Online/Wavetables/UH...PSY.vitaltable	WaveEdit Online (CC0)
VS Morph5 WT.xrni	metallic and FM	/home/meneses/.local/share/vital/Kimura Taro/Wavetables/Prophet VS Wave/VS Morph5.vitaltable	Kimura Taro (CC0)
VWave4 WT.xrni	metallic and FM	/home/meneses/.local/share/vital/Kimura Taro/Wavetables/Combination of various synthesis methods/VWave4.vitaltable	Kimura Taro (CC0)
VWave7 WT.xrni	metallic and FM	/home/meneses/.local/share/vital/Kimura Taro/Wavetables/Combination of various synthesis methods/VWave7.vitaltable	Kimura Taro (CC0)
Wall Street WT.xrni	metallic and FM	/home/meneses/.local/share/vital/Kimura Taro/Wavetables/Tone2Icarus Granular/Wall Street.vitaltable	Kimura Taro (CC0)
outrage01 WT.xrni	metallic and FM	/home/meneses/.local/share/vital/Kimura Taro/Wavetables/Tone2Icarus Granular/outrage01.vitaltable	Kimura Taro (CC0)
outrage02 WT.xrni	metallic and FM	/home/meneses/.local/share/vital/Kimura Taro/Wavetables/Tone2Icarus Granular/outrage02.vitaltable	Kimura Taro (CC0)
outrage03 WT.xrni	metallic and FM	/home/meneses/.local/share/vital/Kimura Taro/Wavetables/Tone2Icarus Granular/outrage03.vitaltable	Kimura Taro (CC0)
outrage04 WT.xrni	metallic and FM	/home/meneses/.local/share/vital/Kimura Taro/Wavetables/Tone2Icarus Granular/outrage04.vitaltable	Kimura Taro (CC0)
outrage05 WT.xrni	metallic and FM	/home/meneses/.local/share/vital/Kimura Taro/Wavetables/Tone2Icarus Granular/outrage05.vitaltable	Kimura Taro (CC0)
poly6 P10 PS1 WT.xrni	metallic and FM	/home/meneses/.local/share/vital/Kimura Taro/Wavetables/Korg Analog  Synth PhaseShift1/poly6 P10 PS1.vitaltable	Kimura Taro (CC0)
FM FB1 WT.xrni	near sine	/home/meneses/.local/share/vital/Kimura Taro/Wavetables/FM Feedback/FM FB1.vitaltable	Kimura Taro (CC0)
PURE_MAJ WT.xrni	near sine	/home/meneses/.local/share/vital/WaveEdit Online/Wavetables/PURE_MAJ.vitaltable	WaveEdit Online (CC0)
Phase1 WT.xrni	near sine	/home/meneses/.local/share/vital/Kimura Taro/Wavetables/Phase/Phase1.vitaltable	Kimura Taro (CC0)
SYNLP140 WT.xrni	near sine	/home/meneses/.local/share/vital/WaveEdit Online/Wavetables/SYNLP140.vitaltable	WaveEdit Online (CC0)
SYNLP175 WT.xrni	near sine	/home/meneses/.local/share/vital/WaveEdit Online/Wavetables/SYNLP175.vitaltable	WaveEdit Online (CC0)
SYNLP39 WT.xrni	near sine	/home/meneses/.local/share/vital/WaveEdit Online/Wavetables/SYNLP39.vitaltable	WaveEdit Online (CC0)
SYNLP72 WT.xrni	near sine	/home/meneses/.local/share/vital/WaveEdit Online/Wavetables/SYNLP72.vitaltable	WaveEdit Online (CC0)
SYNLP89 WT.xrni	near sine	/home/meneses/.local/share/vital/WaveEdit Online/Wavetables/SYNLP89.vitaltable	WaveEdit Online (CC0)
259e-Mix3 WT.xrni	octave and folded	/home/meneses/.local/share/vital/Kimura Taro/Wavetables/Buchla 259e-Red/259e-Mix3.vitaltable	Kimura Taro (CC0)
259e-R3 WT.xrni	octave and folded	/home/meneses/.local/share/vital/Kimura Taro/Wavetables/Buchla 259e-Red/259e-R3.vitaltable	Kimura Taro (CC0)
AAHWOHYE WT.xrni	octave and folded	/home/meneses/.local/share/vital/WaveEdit Online/Wavetables/AAHWOHYE.vitaltable	WaveEdit Online (CC0)
ADDITIVE WT.xrni	octave and folded	/home/meneses/.local/share/vital/WaveEdit Online/Wavetables/ADDITIVE.vitaltable	WaveEdit Online (CC0)
AKVF_VID WT.xrni	octave and folded	/home/meneses/.local/share/vital/WaveEdit Online/Wavetables/AKVF_VID.vitaltable	WaveEdit Online (CC0)
AKWF_FMS WT.xrni	octave and folded	/home/meneses/.local/share/vital/WaveEdit Online/Wavetables/AKWF_FMS.vitaltable	WaveEdit Online (CC0)
ASSYMETR WT.xrni	octave and folded	/home/meneses/.local/share/vital/WaveEdit Online/Wavetables/ASSYMETR.vitaltable	WaveEdit Online (CC0)
AUDIOTER WT.xrni	octave and folded	/home/meneses/.local/share/vital/WaveEdit Online/Wavetables/AUDIOTER.vitaltable	WaveEdit Online (CC0)
Add Synth3 Icarus WT.xrni	octave and folded	/home/meneses/.local/share/vital/Kimura Taro/Wavetables/Additive Synth/Add Synth3 Icarus.vitaltable	Kimura Taro (CC0)
Add Synth4 IcarusStack WT.xrni	octave and folded	/home/meneses/.local/share/vital/Kimura Taro/Wavetables/Additive Synth/Add Synth4 IcarusStack.vitaltable	Kimura Taro (CC0)
Bazille FR1 WT.xrni	octave and folded	/home/meneses/.local/share/vital/Kimura Taro/Wavetables/Bazille/Bazille FR1.vitaltable	Kimura Taro (CC0)
Bazille FR2 WT.xrni	octave and folded	/home/meneses/.local/share/vital/Kimura Taro/Wavetables/Bazille/Bazille FR2.vitaltable	Kimura Taro (CC0)
Bazille PD1 WT.xrni	octave and folded	/home/meneses/.local/share/vital/Kimura Taro/Wavetables/Bazille/Bazille PD1.vitaltable	Kimura Taro (CC0)
Bazille PD3 AM WT.xrni	octave and folded	/home/meneses/.local/share/vital/Kimura Taro/Wavetables/Bazille/Bazille PD3 AM.vitaltable	Kimura Taro (CC0)
Bazille PD3 WT.xrni	octave and folded	/home/meneses/.local/share/vital/Kimura Taro/Wavetables/Bazille/Bazille PD3.vitaltable	Kimura Taro (CC0)
Bazille PDFR2 WT.xrni	octave and folded	/home/meneses/.local/share/vital/Kimura Taro/Wavetables/Bazille/Bazille PDFR2.vitaltable	Kimura Taro (CC0)
DSPWF WT.xrni	octave and folded	/home/meneses/.local/share/vital/Kimura Taro/Wavetables/DSP Wavefolder/DSPWF.vitaltable	Kimura Taro (CC0)
Dril bu WT.xrni	octave and folded	/home/meneses/.local/share/vital/Kimura Taro/Wavetables/Additive Synth/Dril bu.vitaltable	Kimura Taro (CC0)
FEEDBACK WT.xrni	octave and folded	/home/meneses/.local/share/vital/WaveEdit Online/Wavetables/FEEDBACK.vitaltable	WaveEdit Online (CC0)
Formant1 WT.xrni	octave and folded	/home/meneses/.local/share/vital/Kimura Taro/Wavetables/Formant/Formant1.vitaltable	Kimura Taro (CC0)
GRAV-B6 WT.xrni	octave and folded	/home/meneses/.local/share/vital/WaveEdit Online/Wavetables/GRAV-B6.vitaltable	WaveEdit Online (CC0)
GRAV-C2 WT.xrni	octave and folded	/home/meneses/.local/share/vital/WaveEdit Online/Wavetables/GRAV-C2.vitaltable	WaveEdit Online (CC0)
GRAV-C9 WT.xrni	octave and folded	/home/meneses/.local/share/vital/WaveEdit Online/Wavetables/GRAV-C9.vitaltable	WaveEdit Online (CC0)
HVOICEA WT.xrni	octave and folded	/home/meneses/.local/share/vital/WaveEdit Online/Wavetables/HVOICEA.vitaltable	WaveEdit Online (CC0)
Hardcore FM8 WT.xrni	octave and folded	/home/meneses/.local/share/vital/Kimura Taro/Wavetables/Hardcore FM/Hardcore FM8.vitaltable	Kimura Taro (CC0)
JUNOX_HO WT.xrni	octave and folded	/home/meneses/.local/share/vital/WaveEdit Online/Wavetables/JUNOX_HO.vitaltable	WaveEdit Online (CC0)
LIGHT_00 WT.xrni	octave and folded	/home/meneses/.local/share/vital/WaveEdit Online/Wavetables/LIGHT_00.vitaltable	WaveEdit Online (CC0)
LIGHT_YE WT.xrni	octave and folded	/home/meneses/.local/share/vital/WaveEdit Online/Wavetables/LIGHT_YE.vitaltable	WaveEdit Online (CC0)
M1 SlapBass Complex1 WT.xrni	octave and folded	/home/meneses/.local/share/vital/Kimura Taro/Wavetables/M1 Wavetable[Mini][2048-44.1khz-32bit]/M1 SlapBass Complex1.vitaltable	Kimura Taro (CC0)
M1 Strings1 SP1 WT.xrni	octave and folded	/home/meneses/.local/share/vital/Kimura Taro/Wavetables/M1 Wavetable[Mini][2048-44.1khz-32bit]/M1 Strings1 SP1.vitaltable	Kimura Taro (CC0)
MUTATION WT.xrni	octave and folded	/home/meneses/.local/share/vital/WaveEdit Online/Wavetables/MUTATION.vitaltable	WaveEdit Online (CC0)
MultiPhase SQ IcarusStack WT.xrni	octave and folded	/home/meneses/.local/share/vital/Kimura Taro/Wavetables/MultiPhase OSC/MultiPhase SQ IcarusStack.vitaltable	Kimura Taro (CC0)
MultiPhaseSaw IcarusStack WT.xrni	octave and folded	/home/meneses/.local/share/vital/Kimura Taro/Wavetables/MultiPhase OSC/MultiPhaseSaw IcarusStack.vitaltable	Kimura Taro (CC0)
OP1 Digital04I WT.xrni	octave and folded	/home/meneses/.local/share/vital/Kimura Taro/Wavetables/TE OP-1/OP1 Digital04I.vitaltable	Kimura Taro (CC0)
OP1 Digital09 WT.xrni	octave and folded	/home/meneses/.local/share/vital/Kimura Taro/Wavetables/TE OP-1/OP1 Digital09.vitaltable	Kimura Taro (CC0)
ORGANS01 WT.xrni	octave and folded	/home/meneses/.local/share/vital/WaveEdit Online/Wavetables/ORGANS01.vitaltable	WaveEdit Online (CC0)
PD103 WT.xrni	octave and folded	/home/meneses/.local/share/vital/WaveEdit Online/Wavetables/PD103.vitaltable	WaveEdit Online (CC0)
PD104 WT.xrni	octave and folded	/home/meneses/.local/share/vital/WaveEdit Online/Wavetables/PD104.vitaltable	WaveEdit Online (CC0)
PPG04 4bit WT.xrni	octave and folded	/home/meneses/.local/share/vital/Kimura Taro/Wavetables/PPG Wave[4bit]/PPG04 4bit.vitaltable	Kimura Taro (CC0)
PPG04 WT.xrni	octave and folded	/home/meneses/.local/share/vital/Kimura Taro/Wavetables/PPG Wave/PPG04.vitaltable	Kimura Taro (CC0)
PPG08 4bit WT.xrni	octave and folded	/home/meneses/.local/share/vital/Kimura Taro/Wavetables/PPG Wave[4bit]/PPG08 4bit.vitaltable	Kimura Taro (CC0)
PPG08 WT.xrni	octave and folded	/home/meneses/.local/share/vital/Kimura Taro/Wavetables/PPG Wave/PPG08.vitaltable	Kimura Taro (CC0)
PPG_WA08 WT.xrni	octave and folded	/home/meneses/.local/share/vital/WaveEdit Online/Wavetables/PPG_WA08.vitaltable	WaveEdit Online (CC0)
PWM1 WT.xrni	octave and folded	/home/meneses/.local/share/vital/Kimura Taro/Wavetables/OSC Sync+PWM/PWM1.vitaltable	Kimura Taro (CC0)
Phase8 WT.xrni	octave and folded	/home/meneses/.local/share/vital/Kimura Taro/Wavetables/Phase/Phase8.vitaltable	Kimura Taro (CC0)
Plaits01 WT.xrni	octave and folded	/home/meneses/.local/share/vital/Kimura Taro/Wavetables/Mutable Instruments Plaits/Plaits01.vitaltable	Kimura Taro (CC0)
RETRO_SP WT.xrni	octave and folded	/home/meneses/.local/share/vital/WaveEdit Online/Wavetables/RETRO_SP.vitaltable	WaveEdit Online (CC0)
RRLYRQ5 WT.xrni	octave and folded	/home/meneses/.local/share/vital/WaveEdit Online/Wavetables/RRLYRQ5.vitaltable	WaveEdit Online (CC0)
RRLYRQ6 WT.xrni	octave and folded	/home/meneses/.local/share/vital/WaveEdit Online/Wavetables/RRLYRQ6.vitaltable	WaveEdit Online (CC0)
RRLYRQ7 WT.xrni	octave and folded	/home/meneses/.local/share/vital/WaveEdit Online/Wavetables/RRLYRQ7.vitaltable	WaveEdit Online (CC0)
RandomFFT1 WT.xrni	octave and folded	/home/meneses/.local/share/vital/Kimura Taro/Wavetables/RandomFFT/RandomFFT1.vitaltable	Kimura Taro (CC0)
RandomFFT3 WT.xrni	octave and folded	/home/meneses/.local/share/vital/Kimura Taro/Wavetables/RandomFFT/RandomFFT3.vitaltable	Kimura Taro (CC0)
SOHLER20 WT.xrni	octave and folded	/home/meneses/.local/share/vital/WaveEdit Online/Wavetables/SOHLER20.vitaltable	WaveEdit Online (CC0)
SOHLER29 WT.xrni	octave and folded	/home/meneses/.local/share/vital/WaveEdit Online/Wavetables/SOHLER29.vitaltable	WaveEdit Online (CC0)
SOHLER44 WT.xrni	octave and folded	/home/meneses/.local/share/vital/WaveEdit Online/Wavetables/SOHLER44.vitaltable	WaveEdit Online (CC0)
SOHLER60 WT.xrni	octave and folded	/home/meneses/.local/share/vital/WaveEdit Online/Wavetables/SOHLER60.vitaltable	WaveEdit Online (CC0)
SOHLER81 WT.xrni	octave and folded	/home/meneses/.local/share/vital/WaveEdit Online/Wavetables/SOHLER81.vitaltable	WaveEdit Online (CC0)
SPECTR01 WT.xrni	octave and folded	/home/meneses/.local/share/vital/WaveEdit Online/Wavetables/SPECTR01.vitaltable	WaveEdit Online (CC0)
SUPERSAW WT.xrni	octave and folded	/home/meneses/.local/share/vital/WaveEdit Online/Wavetables/SUPERSAW.vitaltable	WaveEdit Online (CC0)
SYNLP111 WT.xrni	octave and folded	/home/meneses/.local/share/vital/WaveEdit Online/Wavetables/SYNLP111.vitaltable	WaveEdit Online (CC0)
SYNLP116 WT.xrni	octave and folded	/home/meneses/.local/share/vital/WaveEdit Online/Wavetables/SYNLP116.vitaltable	WaveEdit Online (CC0)
SYNLP12 WT.xrni	octave and folded	/home/meneses/.local/share/vital/WaveEdit Online/Wavetables/SYNLP12.vitaltable	WaveEdit Online (CC0)
SYNLP130 WT.xrni	octave and folded	/home/meneses/.local/share/vital/WaveEdit Online/Wavetables/SYNLP130.vitaltable	WaveEdit Online (CC0)
SYNLP132 WT.xrni	octave and folded	/home/meneses/.local/share/vital/WaveEdit Online/Wavetables/SYNLP132.vitaltable	WaveEdit Online (CC0)
SYNLP148 WT.xrni	octave and folded	/home/meneses/.local/share/vital/WaveEdit Online/Wavetables/SYNLP148.vitaltable	WaveEdit Online (CC0)
SYNLP159 WT.xrni	octave and folded	/home/meneses/.local/share/vital/WaveEdit Online/Wavetables/SYNLP159.vitaltable	WaveEdit Online (CC0)
SYNLP160 WT.xrni	octave and folded	/home/meneses/.local/share/vital/WaveEdit Online/Wavetables/SYNLP160.vitaltable	WaveEdit Online (CC0)
SYNLP164 WT.xrni	octave and folded	/home/meneses/.local/share/vital/WaveEdit Online/Wavetables/SYNLP164.vitaltable	WaveEdit Online (CC0)
SYNLP165 WT.xrni	octave and folded	/home/meneses/.local/share/vital/WaveEdit Online/Wavetables/SYNLP165.vitaltable	WaveEdit Online (CC0)
SYNLP182 WT.xrni	octave and folded	/home/meneses/.local/share/vital/WaveEdit Online/Wavetables/SYNLP182.vitaltable	WaveEdit Online (CC0)
SYNLP184 WT.xrni	octave and folded	/home/meneses/.local/share/vital/WaveEdit Online/Wavetables/SYNLP184.vitaltable	WaveEdit Online (CC0)
SYNLP185 WT.xrni	octave and folded	/home/meneses/.local/share/vital/WaveEdit Online/Wavetables/SYNLP185.vitaltable	WaveEdit Online (CC0)
SYNLP198 WT.xrni	octave and folded	/home/meneses/.local/share/vital/WaveEdit Online/Wavetables/SYNLP198.vitaltable	WaveEdit Online (CC0)
SYNLP27 WT.xrni	octave and folded	/home/meneses/.local/share/vital/WaveEdit Online/Wavetables/SYNLP27.vitaltable	WaveEdit Online (CC0)
SYNLP31 WT.xrni	octave and folded	/home/meneses/.local/share/vital/WaveEdit Online/Wavetables/SYNLP31.vitaltable	WaveEdit Online (CC0)
SYNLP38 WT.xrni	octave and folded	/home/meneses/.local/share/vital/WaveEdit Online/Wavetables/SYNLP38.vitaltable	WaveEdit Online (CC0)
SYNLP43 WT.xrni	octave and folded	/home/meneses/.local/share/vital/WaveEdit Online/Wavetables/SYNLP43.vitaltable	WaveEdit Online (CC0)
SYNLP44 WT.xrni	octave and folded	/home/meneses/.local/share/vital/WaveEdit Online/Wavetables/SYNLP44.vitaltable	WaveEdit Online (CC0)
SYNLP47 WT.xrni	octave and folded	/home/meneses/.local/share/vital/WaveEdit Online/Wavetables/SYNLP47.vitaltable	WaveEdit Online (CC0)
SYNLP63 WT.xrni	octave and folded	/home/meneses/.local/share/vital/WaveEdit Online/Wavetables/SYNLP63.vitaltable	WaveEdit Online (CC0)
SYNLP66 WT.xrni	octave and folded	/home/meneses/.local/share/vital/WaveEdit Online/Wavetables/SYNLP66.vitaltable	WaveEdit Online (CC0)
SYNLP74 WT.xrni	octave and folded	/home/meneses/.local/share/vital/WaveEdit Online/Wavetables/SYNLP74.vitaltable	WaveEdit Online (CC0)
SYNLP80 WT.xrni	octave and folded	/home/meneses/.local/share/vital/WaveEdit Online/Wavetables/SYNLP80.vitaltable	WaveEdit Online (CC0)
SYNLP82 WT.xrni	octave and folded	/home/meneses/.local/share/vital/WaveEdit Online/Wavetables/SYNLP82.vitaltable	WaveEdit Online (CC0)
SYNLP83 WT.xrni	octave and folded	/home/meneses/.local/share/vital/WaveEdit Online/Wavetables/SYNLP83.vitaltable	WaveEdit Online (CC0)
SYNLP85 WT.xrni	octave and folded	/home/meneses/.local/share/vital/WaveEdit Online/Wavetables/SYNLP85.vitaltable	WaveEdit Online (CC0)
SYNLP86 WT.xrni	octave and folded	/home/meneses/.local/share/vital/WaveEdit Online/Wavetables/SYNLP86.vitaltable	WaveEdit Online (CC0)
SYNLP98 WT.xrni	octave and folded	/home/meneses/.local/share/vital/WaveEdit Online/Wavetables/SYNLP98.vitaltable	WaveEdit Online (CC0)
SYNLP99 WT.xrni	octave and folded	/home/meneses/.local/share/vital/WaveEdit Online/Wavetables/SYNLP99.vitaltable	WaveEdit Online (CC0)
SYNLPG09 WT.xrni	octave and folded	/home/meneses/.local/share/vital/WaveEdit Online/Wavetables/SYNLPG09.vitaltable	WaveEdit Online (CC0)
SYNTH_VO WT.xrni	octave and folded	/home/meneses/.local/share/vital/WaveEdit Online/Wavetables/SYNTH_VO.vitaltable	WaveEdit Online (CC0)
SawFMRingSP WT.xrni	octave and folded	/home/meneses/.local/share/vital/Kimura Taro/Wavetables/Combination of various synthesis methods/SawFMRingSP.vitaltable	Kimura Taro (CC0)
SawSync1 WT.xrni	octave and folded	/home/meneses/.local/share/vital/Kimura Taro/Wavetables/OSC Sync+PWM/SawSync1.vitaltable	Kimura Taro (CC0)
StringCp1 WT.xrni	octave and folded	/home/meneses/.local/share/vital/Kimura Taro/Wavetables/Karplus Strong/StringCp1.vitaltable	Kimura Taro (CC0)
TWIST1 WT.xrni	octave and folded	/home/meneses/.local/share/vital/WaveEdit Online/Wavetables/TWIST1.vitaltable	WaveEdit Online (CC0)
TWIST6 WT.xrni	octave and folded	/home/meneses/.local/share/vital/WaveEdit Online/Wavetables/TWIST6.vitaltable	WaveEdit Online (CC0)
Term4 WT.xrni	octave and folded	/home/meneses/.local/share/vital/Kimura Taro/Wavetables/AudioTerm/Term4.vitaltable	Kimura Taro (CC0)
Terra Bend_PD Stack WT.xrni	octave and folded	/home/meneses/.local/share/vital/Kimura Taro/Wavetables/K-Devicees Terra/Terra Bend+PD Stack.vitaltable	Kimura Taro (CC0)
VIRUS_SA WT.xrni	octave and folded	/home/meneses/.local/share/vital/WaveEdit Online/Wavetables/VIRUS_SA.vitaltable	WaveEdit Online (CC0)
VOCAL_00 WT.xrni	octave and folded	/home/meneses/.local/share/vital/WaveEdit Online/Wavetables/VOCAL_00.vitaltable	WaveEdit Online (CC0)
VS VMorph1 WT.xrni	octave and folded	/home/meneses/.local/share/vital/Kimura Taro/Wavetables/Prophet VS Wave/VS VMorph1.vitaltable	Kimura Taro (CC0)
VS VMorph4 WT.xrni	octave and folded	/home/meneses/.local/share/vital/Kimura Taro/Wavetables/Prophet VS Wave/VS VMorph4.vitaltable	Kimura Taro (CC0)
VS VMorph5 WT.xrni	octave and folded	/home/meneses/.local/share/vital/Kimura Taro/Wavetables/Prophet VS Wave/VS VMorph5.vitaltable	Kimura Taro (CC0)
abs2 WT.xrni	octave and folded	/home/meneses/.local/share/vital/Kimura Taro/Wavetables/abs/abs2.vitaltable	Kimura Taro (CC0)
abs3 WT.xrni	octave and folded	/home/meneses/.local/share/vital/Kimura Taro/Wavetables/abs/abs3.vitaltable	Kimura Taro (CC0)
abs4 WT.xrni	octave and folded	/home/meneses/.local/share/vital/Kimura Taro/Wavetables/abs/abs4.vitaltable	Kimura Taro (CC0)
111___00 WT.xrni	pulse and round	/home/meneses/.local/share/vital/WaveEdit Online/Wavetables/111___00.vitaltable	WaveEdit Online (CC0)
ACCESS_V WT.xrni	pulse and round	/home/meneses/.local/share/vital/WaveEdit Online/Wavetables/ACCESS_V.vitaltable	WaveEdit Online (CC0)
AJ-PWM Saw1 WT.xrni	pulse and round	/home/meneses/.local/share/vital/Kimura Taro/Wavetables/Alpha Juno SawPWM/AJ-PWM Saw1.vitaltable	Kimura Taro (CC0)
AMPWM1 WT.xrni	pulse and round	/home/meneses/.local/share/vital/Kimura Taro/Wavetables/AMPWM/AMPWM1.vitaltable	Kimura Taro (CC0)
AMPWM3 WT.xrni	pulse and round	/home/meneses/.local/share/vital/Kimura Taro/Wavetables/AMPWM/AMPWM3.vitaltable	Kimura Taro (CC0)
AMPWM4 WT.xrni	pulse and round	/home/meneses/.local/share/vital/Kimura Taro/Wavetables/AMPWM/AMPWM4.vitaltable	Kimura Taro (CC0)
CRUSH_AD WT.xrni	pulse and round	/home/meneses/.local/share/vital/WaveEdit Online/Wavetables/CRUSH_AD.vitaltable	WaveEdit Online (CC0)
Chebyshev poly2 WT.xrni	pulse and round	/home/meneses/.local/share/vital/Kimura Taro/Wavetables/Chebyshev polynomials/Chebyshev poly2.vitaltable	Kimura Taro (CC0)
DIRTY_01 WT.xrni	pulse and round	/home/meneses/.local/share/vital/WaveEdit Online/Wavetables/DIRTY_01.vitaltable	WaveEdit Online (CC0)
DIRTY_02 WT.xrni	pulse and round	/home/meneses/.local/share/vital/WaveEdit Online/Wavetables/DIRTY_02.vitaltable	WaveEdit Online (CC0)
E.GUITAR WT.xrni	pulse and round	/home/meneses/.local/share/vital/WaveEdit Online/Wavetables/E.GUITAR.vitaltable	WaveEdit Online (CC0)
FM FB3 WT.xrni	pulse and round	/home/meneses/.local/share/vital/Kimura Taro/Wavetables/FM Feedback/FM FB3.vitaltable	Kimura Taro (CC0)
FRACTA01 WT.xrni	pulse and round	/home/meneses/.local/share/vital/WaveEdit Online/Wavetables/FRACTA01.vitaltable	WaveEdit Online (CC0)
Ferine MultiOSC WT.xrni	pulse and round	/home/meneses/.local/share/vital/Kimura Taro/Wavetables/Ferine/Ferine MultiOSC.vitaltable	Kimura Taro (CC0)
Ferrine Waldh IDY WT.xrni	pulse and round	/home/meneses/.local/share/vital/Kimura Taro/Wavetables/Ferine/Ferrine Waldh IDY.vitaltable	Kimura Taro (CC0)
Ferrine Walsh DY WT.xrni	pulse and round	/home/meneses/.local/share/vital/Kimura Taro/Wavetables/Ferine/Ferrine Walsh DY.vitaltable	Kimura Taro (CC0)
GRAV-A3 WT.xrni	pulse and round	/home/meneses/.local/share/vital/WaveEdit Online/Wavetables/GRAV-A3.vitaltable	WaveEdit Online (CC0)
GRAV-A7 WT.xrni	pulse and round	/home/meneses/.local/share/vital/WaveEdit Online/Wavetables/GRAV-A7.vitaltable	WaveEdit Online (CC0)
GRAV-A9 WT.xrni	pulse and round	/home/meneses/.local/share/vital/WaveEdit Online/Wavetables/GRAV-A9.vitaltable	WaveEdit Online (CC0)
Half Clip1 WT.xrni	pulse and round	/home/meneses/.local/share/vital/Kimura Taro/Wavetables/Half Clip/Half Clip1.vitaltable	Kimura Taro (CC0)
Half Clip2 WT.xrni	pulse and round	/home/meneses/.local/share/vital/Kimura Taro/Wavetables/Half Clip/Half Clip2.vitaltable	Kimura Taro (CC0)
Half Clip3 WT.xrni	pulse and round	/home/meneses/.local/share/vital/Kimura Taro/Wavetables/Half Clip/Half Clip3.vitaltable	Kimura Taro (CC0)
Hardcore FM1 WT.xrni	pulse and round	/home/meneses/.local/share/vital/Kimura Taro/Wavetables/Hardcore FM/Hardcore FM1.vitaltable	Kimura Taro (CC0)
KERMIT00 WT.xrni	pulse and round	/home/meneses/.local/share/vital/WaveEdit Online/Wavetables/KERMIT00.vitaltable	WaveEdit Online (CC0)
KERMIT01 WT.xrni	pulse and round	/home/meneses/.local/share/vital/WaveEdit Online/Wavetables/KERMIT01.vitaltable	WaveEdit Online (CC0)
KYMA_PAR WT.xrni	pulse and round	/home/meneses/.local/share/vital/WaveEdit Online/Wavetables/KYMA_PAR.vitaltable	WaveEdit Online (CC0)
LFO Tool2 WT.xrni	pulse and round	/home/meneses/.local/share/vital/Kimura Taro/Wavetables/LFO Tools/LFO Tool2.vitaltable	Kimura Taro (CC0)
LFO Tool3 WT.xrni	pulse and round	/home/meneses/.local/share/vital/Kimura Taro/Wavetables/LFO Tools/LFO Tool3.vitaltable	Kimura Taro (CC0)
LFO Tool4 WT.xrni	pulse and round	/home/meneses/.local/share/vital/Kimura Taro/Wavetables/LFO Tools/LFO Tool4.vitaltable	Kimura Taro (CC0)
LFO Tool5 WT.xrni	pulse and round	/home/meneses/.local/share/vital/Kimura Taro/Wavetables/LFO Tools/LFO Tool5.vitaltable	Kimura Taro (CC0)
LFO Tool7 WT.xrni	pulse and round	/home/meneses/.local/share/vital/Kimura Taro/Wavetables/LFO Tools/LFO Tool7.vitaltable	Kimura Taro (CC0)
LFO_PL00 WT.xrni	pulse and round	/home/meneses/.local/share/vital/WaveEdit Online/Wavetables/LFO_PL00.vitaltable	WaveEdit Online (CC0)
MS 20 Ring PS1 WT.xrni	pulse and round	/home/meneses/.local/share/vital/Kimura Taro/Wavetables/Korg Analog  Synth PhaseShift1/MS 20 Ring PS1.vitaltable	Kimura Taro (CC0)
MS 20 Ring-PS2 WT.xrni	pulse and round	/home/meneses/.local/share/vital/Kimura Taro/Wavetables/Korg Analog  Synth PhaseShift2/MS 20 Ring-PS2.vitaltable	Kimura Taro (CC0)
MS 20 Saw PS1 WT.xrni	pulse and round	/home/meneses/.local/share/vital/Kimura Taro/Wavetables/Korg Analog  Synth PhaseShift1/MS 20 Saw PS1.vitaltable	Kimura Taro (CC0)
Melda CustumWave2 WT.xrni	pulse and round	/home/meneses/.local/share/vital/Kimura Taro/Wavetables/Melda Oscillator/Melda CustumWave2.vitaltable	Kimura Taro (CC0)
Melda SKEW WT.xrni	pulse and round	/home/meneses/.local/share/vital/Kimura Taro/Wavetables/Melda Oscillator/Melda SKEW.vitaltable	Kimura Taro (CC0)
MeldaComb_FM WT.xrni	pulse and round	/home/meneses/.local/share/vital/Kimura Taro/Wavetables/Filter Sweep/MeldaComb+FM.vitaltable	Kimura Taro (CC0)
Modulo13 WT.xrni	pulse and round	/home/meneses/.local/share/vital/Kimura Taro/Wavetables/Modulo/Modulo13.vitaltable	Kimura Taro (CC0)
Modulo15 WT.xrni	pulse and round	/home/meneses/.local/share/vital/Kimura Taro/Wavetables/Modulo/Modulo15.vitaltable	Kimura Taro (CC0)
Modulo16 WT.xrni	pulse and round	/home/meneses/.local/share/vital/Kimura Taro/Wavetables/Modulo/Modulo16.vitaltable	Kimura Taro (CC0)
Modulo17 WT.xrni	pulse and round	/home/meneses/.local/share/vital/Kimura Taro/Wavetables/Modulo/Modulo17.vitaltable	Kimura Taro (CC0)
Modulo6 WT.xrni	pulse and round	/home/meneses/.local/share/vital/Kimura Taro/Wavetables/Modulo/Modulo6.vitaltable	Kimura Taro (CC0)
Modulo8 WT.xrni	pulse and round	/home/meneses/.local/share/vital/Kimura Taro/Wavetables/Modulo/Modulo8.vitaltable	Kimura Taro (CC0)
Modulo9 WT.xrni	pulse and round	/home/meneses/.local/share/vital/Kimura Taro/Wavetables/Modulo/Modulo9.vitaltable	Kimura Taro (CC0)
PD PWM3 WT.xrni	pulse and round	/home/meneses/.local/share/vital/Kimura Taro/Wavetables/PD PWM/PD PWM3.vitaltable	Kimura Taro (CC0)
PD PWM6 WT.xrni	pulse and round	/home/meneses/.local/share/vital/Kimura Taro/Wavetables/PD PWM/PD PWM6.vitaltable	Kimura Taro (CC0)
PD2 WT.xrni	pulse and round	/home/meneses/.local/share/vital/Kimura Taro/Wavetables/Phase Distortion/PD2.vitaltable	Kimura Taro (CC0)
PD3 WT.xrni	pulse and round	/home/meneses/.local/share/vital/Kimura Taro/Wavetables/Phase Distortion/PD3.vitaltable	Kimura Taro (CC0)
PMSimple8 WT.xrni	pulse and round	/home/meneses/.local/share/vital/Kimura Taro/Wavetables/PM[Simple]/PMSimple8.vitaltable	Kimura Taro (CC0)
PPG_WA15 WT.xrni	pulse and round	/home/meneses/.local/share/vital/WaveEdit Online/Wavetables/PPG_WA15.vitaltable	WaveEdit Online (CC0)
PPG_WA16 WT.xrni	pulse and round	/home/meneses/.local/share/vital/WaveEdit Online/Wavetables/PPG_WA16.vitaltable	WaveEdit Online (CC0)
PPG_WA17 WT.xrni	pulse and round	/home/meneses/.local/share/vital/WaveEdit Online/Wavetables/PPG_WA17.vitaltable	WaveEdit Online (CC0)
PPG_WA23 WT.xrni	pulse and round	/home/meneses/.local/share/vital/WaveEdit Online/Wavetables/PPG_WA23.vitaltable	WaveEdit Online (CC0)
PPG_WA26 WT.xrni	pulse and round	/home/meneses/.local/share/vital/WaveEdit Online/Wavetables/PPG_WA26.vitaltable	WaveEdit Online (CC0)
PPG_WA29 WT.xrni	pulse and round	/home/meneses/.local/share/vital/WaveEdit Online/Wavetables/PPG_WA29.vitaltable	WaveEdit Online (CC0)
Phase4 WT.xrni	pulse and round	/home/meneses/.local/share/vital/Kimura Taro/Wavetables/Phase/Phase4.vitaltable	Kimura Taro (CC0)
QUX_FMY WT.xrni	pulse and round	/home/meneses/.local/share/vital/WaveEdit Online/Wavetables/QUX_FMY.vitaltable	WaveEdit Online (CC0)
SINE2SAW WT.xrni	pulse and round	/home/meneses/.local/share/vital/WaveEdit Online/Wavetables/SINE2SAW.vitaltable	WaveEdit Online (CC0)
SINE_A01 WT.xrni	pulse and round	/home/meneses/.local/share/vital/WaveEdit Online/Wavetables/SINE_A01.vitaltable	WaveEdit Online (CC0)
SINE_A02 WT.xrni	pulse and round	/home/meneses/.local/share/vital/WaveEdit Online/Wavetables/SINE_A02.vitaltable	WaveEdit Online (CC0)
SOHLER16 WT.xrni	pulse and round	/home/meneses/.local/share/vital/WaveEdit Online/Wavetables/SOHLER16.vitaltable	WaveEdit Online (CC0)
SOHLER38 WT.xrni	pulse and round	/home/meneses/.local/share/vital/WaveEdit Online/Wavetables/SOHLER38.vitaltable	WaveEdit Online (CC0)
SOHLER40 WT.xrni	pulse and round	/home/meneses/.local/share/vital/WaveEdit Online/Wavetables/SOHLER40.vitaltable	WaveEdit Online (CC0)
SOHLER43 WT.xrni	pulse and round	/home/meneses/.local/share/vital/WaveEdit Online/Wavetables/SOHLER43.vitaltable	WaveEdit Online (CC0)
SQUARE_S WT.xrni	pulse and round	/home/meneses/.local/share/vital/WaveEdit Online/Wavetables/SQUARE_S.vitaltable	WaveEdit Online (CC0)
SYNLP110 WT.xrni	pulse and round	/home/meneses/.local/share/vital/WaveEdit Online/Wavetables/SYNLP110.vitaltable	WaveEdit Online (CC0)
SYNLP123 WT.xrni	pulse and round	/home/meneses/.local/share/vital/WaveEdit Online/Wavetables/SYNLP123.vitaltable	WaveEdit Online (CC0)
SYNLP128 WT.xrni	pulse and round	/home/meneses/.local/share/vital/WaveEdit Online/Wavetables/SYNLP128.vitaltable	WaveEdit Online (CC0)
SYNLP137 WT.xrni	pulse and round	/home/meneses/.local/share/vital/WaveEdit Online/Wavetables/SYNLP137.vitaltable	WaveEdit Online (CC0)
SYNLP142 WT.xrni	pulse and round	/home/meneses/.local/share/vital/WaveEdit Online/Wavetables/SYNLP142.vitaltable	WaveEdit Online (CC0)
SYNLP143 WT.xrni	pulse and round	/home/meneses/.local/share/vital/WaveEdit Online/Wavetables/SYNLP143.vitaltable	WaveEdit Online (CC0)
SYNLP15 WT.xrni	pulse and round	/home/meneses/.local/share/vital/WaveEdit Online/Wavetables/SYNLP15.vitaltable	WaveEdit Online (CC0)
SYNLP154 WT.xrni	pulse and round	/home/meneses/.local/share/vital/WaveEdit Online/Wavetables/SYNLP154.vitaltable	WaveEdit Online (CC0)
SYNLP155 WT.xrni	pulse and round	/home/meneses/.local/share/vital/WaveEdit Online/Wavetables/SYNLP155.vitaltable	WaveEdit Online (CC0)
SYNLP156 WT.xrni	pulse and round	/home/meneses/.local/share/vital/WaveEdit Online/Wavetables/SYNLP156.vitaltable	WaveEdit Online (CC0)
SYNLP162 WT.xrni	pulse and round	/home/meneses/.local/share/vital/WaveEdit Online/Wavetables/SYNLP162.vitaltable	WaveEdit Online (CC0)
SYNLP187 WT.xrni	pulse and round	/home/meneses/.local/share/vital/WaveEdit Online/Wavetables/SYNLP187.vitaltable	WaveEdit Online (CC0)
SYNLP28 WT.xrni	pulse and round	/home/meneses/.local/share/vital/WaveEdit Online/Wavetables/SYNLP28.vitaltable	WaveEdit Online (CC0)
SYNLP40 WT.xrni	pulse and round	/home/meneses/.local/share/vital/WaveEdit Online/Wavetables/SYNLP40.vitaltable	WaveEdit Online (CC0)
SYNLP50 WT.xrni	pulse and round	/home/meneses/.local/share/vital/WaveEdit Online/Wavetables/SYNLP50.vitaltable	WaveEdit Online (CC0)
SYNLP52 WT.xrni	pulse and round	/home/meneses/.local/share/vital/WaveEdit Online/Wavetables/SYNLP52.vitaltable	WaveEdit Online (CC0)
SYNLP56 WT.xrni	pulse and round	/home/meneses/.local/share/vital/WaveEdit Online/Wavetables/SYNLP56.vitaltable	WaveEdit Online (CC0)
SYNLP6 WT.xrni	pulse and round	/home/meneses/.local/share/vital/WaveEdit Online/Wavetables/SYNLP6.vitaltable	WaveEdit Online (CC0)
SYNLP69 WT.xrni	pulse and round	/home/meneses/.local/share/vital/WaveEdit Online/Wavetables/SYNLP69.vitaltable	WaveEdit Online (CC0)
SYNLP7 WT.xrni	pulse and round	/home/meneses/.local/share/vital/WaveEdit Online/Wavetables/SYNLP7.vitaltable	WaveEdit Online (CC0)
SYNLP70 WT.xrni	pulse and round	/home/meneses/.local/share/vital/WaveEdit Online/Wavetables/SYNLP70.vitaltable	WaveEdit Online (CC0)
SYNLP75 WT.xrni	pulse and round	/home/meneses/.local/share/vital/WaveEdit Online/Wavetables/SYNLP75.vitaltable	WaveEdit Online (CC0)
SYNLP96 WT.xrni	pulse and round	/home/meneses/.local/share/vital/WaveEdit Online/Wavetables/SYNLP96.vitaltable	WaveEdit Online (CC0)
Shaper Wave5 Icarus Modify WT.xrni	pulse and round	/home/meneses/.local/share/vital/Kimura Taro/Wavetables/Shaper Wave/Shaper Wave5 Icarus Modify.vitaltable	Kimura Taro (CC0)
TIDYB055 WT.xrni	pulse and round	/home/meneses/.local/share/vital/WaveEdit Online/Wavetables/TIDYB055.vitaltable	WaveEdit Online (CC0)
poly6 Saw PS1 WT.xrni	pulse and round	/home/meneses/.local/share/vital/Kimura Taro/Wavetables/Korg Analog  Synth PhaseShift1/poly6 Saw PS1.vitaltable	Kimura Taro (CC0)
110A BasicWave WT.xrni	sine and soft triangle	/home/meneses/.local/share/vital/Kimura Taro/Wavetables/Softbe Modular/110A BasicWave.vitaltable	Kimura Taro (CC0)
259e-R1 WT.xrni	sine and soft triangle	/home/meneses/.local/share/vital/Kimura Taro/Wavetables/Buchla 259e-Red/259e-R1.vitaltable	Kimura Taro (CC0)
259e-R2 WT.xrni	sine and soft triangle	/home/meneses/.local/share/vital/Kimura Taro/Wavetables/Buchla 259e-Red/259e-R2.vitaltable	Kimura Taro (CC0)
259e-R4 WT.xrni	sine and soft triangle	/home/meneses/.local/share/vital/Kimura Taro/Wavetables/Buchla 259e-Red/259e-R4.vitaltable	Kimura Taro (CC0)
A4TriSawPWM WT.xrni	sine and soft triangle	/home/meneses/.local/share/vital/Kimura Taro/Wavetables/AnalogFour/A4TriSawPWM.vitaltable	Kimura Taro (CC0)
AKVF_NES WT.xrni	sine and soft triangle	/home/meneses/.local/share/vital/WaveEdit Online/Wavetables/AKVF_NES.vitaltable	WaveEdit Online (CC0)
Add Synth2 Walsh DY WT.xrni	sine and soft triangle	/home/meneses/.local/share/vital/Kimura Taro/Wavetables/Additive Synth/Add Synth2 Walsh DY.vitaltable	Kimura Taro (CC0)
Audacity Denoise Icarus WT.xrni	sine and soft triangle	/home/meneses/.local/share/vital/Kimura Taro/Wavetables/Audacity/Audacity Denoise Icarus.vitaltable	Kimura Taro (CC0)
Audacity DrawSaw Icarus WT.xrni	sine and soft triangle	/home/meneses/.local/share/vital/Kimura Taro/Wavetables/Audacity/Audacity DrawSaw Icarus.vitaltable	Kimura Taro (CC0)
Audacity Wave WT.xrni	sine and soft triangle	/home/meneses/.local/share/vital/Kimura Taro/Wavetables/Audacity/Audacity Wave.vitaltable	Kimura Taro (CC0)
BASIC_TH WT.xrni	sine and soft triangle	/home/meneses/.local/share/vital/WaveEdit Online/Wavetables/BASIC_TH.vitaltable	WaveEdit Online (CC0)
BASS_BY_ WT.xrni	sine and soft triangle	/home/meneses/.local/share/vital/WaveEdit Online/Wavetables/BASS_BY_.vitaltable	WaveEdit Online (CC0)
BELLS WT.xrni	sine and soft triangle	/home/meneses/.local/share/vital/WaveEdit Online/Wavetables/BELLS.vitaltable	WaveEdit Online (CC0)
BEST_OF_ WT.xrni	sine and soft triangle	/home/meneses/.local/share/vital/WaveEdit Online/Wavetables/BEST_OF_.vitaltable	WaveEdit Online (CC0)
BRAIDS03 WT.xrni	sine and soft triangle	/home/meneses/.local/share/vital/WaveEdit Online/Wavetables/BRAIDS03.vitaltable	WaveEdit Online (CC0)
Bug1 WT.xrni	sine and soft triangle	/home/meneses/.local/share/vital/Kimura Taro/Wavetables/Icarus Bugs/Bug1.vitaltable	Kimura Taro (CC0)
Bug2 WT.xrni	sine and soft triangle	/home/meneses/.local/share/vital/Kimura Taro/Wavetables/Icarus Bugs/Bug2.vitaltable	Kimura Taro (CC0)
Bug3 WT.xrni	sine and soft triangle	/home/meneses/.local/share/vital/Kimura Taro/Wavetables/Icarus Bugs/Bug3.vitaltable	Kimura Taro (CC0)
DN Harm WT.xrni	sine and soft triangle	/home/meneses/.local/share/vital/Kimura Taro/Wavetables/Digitone/DN Harm.vitaltable	Kimura Taro (CC0)
DN NHarm WT.xrni	sine and soft triangle	/home/meneses/.local/share/vital/Kimura Taro/Wavetables/Digitone/DN NHarm.vitaltable	Kimura Taro (CC0)
DN-LFO WT.xrni	sine and soft triangle	/home/meneses/.local/share/vital/Kimura Taro/Wavetables/Digitone/DN-LFO.vitaltable	Kimura Taro (CC0)
DN01 ALG5 WT.xrni	sine and soft triangle	/home/meneses/.local/share/vital/Kimura Taro/Wavetables/Digitone/DN01 ALG5.vitaltable	Kimura Taro (CC0)
DarkSynth2 WT.xrni	sine and soft triangle	/home/meneses/.local/share/vital/Kimura Taro/Wavetables/AmaizingNoises DarkSynth/DarkSynth2.vitaltable	Kimura Taro (CC0)
DarkSynth2AM WT.xrni	sine and soft triangle	/home/meneses/.local/share/vital/Kimura Taro/Wavetables/AmaizingNoises DarkSynth/DarkSynth2AM.vitaltable	Kimura Taro (CC0)
DarkSynth2FM WT.xrni	sine and soft triangle	/home/meneses/.local/share/vital/Kimura Taro/Wavetables/AmaizingNoises DarkSynth/DarkSynth2FM.vitaltable	Kimura Taro (CC0)
DarkSynth7 WT.xrni	sine and soft triangle	/home/meneses/.local/share/vital/Kimura Taro/Wavetables/AmaizingNoises DarkSynth/DarkSynth7.vitaltable	Kimura Taro (CC0)
DarkSynth8 WT.xrni	sine and soft triangle	/home/meneses/.local/share/vital/Kimura Taro/Wavetables/AmaizingNoises DarkSynth/DarkSynth8.vitaltable	Kimura Taro (CC0)
DarkSynth9 WT.xrni	sine and soft triangle	/home/meneses/.local/share/vital/Kimura Taro/Wavetables/AmaizingNoises DarkSynth/DarkSynth9.vitaltable	Kimura Taro (CC0)
DirtyHarry 4bit WT.xrni	sine and soft triangle	/home/meneses/.local/share/vital/Kimura Taro/Wavetables/Vocorder/DirtyHarry 4bit.vitaltable	Kimura Taro (CC0)
EFSQ Organ WT.xrni	sine and soft triangle	/home/meneses/.local/share/vital/Kimura Taro/Wavetables/Audacity/EFSQ Organ.vitaltable	Kimura Taro (CC0)
EFSQ WT.xrni	sine and soft triangle	/home/meneses/.local/share/vital/Kimura Taro/Wavetables/Audacity/EFSQ.vitaltable	Kimura Taro (CC0)
EFSaw1 WT.xrni	sine and soft triangle	/home/meneses/.local/share/vital/Kimura Taro/Wavetables/Audacity/EFSaw1.vitaltable	Kimura Taro (CC0)
EFSaw2 WT.xrni	sine and soft triangle	/home/meneses/.local/share/vital/Kimura Taro/Wavetables/Audacity/EFSaw2.vitaltable	Kimura Taro (CC0)
FAIRLI01 WT.xrni	sine and soft triangle	/home/meneses/.local/share/vital/WaveEdit Online/Wavetables/FAIRLI01.vitaltable	WaveEdit Online (CC0)
FM Saw WT.xrni	sine and soft triangle	/home/meneses/.local/share/vital/Kimura Taro/Wavetables/Freq Mod(Not PM)/FM Saw.vitaltable	Kimura Taro (CC0)
FM Sq WT.xrni	sine and soft triangle	/home/meneses/.local/share/vital/Kimura Taro/Wavetables/Freq Mod(Not PM)/FM Sq.vitaltable	Kimura Taro (CC0)
FMPad WT.xrni	sine and soft triangle	/home/meneses/.local/share/vital/Kimura Taro/Wavetables/FM/FMPad.vitaltable	Kimura Taro (CC0)
FOLDFEED WT.xrni	sine and soft triangle	/home/meneses/.local/share/vital/WaveEdit Online/Wavetables/FOLDFEED.vitaltable	WaveEdit Online (CC0)
Ferine MultiOSC IcarusPD WT.xrni	sine and soft triangle	/home/meneses/.local/share/vital/Kimura Taro/Wavetables/Ferine/Ferine MultiOSC IcarusPD.vitaltable	Kimura Taro (CC0)
FerineTRi WT.xrni	sine and soft triangle	/home/meneses/.local/share/vital/Kimura Taro/Wavetables/Ferine/FerineTRi.vitaltable	Kimura Taro (CC0)
Folding6 WT.xrni	sine and soft triangle	/home/meneses/.local/share/vital/Kimura Taro/Wavetables/Folding/Folding6.vitaltable	Kimura Taro (CC0)
GEOMETRI WT.xrni	sine and soft triangle	/home/meneses/.local/share/vital/WaveEdit Online/Wavetables/GEOMETRI.vitaltable	WaveEdit Online (CC0)
HARMONIO WT.xrni	sine and soft triangle	/home/meneses/.local/share/vital/WaveEdit Online/Wavetables/HARMONIO.vitaltable	WaveEdit Online (CC0)
HARMONIX WT.xrni	sine and soft triangle	/home/meneses/.local/share/vital/WaveEdit Online/Wavetables/HARMONIX.vitaltable	WaveEdit Online (CC0)
HIGH_FRE WT.xrni	sine and soft triangle	/home/meneses/.local/share/vital/WaveEdit Online/Wavetables/HIGH_FRE.vitaltable	WaveEdit Online (CC0)
HMMMMMMM WT.xrni	sine and soft triangle	/home/meneses/.local/share/vital/WaveEdit Online/Wavetables/HMMMMMMM.vitaltable	WaveEdit Online (CC0)
HORROR WT.xrni	sine and soft triangle	/home/meneses/.local/share/vital/WaveEdit Online/Wavetables/HORROR.vitaltable	WaveEdit Online (CC0)
HYPERBOL WT.xrni	sine and soft triangle	/home/meneses/.local/share/vital/WaveEdit Online/Wavetables/HYPERBOL.vitaltable	WaveEdit Online (CC0)
Half Clip5 WT.xrni	sine and soft triangle	/home/meneses/.local/share/vital/Kimura Taro/Wavetables/Half Clip/Half Clip5.vitaltable	Kimura Taro (CC0)
ITERATIV WT.xrni	sine and soft triangle	/home/meneses/.local/share/vital/WaveEdit Online/Wavetables/ITERATIV.vitaltable	WaveEdit Online (CC0)
KD Shaper1 WT.xrni	sine and soft triangle	/home/meneses/.local/share/vital/Kimura Taro/Wavetables/K-Devices shaper/KD Shaper1.vitaltable	Kimura Taro (CC0)
KD Shaper2 WT.xrni	sine and soft triangle	/home/meneses/.local/share/vital/Kimura Taro/Wavetables/K-Devices shaper/KD Shaper2.vitaltable	Kimura Taro (CC0)
KD Shaper3 WT.xrni	sine and soft triangle	/home/meneses/.local/share/vital/Kimura Taro/Wavetables/K-Devices shaper/KD Shaper3.vitaltable	Kimura Taro (CC0)
LSDJ_WAV WT.xrni	sine and soft triangle	/home/meneses/.local/share/vital/WaveEdit Online/Wavetables/LSDJ_WAV.vitaltable	WaveEdit Online (CC0)
M1 AirVox WT.xrni	sine and soft triangle	/home/meneses/.local/share/vital/Kimura Taro/Wavetables/M1 Wavetable[Mini][2048-44.1khz-32bit]/M1 AirVox.vitaltable	Kimura Taro (CC0)
MICROBRU WT.xrni	sine and soft triangle	/home/meneses/.local/share/vital/WaveEdit Online/Wavetables/MICROBRU.vitaltable	WaveEdit Online (CC0)
MIXED02 WT.xrni	sine and soft triangle	/home/meneses/.local/share/vital/WaveEdit Online/Wavetables/MIXED02.vitaltable	WaveEdit Online (CC0)
MP P25-PS2 WT.xrni	sine and soft triangle	/home/meneses/.local/share/vital/Kimura Taro/Wavetables/Korg Analog  Synth PhaseShift2/MP P25-PS2.vitaltable	Kimura Taro (CC0)
MP Saw-PS2 WT.xrni	sine and soft triangle	/home/meneses/.local/share/vital/Kimura Taro/Wavetables/Korg Analog  Synth PhaseShift2/MP Saw-PS2.vitaltable	Kimura Taro (CC0)
MP Square-PS2 WT.xrni	sine and soft triangle	/home/meneses/.local/share/vital/Kimura Taro/Wavetables/Korg Analog  Synth PhaseShift2/MP Square-PS2.vitaltable	Kimura Taro (CC0)
MP Tri-PS2 WT.xrni	sine and soft triangle	/home/meneses/.local/share/vital/Kimura Taro/Wavetables/Korg Analog  Synth PhaseShift2/MP Tri-PS2.vitaltable	Kimura Taro (CC0)
MS 20 Pulse2 PS1 WT.xrni	sine and soft triangle	/home/meneses/.local/share/vital/Kimura Taro/Wavetables/Korg Analog  Synth PhaseShift1/MS 20 Pulse2 PS1.vitaltable	Kimura Taro (CC0)
MS 20 Pulse2-PS2 WT.xrni	sine and soft triangle	/home/meneses/.local/share/vital/Kimura Taro/Wavetables/Korg Analog  Synth PhaseShift2/MS 20 Pulse2-PS2.vitaltable	Kimura Taro (CC0)
MS 20 Saw-PS2 WT.xrni	sine and soft triangle	/home/meneses/.local/share/vital/Kimura Taro/Wavetables/Korg Analog  Synth PhaseShift2/MS 20 Saw-PS2.vitaltable	Kimura Taro (CC0)
MS 20 Square PS1 WT.xrni	sine and soft triangle	/home/meneses/.local/share/vital/Kimura Taro/Wavetables/Korg Analog  Synth PhaseShift1/MS 20 Square PS1.vitaltable	Kimura Taro (CC0)
MS 20 Square-PS2 WT.xrni	sine and soft triangle	/home/meneses/.local/share/vital/Kimura Taro/Wavetables/Korg Analog  Synth PhaseShift2/MS 20 Square-PS2.vitaltable	Kimura Taro (CC0)
MS 20 Tri PS1 WT.xrni	sine and soft triangle	/home/meneses/.local/share/vital/Kimura Taro/Wavetables/Korg Analog  Synth PhaseShift1/MS 20 Tri PS1.vitaltable	Kimura Taro (CC0)
MS 20 Tri-PS2 WT.xrni	sine and soft triangle	/home/meneses/.local/share/vital/Kimura Taro/Wavetables/Korg Analog  Synth PhaseShift2/MS 20 Tri-PS2.vitaltable	Kimura Taro (CC0)
MSelfFB02 DN WT.xrni	sine and soft triangle	/home/meneses/.local/share/vital/Kimura Taro/Wavetables/MSelfFB/MSelfFB02 DN.vitaltable	Kimura Taro (CC0)
MonoPoly P25 PS1 WT.xrni	sine and soft triangle	/home/meneses/.local/share/vital/Kimura Taro/Wavetables/Korg Analog  Synth PhaseShift1/MonoPoly P25 PS1.vitaltable	Kimura Taro (CC0)
MonoPoly Saw PS1 WT.xrni	sine and soft triangle	/home/meneses/.local/share/vital/Kimura Taro/Wavetables/Korg Analog  Synth PhaseShift1/MonoPoly Saw PS1.vitaltable	Kimura Taro (CC0)
MonoPoly Square PS1 WT.xrni	sine and soft triangle	/home/meneses/.local/share/vital/Kimura Taro/Wavetables/Korg Analog  Synth PhaseShift1/MonoPoly Square PS1.vitaltable	Kimura Taro (CC0)
MonoPoly Tri PS1 WT.xrni	sine and soft triangle	/home/meneses/.local/share/vital/Kimura Taro/Wavetables/Korg Analog  Synth PhaseShift1/MonoPoly Tri PS1.vitaltable	Kimura Taro (CC0)
MultiPhase SQ WT.xrni	sine and soft triangle	/home/meneses/.local/share/vital/Kimura Taro/Wavetables/MultiPhase OSC/MultiPhase SQ.vitaltable	Kimura Taro (CC0)
MultiPhase Sine4bit WT.xrni	sine and soft triangle	/home/meneses/.local/share/vital/Kimura Taro/Wavetables/MultiPhase OSC/MultiPhase Sine4bit.vitaltable	Kimura Taro (CC0)
MultiPhaseSaw WT.xrni	sine and soft triangle	/home/meneses/.local/share/vital/Kimura Taro/Wavetables/MultiPhase OSC/MultiPhaseSaw.vitaltable	Kimura Taro (CC0)
OP1 Digital01 WT.xrni	sine and soft triangle	/home/meneses/.local/share/vital/Kimura Taro/Wavetables/TE OP-1/OP1 Digital01.vitaltable	Kimura Taro (CC0)
OP1 Digital06 WT.xrni	sine and soft triangle	/home/meneses/.local/share/vital/Kimura Taro/Wavetables/TE OP-1/OP1 Digital06.vitaltable	Kimura Taro (CC0)
OP1 DrWave06 WT.xrni	sine and soft triangle	/home/meneses/.local/share/vital/Kimura Taro/Wavetables/TE OP-1/OP1 DrWave06.vitaltable	Kimura Taro (CC0)
OP1 DrWave07 WT.xrni	sine and soft triangle	/home/meneses/.local/share/vital/Kimura Taro/Wavetables/TE OP-1/OP1 DrWave07.vitaltable	Kimura Taro (CC0)
OP1 DrWave08 WT.xrni	sine and soft triangle	/home/meneses/.local/share/vital/Kimura Taro/Wavetables/TE OP-1/OP1 DrWave08.vitaltable	Kimura Taro (CC0)
OP1 Voltage01 WT.xrni	sine and soft triangle	/home/meneses/.local/share/vital/Kimura Taro/Wavetables/TE OP-1/OP1 Voltage01.vitaltable	Kimura Taro (CC0)
OP1 Voltage02 WT.xrni	sine and soft triangle	/home/meneses/.local/share/vital/Kimura Taro/Wavetables/TE OP-1/OP1 Voltage02.vitaltable	Kimura Taro (CC0)
OP1 Voltage03 WT.xrni	sine and soft triangle	/home/meneses/.local/share/vital/Kimura Taro/Wavetables/TE OP-1/OP1 Voltage03.vitaltable	Kimura Taro (CC0)
OP1 Voltage04 WT.xrni	sine and soft triangle	/home/meneses/.local/share/vital/Kimura Taro/Wavetables/TE OP-1/OP1 Voltage04.vitaltable	Kimura Taro (CC0)
PD PWM4 WT.xrni	sine and soft triangle	/home/meneses/.local/share/vital/Kimura Taro/Wavetables/PD PWM/PD PWM4.vitaltable	Kimura Taro (CC0)
PD SQ1 WT.xrni	sine and soft triangle	/home/meneses/.local/share/vital/Kimura Taro/Wavetables/PD Square/PD SQ1.vitaltable	Kimura Taro (CC0)
PD SQ2 WT.xrni	sine and soft triangle	/home/meneses/.local/share/vital/Kimura Taro/Wavetables/PD Square/PD SQ2.vitaltable	Kimura Taro (CC0)
PD SQ3 WT.xrni	sine and soft triangle	/home/meneses/.local/share/vital/Kimura Taro/Wavetables/PD Square/PD SQ3.vitaltable	Kimura Taro (CC0)
PD SQ4 WT.xrni	sine and soft triangle	/home/meneses/.local/share/vital/Kimura Taro/Wavetables/PD Square/PD SQ4.vitaltable	Kimura Taro (CC0)
PD SQ6 WT.xrni	sine and soft triangle	/home/meneses/.local/share/vital/Kimura Taro/Wavetables/PD Square/PD SQ6.vitaltable	Kimura Taro (CC0)
PD1 WT.xrni	sine and soft triangle	/home/meneses/.local/share/vital/Kimura Taro/Wavetables/Phase Distortion/PD1.vitaltable	Kimura Taro (CC0)
PD10 WT.xrni	sine and soft triangle	/home/meneses/.local/share/vital/Kimura Taro/Wavetables/Phase Distortion/PD10.vitaltable	Kimura Taro (CC0)
PD101 WT.xrni	sine and soft triangle	/home/meneses/.local/share/vital/WaveEdit Online/Wavetables/PD101.vitaltable	WaveEdit Online (CC0)
PD102 WT.xrni	sine and soft triangle	/home/meneses/.local/share/vital/WaveEdit Online/Wavetables/PD102.vitaltable	WaveEdit Online (CC0)
PD11 WT.xrni	sine and soft triangle	/home/meneses/.local/share/vital/Kimura Taro/Wavetables/Phase Distortion/PD11.vitaltable	Kimura Taro (CC0)
PD4 WT.xrni	sine and soft triangle	/home/meneses/.local/share/vital/Kimura Taro/Wavetables/Phase Distortion/PD4.vitaltable	Kimura Taro (CC0)
PD8 WT.xrni	sine and soft triangle	/home/meneses/.local/share/vital/Kimura Taro/Wavetables/Phase Distortion/PD8.vitaltable	Kimura Taro (CC0)
PD9 WT.xrni	sine and soft triangle	/home/meneses/.local/share/vital/Kimura Taro/Wavetables/Phase Distortion/PD9.vitaltable	Kimura Taro (CC0)
PMSimple22 WT.xrni	sine and soft triangle	/home/meneses/.local/share/vital/Kimura Taro/Wavetables/PM[Simple]/PMSimple22.vitaltable	Kimura Taro (CC0)
PPG0 4bit WT.xrni	sine and soft triangle	/home/meneses/.local/share/vital/Kimura Taro/Wavetables/PPG Wave[4bit]/PPG0 4bit.vitaltable	Kimura Taro (CC0)
PPG0 WT.xrni	sine and soft triangle	/home/meneses/.local/share/vital/Kimura Taro/Wavetables/PPG Wave/PPG0.vitaltable	Kimura Taro (CC0)
PPG03 4bit WT.xrni	sine and soft triangle	/home/meneses/.local/share/vital/Kimura Taro/Wavetables/PPG Wave[4bit]/PPG03 4bit.vitaltable	Kimura Taro (CC0)
PPG03 WT.xrni	sine and soft triangle	/home/meneses/.local/share/vital/Kimura Taro/Wavetables/PPG Wave/PPG03.vitaltable	Kimura Taro (CC0)
PPG06 4bit WT.xrni	sine and soft triangle	/home/meneses/.local/share/vital/Kimura Taro/Wavetables/PPG Wave[4bit]/PPG06 4bit.vitaltable	Kimura Taro (CC0)
PPG06 WT.xrni	sine and soft triangle	/home/meneses/.local/share/vital/Kimura Taro/Wavetables/PPG Wave/PPG06.vitaltable	Kimura Taro (CC0)
PPG07 4bit WT.xrni	sine and soft triangle	/home/meneses/.local/share/vital/Kimura Taro/Wavetables/PPG Wave[4bit]/PPG07 4bit.vitaltable	Kimura Taro (CC0)
PPG07 WT.xrni	sine and soft triangle	/home/meneses/.local/share/vital/Kimura Taro/Wavetables/PPG Wave/PPG07.vitaltable	Kimura Taro (CC0)
PPG12 4bit WT.xrni	sine and soft triangle	/home/meneses/.local/share/vital/Kimura Taro/Wavetables/PPG Wave[4bit]/PPG12 4bit.vitaltable	Kimura Taro (CC0)
PPG12 WT.xrni	sine and soft triangle	/home/meneses/.local/share/vital/Kimura Taro/Wavetables/PPG Wave/PPG12.vitaltable	Kimura Taro (CC0)
PPG17 4bit WT.xrni	sine and soft triangle	/home/meneses/.local/share/vital/Kimura Taro/Wavetables/PPG Wave[4bit]/PPG17 4bit.vitaltable	Kimura Taro (CC0)
PPG17 WT.xrni	sine and soft triangle	/home/meneses/.local/share/vital/Kimura Taro/Wavetables/PPG Wave/PPG17.vitaltable	Kimura Taro (CC0)
PPG20 4bit WT.xrni	sine and soft triangle	/home/meneses/.local/share/vital/Kimura Taro/Wavetables/PPG Wave[4bit]/PPG20 4bit.vitaltable	Kimura Taro (CC0)
PPG20 WT.xrni	sine and soft triangle	/home/meneses/.local/share/vital/Kimura Taro/Wavetables/PPG Wave/PPG20.vitaltable	Kimura Taro (CC0)
PPG22 4bit WT.xrni	sine and soft triangle	/home/meneses/.local/share/vital/Kimura Taro/Wavetables/PPG Wave[4bit]/PPG22 4bit.vitaltable	Kimura Taro (CC0)
PPG23 4bit WT.xrni	sine and soft triangle	/home/meneses/.local/share/vital/Kimura Taro/Wavetables/PPG Wave[4bit]/PPG23 4bit.vitaltable	Kimura Taro (CC0)
PPG29 4bit WT.xrni	sine and soft triangle	/home/meneses/.local/share/vital/Kimura Taro/Wavetables/PPG Wave[4bit]/PPG29 4bit.vitaltable	Kimura Taro (CC0)
PPG29 WT.xrni	sine and soft triangle	/home/meneses/.local/share/vital/Kimura Taro/Wavetables/PPG Wave/PPG29.vitaltable	Kimura Taro (CC0)
PPG_WA00 WT.xrni	sine and soft triangle	/home/meneses/.local/share/vital/WaveEdit Online/Wavetables/PPG_WA00.vitaltable	WaveEdit Online (CC0)
PPG_WA03 WT.xrni	sine and soft triangle	/home/meneses/.local/share/vital/WaveEdit Online/Wavetables/PPG_WA03.vitaltable	WaveEdit Online (CC0)
PPG_WA06 WT.xrni	sine and soft triangle	/home/meneses/.local/share/vital/WaveEdit Online/Wavetables/PPG_WA06.vitaltable	WaveEdit Online (CC0)
PPG_WA07 WT.xrni	sine and soft triangle	/home/meneses/.local/share/vital/WaveEdit Online/Wavetables/PPG_WA07.vitaltable	WaveEdit Online (CC0)
PPG_WA12 WT.xrni	sine and soft triangle	/home/meneses/.local/share/vital/WaveEdit Online/Wavetables/PPG_WA12.vitaltable	WaveEdit Online (CC0)
PPG_WA20 WT.xrni	sine and soft triangle	/home/meneses/.local/share/vital/WaveEdit Online/Wavetables/PPG_WA20.vitaltable	WaveEdit Online (CC0)
PPG_WA22 WT.xrni	sine and soft triangle	/home/meneses/.local/share/vital/WaveEdit Online/Wavetables/PPG_WA22.vitaltable	WaveEdit Online (CC0)
PPG_WA25 WT.xrni	sine and soft triangle	/home/meneses/.local/share/vital/WaveEdit Online/Wavetables/PPG_WA25.vitaltable	WaveEdit Online (CC0)
Phase10 WT.xrni	sine and soft triangle	/home/meneses/.local/share/vital/Kimura Taro/Wavetables/Phase/Phase10.vitaltable	Kimura Taro (CC0)
Phase5 WT.xrni	sine and soft triangle	/home/meneses/.local/share/vital/Kimura Taro/Wavetables/Phase/Phase5.vitaltable	Kimura Taro (CC0)
Phase6 WT.xrni	sine and soft triangle	/home/meneses/.local/share/vital/Kimura Taro/Wavetables/Phase/Phase6.vitaltable	Kimura Taro (CC0)
RESO_SQU WT.xrni	sine and soft triangle	/home/meneses/.local/share/vital/WaveEdit Online/Wavetables/RESO_SQU.vitaltable	WaveEdit Online (CC0)
RMFM05 Denoise WT.xrni	sine and soft triangle	/home/meneses/.local/share/vital/Kimura Taro/Wavetables/RMFM/RMFM05 Denoise.vitaltable	Kimura Taro (CC0)
RMFM06 Icarus Bell WT.xrni	sine and soft triangle	/home/meneses/.local/share/vital/Kimura Taro/Wavetables/RMFM/RMFM06 Icarus Bell.vitaltable	Kimura Taro (CC0)
RMFM06 Icarus Bell2 WT.xrni	sine and soft triangle	/home/meneses/.local/share/vital/Kimura Taro/Wavetables/RMFM/RMFM06 Icarus Bell2.vitaltable	Kimura Taro (CC0)
Random Spectrum3 WT.xrni	sine and soft triangle	/home/meneses/.local/share/vital/Kimura Taro/Wavetables/Random Spectrum/Random Spectrum3.vitaltable	Kimura Taro (CC0)
Random Spectrum4 WT.xrni	sine and soft triangle	/home/meneses/.local/share/vital/Kimura Taro/Wavetables/Random Spectrum/Random Spectrum4.vitaltable	Kimura Taro (CC0)
SAW_BEND WT.xrni	sine and soft triangle	/home/meneses/.local/share/vital/WaveEdit Online/Wavetables/SAW_BEND.vitaltable	WaveEdit Online (CC0)
SINE_MUT WT.xrni	sine and soft triangle	/home/meneses/.local/share/vital/WaveEdit Online/Wavetables/SINE_MUT.vitaltable	WaveEdit Online (CC0)
SOHLER00 WT.xrni	sine and soft triangle	/home/meneses/.local/share/vital/WaveEdit Online/Wavetables/SOHLER00.vitaltable	WaveEdit Online (CC0)
SOHLER01 WT.xrni	sine and soft triangle	/home/meneses/.local/share/vital/WaveEdit Online/Wavetables/SOHLER01.vitaltable	WaveEdit Online (CC0)
SOHLER17 WT.xrni	sine and soft triangle	/home/meneses/.local/share/vital/WaveEdit Online/Wavetables/SOHLER17.vitaltable	WaveEdit Online (CC0)
SOHLER22 WT.xrni	sine and soft triangle	/home/meneses/.local/share/vital/WaveEdit Online/Wavetables/SOHLER22.vitaltable	WaveEdit Online (CC0)
SOHLER41 WT.xrni	sine and soft triangle	/home/meneses/.local/share/vital/WaveEdit Online/Wavetables/SOHLER41.vitaltable	WaveEdit Online (CC0)
SOHLER53 WT.xrni	sine and soft triangle	/home/meneses/.local/share/vital/WaveEdit Online/Wavetables/SOHLER53.vitaltable	WaveEdit Online (CC0)
SOHLER68 WT.xrni	sine and soft triangle	/home/meneses/.local/share/vital/WaveEdit Online/Wavetables/SOHLER68.vitaltable	WaveEdit Online (CC0)
SOHLER69 WT.xrni	sine and soft triangle	/home/meneses/.local/share/vital/WaveEdit Online/Wavetables/SOHLER69.vitaltable	WaveEdit Online (CC0)
SOHLER73 WT.xrni	sine and soft triangle	/home/meneses/.local/share/vital/WaveEdit Online/Wavetables/SOHLER73.vitaltable	WaveEdit Online (CC0)
SOHLER86 WT.xrni	sine and soft triangle	/home/meneses/.local/share/vital/WaveEdit Online/Wavetables/SOHLER86.vitaltable	WaveEdit Online (CC0)
SOHLER87 WT.xrni	sine and soft triangle	/home/meneses/.local/share/vital/WaveEdit Online/Wavetables/SOHLER87.vitaltable	WaveEdit Online (CC0)
SOHLER93 WT.xrni	sine and soft triangle	/home/meneses/.local/share/vital/WaveEdit Online/Wavetables/SOHLER93.vitaltable	WaveEdit Online (CC0)
SQFM10_FB WT.xrni	sine and soft triangle	/home/meneses/.local/share/vital/Kimura Taro/Wavetables/FM/SQFM10+FB.vitaltable	Kimura Taro (CC0)
SQFMM_FB WT.xrni	sine and soft triangle	/home/meneses/.local/share/vital/Kimura Taro/Wavetables/FM/SQFMM+FB.vitaltable	Kimura Taro (CC0)
SQFMS WT.xrni	sine and soft triangle	/home/meneses/.local/share/vital/Kimura Taro/Wavetables/FM/SQFMS.vitaltable	Kimura Taro (CC0)
SQFM_FB WT.xrni	sine and soft triangle	/home/meneses/.local/share/vital/Kimura Taro/Wavetables/FM/SQFM+FB.vitaltable	Kimura Taro (CC0)
SYNLP113 WT.xrni	sine and soft triangle	/home/meneses/.local/share/vital/WaveEdit Online/Wavetables/SYNLP113.vitaltable	WaveEdit Online (CC0)
SYNLP114 WT.xrni	sine and soft triangle	/home/meneses/.local/share/vital/WaveEdit Online/Wavetables/SYNLP114.vitaltable	WaveEdit Online (CC0)
SYNLP118 WT.xrni	sine and soft triangle	/home/meneses/.local/share/vital/WaveEdit Online/Wavetables/SYNLP118.vitaltable	WaveEdit Online (CC0)
SYNLP139 WT.xrni	sine and soft triangle	/home/meneses/.local/share/vital/WaveEdit Online/Wavetables/SYNLP139.vitaltable	WaveEdit Online (CC0)
SYNLP146 WT.xrni	sine and soft triangle	/home/meneses/.local/share/vital/WaveEdit Online/Wavetables/SYNLP146.vitaltable	WaveEdit Online (CC0)
SYNLP153 WT.xrni	sine and soft triangle	/home/meneses/.local/share/vital/WaveEdit Online/Wavetables/SYNLP153.vitaltable	WaveEdit Online (CC0)
SYNLP163 WT.xrni	sine and soft triangle	/home/meneses/.local/share/vital/WaveEdit Online/Wavetables/SYNLP163.vitaltable	WaveEdit Online (CC0)
SYNLP171 WT.xrni	sine and soft triangle	/home/meneses/.local/share/vital/WaveEdit Online/Wavetables/SYNLP171.vitaltable	WaveEdit Online (CC0)
SYNLP173 WT.xrni	sine and soft triangle	/home/meneses/.local/share/vital/WaveEdit Online/Wavetables/SYNLP173.vitaltable	WaveEdit Online (CC0)
SYNLP178 WT.xrni	sine and soft triangle	/home/meneses/.local/share/vital/WaveEdit Online/Wavetables/SYNLP178.vitaltable	WaveEdit Online (CC0)
SYNLP179 WT.xrni	sine and soft triangle	/home/meneses/.local/share/vital/WaveEdit Online/Wavetables/SYNLP179.vitaltable	WaveEdit Online (CC0)
SYNLP181 WT.xrni	sine and soft triangle	/home/meneses/.local/share/vital/WaveEdit Online/Wavetables/SYNLP181.vitaltable	WaveEdit Online (CC0)
SYNLP33 WT.xrni	sine and soft triangle	/home/meneses/.local/share/vital/WaveEdit Online/Wavetables/SYNLP33.vitaltable	WaveEdit Online (CC0)
SYNLP35 WT.xrni	sine and soft triangle	/home/meneses/.local/share/vital/WaveEdit Online/Wavetables/SYNLP35.vitaltable	WaveEdit Online (CC0)
SYNLP61 WT.xrni	sine and soft triangle	/home/meneses/.local/share/vital/WaveEdit Online/Wavetables/SYNLP61.vitaltable	WaveEdit Online (CC0)
SYNLP62 WT.xrni	sine and soft triangle	/home/meneses/.local/share/vital/WaveEdit Online/Wavetables/SYNLP62.vitaltable	WaveEdit Online (CC0)
SYNLP97 WT.xrni	sine and soft triangle	/home/meneses/.local/share/vital/WaveEdit Online/Wavetables/SYNLP97.vitaltable	WaveEdit Online (CC0)
SawSync5 WT.xrni	sine and soft triangle	/home/meneses/.local/share/vital/Kimura Taro/Wavetables/OSC Sync+PWM/SawSync5.vitaltable	Kimura Taro (CC0)
SelfFeedback4bit WT.xrni	sine and soft triangle	/home/meneses/.local/share/vital/Kimura Taro/Wavetables/FM/SelfFeedback4bit.vitaltable	Kimura Taro (CC0)
SignalTool1 WT.xrni	sine and soft triangle	/home/meneses/.local/share/vital/Kimura Taro/Wavetables/Softbe Modular/SignalTool1.vitaltable	Kimura Taro (CC0)
Sine4bitSR WT.xrni	sine and soft triangle	/home/meneses/.local/share/vital/Kimura Taro/Wavetables/Mod Sine/Sine4bitSR.vitaltable	Kimura Taro (CC0)
SineAM WT.xrni	sine and soft triangle	/home/meneses/.local/share/vital/Kimura Taro/Wavetables/Mod Sine/SineAM.vitaltable	Kimura Taro (CC0)
SineFM3_BitRX WT.xrni	sine and soft triangle	/home/meneses/.local/share/vital/Kimura Taro/Wavetables/Mod Sine/SineFM3+BitRX.vitaltable	Kimura Taro (CC0)
SineFMRed WT.xrni	sine and soft triangle	/home/meneses/.local/share/vital/Kimura Taro/Wavetables/Mod Sine/SineFMRed.vitaltable	Kimura Taro (CC0)
SineSRed1 WT.xrni	sine and soft triangle	/home/meneses/.local/share/vital/Kimura Taro/Wavetables/Mod Sine/SineSRed1.vitaltable	Kimura Taro (CC0)
SineSRed2 WT.xrni	sine and soft triangle	/home/meneses/.local/share/vital/Kimura Taro/Wavetables/Mod Sine/SineSRed2.vitaltable	Kimura Taro (CC0)
StepWave WT.xrni	sine and soft triangle	/home/meneses/.local/share/vital/Kimura Taro/Wavetables/Melda Oscillator/StepWave.vitaltable	Kimura Taro (CC0)
TWIST02 WT.xrni	sine and soft triangle	/home/meneses/.local/share/vital/WaveEdit Online/Wavetables/TWIST02.vitaltable	WaveEdit Online (CC0)
Term1 WT.xrni	sine and soft triangle	/home/meneses/.local/share/vital/Kimura Taro/Wavetables/AudioTerm/Term1.vitaltable	Kimura Taro (CC0)
Term2 WT.xrni	sine and soft triangle	/home/meneses/.local/share/vital/Kimura Taro/Wavetables/AudioTerm/Term2.vitaltable	Kimura Taro (CC0)
Terra PD1 WT.xrni	sine and soft triangle	/home/meneses/.local/share/vital/Kimura Taro/Wavetables/K-Devicees Terra/Terra PD1.vitaltable	Kimura Taro (CC0)
TriPWM WT.xrni	sine and soft triangle	/home/meneses/.local/share/vital/Kimura Taro/Wavetables/OSC Sync+PWM/TriPWM.vitaltable	Kimura Taro (CC0)
TrueFM1 WT.xrni	sine and soft triangle	/home/meneses/.local/share/vital/Kimura Taro/Wavetables/FM/TrueFM1.vitaltable	Kimura Taro (CC0)
TrueFM2 WT.xrni	sine and soft triangle	/home/meneses/.local/share/vital/Kimura Taro/Wavetables/FM/TrueFM2.vitaltable	Kimura Taro (CC0)
VIRAL WT.xrni	sine and soft triangle	/home/meneses/.local/share/vital/WaveEdit Online/Wavetables/VIRAL.vitaltable	WaveEdit Online (CC0)
VOICE_CL WT.xrni	sine and soft triangle	/home/meneses/.local/share/vital/WaveEdit Online/Wavetables/VOICE_CL.vitaltable	WaveEdit Online (CC0)
VOICE_DR WT.xrni	sine and soft triangle	/home/meneses/.local/share/vital/WaveEdit Online/Wavetables/VOICE_DR.vitaltable	WaveEdit Online (CC0)
VS VMorph2 WT.xrni	sine and soft triangle	/home/meneses/.local/share/vital/Kimura Taro/Wavetables/Prophet VS Wave/VS VMorph2.vitaltable	Kimura Taro (CC0)
mFoldFeedback WT.xrni	sine and soft triangle	/home/meneses/.local/share/vital/Kimura Taro/Wavetables/Softbe Modular/mFoldFeedback.vitaltable	Kimura Taro (CC0)
poly6 P50 PS1 WT.xrni	sine and soft triangle	/home/meneses/.local/share/vital/Kimura Taro/Wavetables/Korg Analog  Synth PhaseShift1/poly6 P50 PS1.vitaltable	Kimura Taro (CC0)
poly6 P50-PS2 WT.xrni	sine and soft triangle	/home/meneses/.local/share/vital/Kimura Taro/Wavetables/Korg Analog  Synth PhaseShift2/poly6 P50-PS2.vitaltable	Kimura Taro (CC0)
poly6 Saw-PS2 WT.xrni	sine and soft triangle	/home/meneses/.local/share/vital/Kimura Taro/Wavetables/Korg Analog  Synth PhaseShift2/poly6 Saw-PS2.vitaltable	Kimura Taro (CC0)
poly6 Square PS1 WT.xrni	sine and soft triangle	/home/meneses/.local/share/vital/Kimura Taro/Wavetables/Korg Analog  Synth PhaseShift1/poly6 Square PS1.vitaltable	Kimura Taro (CC0)
poly6 Square-PS2 WT.xrni	sine and soft triangle	/home/meneses/.local/share/vital/Kimura Taro/Wavetables/Korg Analog  Synth PhaseShift2/poly6 Square-PS2.vitaltable	Kimura Taro (CC0)
259e-Mix1 WT.xrni	texture and noise	/home/meneses/.local/share/vital/Kimura Taro/Wavetables/Buchla 259e-Red/259e-Mix1.vitaltable	Kimura Taro (CC0)
259e-R5 WT.xrni	texture and noise	/home/meneses/.local/share/vital/Kimura Taro/Wavetables/Buchla 259e-Red/259e-R5.vitaltable	Kimura Taro (CC0)
ACID_RIN WT.xrni	texture and noise	/home/meneses/.local/share/vital/WaveEdit Online/Wavetables/ACID_RIN.vitaltable	WaveEdit Online (CC0)
AEIOUTSX WT.xrni	texture and noise	/home/meneses/.local/share/vital/WaveEdit Online/Wavetables/AEIOUTSX.vitaltable	WaveEdit Online (CC0)
ALIEN_SP WT.xrni	texture and noise	/home/meneses/.local/share/vital/WaveEdit Online/Wavetables/ALIEN_SP.vitaltable	WaveEdit Online (CC0)
ALIEN_VO WT.xrni	texture and noise	/home/meneses/.local/share/vital/WaveEdit Online/Wavetables/ALIEN_VO.vitaltable	WaveEdit Online (CC0)
AMEN WT.xrni	texture and noise	/home/meneses/.local/share/vital/WaveEdit Online/Wavetables/AMEN.vitaltable	WaveEdit Online (CC0)
AMEN_LOO WT.xrni	texture and noise	/home/meneses/.local/share/vital/WaveEdit Online/Wavetables/AMEN_LOO.vitaltable	WaveEdit Online (CC0)
BANK_C WT.xrni	texture and noise	/home/meneses/.local/share/vital/WaveEdit Online/Wavetables/BANK_C.vitaltable	WaveEdit Online (CC0)
BBELLS WT.xrni	texture and noise	/home/meneses/.local/share/vital/WaveEdit Online/Wavetables/BBELLS.vitaltable	WaveEdit Online (CC0)
BOWED_CY WT.xrni	texture and noise	/home/meneses/.local/share/vital/WaveEdit Online/Wavetables/BOWED_CY.vitaltable	WaveEdit Online (CC0)
CHEBYSHE WT.xrni	texture and noise	/home/meneses/.local/share/vital/WaveEdit Online/Wavetables/CHEBYSHE.vitaltable	WaveEdit Online (CC0)
CLOCK_MU WT.xrni	texture and noise	/home/meneses/.local/share/vital/WaveEdit Online/Wavetables/CLOCK_MU.vitaltable	WaveEdit Online (CC0)
CYBERNET WT.xrni	texture and noise	/home/meneses/.local/share/vital/WaveEdit Online/Wavetables/CYBERNET.vitaltable	WaveEdit Online (CC0)
Claen Noise WT.xrni	texture and noise	/home/meneses/.local/share/vital/Kimura Taro/Wavetables/Noise/Claen Noise.vitaltable	Kimura Taro (CC0)
DECIDE WT.xrni	texture and noise	/home/meneses/.local/share/vital/WaveEdit Online/Wavetables/DECIDE.vitaltable	WaveEdit Online (CC0)
DISCORDA WT.xrni	texture and noise	/home/meneses/.local/share/vital/WaveEdit Online/Wavetables/DISCORDA.vitaltable	WaveEdit Online (CC0)
DOSE_WIT WT.xrni	texture and noise	/home/meneses/.local/share/vital/WaveEdit Online/Wavetables/DOSE_WIT.vitaltable	WaveEdit Online (CC0)
DRONE_ WT.xrni	texture and noise	/home/meneses/.local/share/vital/WaveEdit Online/Wavetables/DRONE_.vitaltable	WaveEdit Online (CC0)
ELOB_B WT.xrni	texture and noise	/home/meneses/.local/share/vital/WaveEdit Online/Wavetables/ELOB_B.vitaltable	WaveEdit Online (CC0)
ENSHTU02 WT.xrni	texture and noise	/home/meneses/.local/share/vital/WaveEdit Online/Wavetables/ENSHTU02.vitaltable	WaveEdit Online (CC0)
ENSHTU03 WT.xrni	texture and noise	/home/meneses/.local/share/vital/WaveEdit Online/Wavetables/ENSHTU03.vitaltable	WaveEdit Online (CC0)
ESQ1-HI WT.xrni	texture and noise	/home/meneses/.local/share/vital/WaveEdit Online/Wavetables/ESQ1-HI.vitaltable	WaveEdit Online (CC0)
ESQ1-LO WT.xrni	texture and noise	/home/meneses/.local/share/vital/WaveEdit Online/Wavetables/ESQ1-LO.vitaltable	WaveEdit Online (CC0)
FM FB4 WT.xrni	texture and noise	/home/meneses/.local/share/vital/Kimura Taro/Wavetables/FM Feedback/FM FB4.vitaltable	Kimura Taro (CC0)
FM FB5 WT.xrni	texture and noise	/home/meneses/.local/share/vital/Kimura Taro/Wavetables/FM Feedback/FM FB5.vitaltable	Kimura Taro (CC0)
FOLDING_ WT.xrni	texture and noise	/home/meneses/.local/share/vital/WaveEdit Online/Wavetables/FOLDING_.vitaltable	WaveEdit Online (CC0)
FOURIER WT.xrni	texture and noise	/home/meneses/.local/share/vital/WaveEdit Online/Wavetables/FOURIER.vitaltable	WaveEdit Online (CC0)
FRED_DUR WT.xrni	texture and noise	/home/meneses/.local/share/vital/WaveEdit Online/Wavetables/FRED_DUR.vitaltable	WaveEdit Online (CC0)
FX_BITNO WT.xrni	texture and noise	/home/meneses/.local/share/vital/WaveEdit Online/Wavetables/FX_BITNO.vitaltable	WaveEdit Online (CC0)
G2_ASTRA WT.xrni	texture and noise	/home/meneses/.local/share/vital/WaveEdit Online/Wavetables/G2_ASTRA.vitaltable	WaveEdit Online (CC0)
GRAV-B1 WT.xrni	texture and noise	/home/meneses/.local/share/vital/WaveEdit Online/Wavetables/GRAV-B1.vitaltable	WaveEdit Online (CC0)
HARMON00 WT.xrni	texture and noise	/home/meneses/.local/share/vital/WaveEdit Online/Wavetables/HARMON00.vitaltable	WaveEdit Online (CC0)
ITERAT00 WT.xrni	texture and noise	/home/meneses/.local/share/vital/WaveEdit Online/Wavetables/ITERAT00.vitaltable	WaveEdit Online (CC0)
KEEN WT.xrni	texture and noise	/home/meneses/.local/share/vital/WaveEdit Online/Wavetables/KEEN.vitaltable	WaveEdit Online (CC0)
KaossDrum1 WT.xrni	texture and noise	/home/meneses/.local/share/vital/Kimura Taro/Wavetables/MiniDrum[Kaossilator_/KaossDrum1.vitaltable	Kimura Taro (CC0)
KaossDrum2 WT.xrni	texture and noise	/home/meneses/.local/share/vital/Kimura Taro/Wavetables/MiniDrum[Kaossilator_/KaossDrum2.vitaltable	Kimura Taro (CC0)
KaossDrum3 WT.xrni	texture and noise	/home/meneses/.local/share/vital/Kimura Taro/Wavetables/MiniDrum[Kaossilator_/KaossDrum3.vitaltable	Kimura Taro (CC0)
KaossDrum4 WT.xrni	texture and noise	/home/meneses/.local/share/vital/Kimura Taro/Wavetables/MiniDrum[Kaossilator_/KaossDrum4.vitaltable	Kimura Taro (CC0)
Kotira Snake- WT.xrni	texture and noise	/home/meneses/.local/share/vital/Kimura Taro/Wavetables/Walsh Function/Kotira Snake-.vitaltable	Kimura Taro (CC0)
Kotira SnakeDy- WT.xrni	texture and noise	/home/meneses/.local/share/vital/Kimura Taro/Wavetables/Walsh Function/Kotira SnakeDy-.vitaltable	Kimura Taro (CC0)
LASER_CR WT.xrni	texture and noise	/home/meneses/.local/share/vital/WaveEdit Online/Wavetables/LASER_CR.vitaltable	WaveEdit Online (CC0)
LOM_A WT.xrni	texture and noise	/home/meneses/.local/share/vital/WaveEdit Online/Wavetables/LOM_A.vitaltable	WaveEdit Online (CC0)
MELLOW_D WT.xrni	texture and noise	/home/meneses/.local/share/vital/WaveEdit Online/Wavetables/MELLOW_D.vitaltable	WaveEdit Online (CC0)
MERAVIGL WT.xrni	texture and noise	/home/meneses/.local/share/vital/WaveEdit Online/Wavetables/MERAVIGL.vitaltable	WaveEdit Online (CC0)
MICRO_Q_ WT.xrni	texture and noise	/home/meneses/.local/share/vital/WaveEdit Online/Wavetables/MICRO_Q_.vitaltable	WaveEdit Online (CC0)
MODDROP WT.xrni	texture and noise	/home/meneses/.local/share/vital/WaveEdit Online/Wavetables/MODDROP.vitaltable	WaveEdit Online (CC0)
MSelfFB01 WT.xrni	texture and noise	/home/meneses/.local/share/vital/Kimura Taro/Wavetables/MSelfFB/MSelfFB01.vitaltable	Kimura Taro (CC0)
MSelfFB02 WT.xrni	texture and noise	/home/meneses/.local/share/vital/Kimura Taro/Wavetables/MSelfFB/MSelfFB02.vitaltable	Kimura Taro (CC0)
MSelfFB03 WT.xrni	texture and noise	/home/meneses/.local/share/vital/Kimura Taro/Wavetables/MSelfFB/MSelfFB03.vitaltable	Kimura Taro (CC0)
Modulo1 WT.xrni	texture and noise	/home/meneses/.local/share/vital/Kimura Taro/Wavetables/Modulo/Modulo1.vitaltable	Kimura Taro (CC0)
Modulo14 WT.xrni	texture and noise	/home/meneses/.local/share/vital/Kimura Taro/Wavetables/Modulo/Modulo14.vitaltable	Kimura Taro (CC0)
Modulo18 WT.xrni	texture and noise	/home/meneses/.local/share/vital/Kimura Taro/Wavetables/Modulo/Modulo18.vitaltable	Kimura Taro (CC0)
Modulo3 WT.xrni	texture and noise	/home/meneses/.local/share/vital/Kimura Taro/Wavetables/Modulo/Modulo3.vitaltable	Kimura Taro (CC0)
PHANTOMS WT.xrni	texture and noise	/home/meneses/.local/share/vital/WaveEdit Online/Wavetables/PHANTOMS.vitaltable	WaveEdit Online (CC0)
PISTON_H WT.xrni	texture and noise	/home/meneses/.local/share/vital/WaveEdit Online/Wavetables/PISTON_H.vitaltable	WaveEdit Online (CC0)
PMSimple11 WT.xrni	texture and noise	/home/meneses/.local/share/vital/Kimura Taro/Wavetables/PM[Simple]/PMSimple11.vitaltable	Kimura Taro (CC0)
PMSimple19 WT.xrni	texture and noise	/home/meneses/.local/share/vital/Kimura Taro/Wavetables/PM[Simple]/PMSimple19.vitaltable	Kimura Taro (CC0)
PMSimple20 WT.xrni	texture and noise	/home/meneses/.local/share/vital/Kimura Taro/Wavetables/PM[Simple]/PMSimple20.vitaltable	Kimura Taro (CC0)
PPG_WA13 WT.xrni	texture and noise	/home/meneses/.local/share/vital/WaveEdit Online/Wavetables/PPG_WA13.vitaltable	WaveEdit Online (CC0)
Phase11 WT.xrni	texture and noise	/home/meneses/.local/share/vital/Kimura Taro/Wavetables/Phase/Phase11.vitaltable	Kimura Taro (CC0)
RANDOM WT.xrni	texture and noise	/home/meneses/.local/share/vital/WaveEdit Online/Wavetables/RANDOM.vitaltable	WaveEdit Online (CC0)
RESO_SAW WT.xrni	texture and noise	/home/meneses/.local/share/vital/WaveEdit Online/Wavetables/RESO_SAW.vitaltable	WaveEdit Online (CC0)
ROFL WT.xrni	texture and noise	/home/meneses/.local/share/vital/WaveEdit Online/Wavetables/ROFL.vitaltable	WaveEdit Online (CC0)
SAW_RING WT.xrni	texture and noise	/home/meneses/.local/share/vital/WaveEdit Online/Wavetables/SAW_RING.vitaltable	WaveEdit Online (CC0)
SINE_A03 WT.xrni	texture and noise	/home/meneses/.local/share/vital/WaveEdit Online/Wavetables/SINE_A03.vitaltable	WaveEdit Online (CC0)
SITAR WT.xrni	texture and noise	/home/meneses/.local/share/vital/WaveEdit Online/Wavetables/SITAR.vitaltable	WaveEdit Online (CC0)
SOHLER32 WT.xrni	texture and noise	/home/meneses/.local/share/vital/WaveEdit Online/Wavetables/SOHLER32.vitaltable	WaveEdit Online (CC0)
SOHLER33 WT.xrni	texture and noise	/home/meneses/.local/share/vital/WaveEdit Online/Wavetables/SOHLER33.vitaltable	WaveEdit Online (CC0)
SOHLER45 WT.xrni	texture and noise	/home/meneses/.local/share/vital/WaveEdit Online/Wavetables/SOHLER45.vitaltable	WaveEdit Online (CC0)
SOHLER47 WT.xrni	texture and noise	/home/meneses/.local/share/vital/WaveEdit Online/Wavetables/SOHLER47.vitaltable	WaveEdit Online (CC0)
SOHLER48 WT.xrni	texture and noise	/home/meneses/.local/share/vital/WaveEdit Online/Wavetables/SOHLER48.vitaltable	WaveEdit Online (CC0)
SOHLER74 WT.xrni	texture and noise	/home/meneses/.local/share/vital/WaveEdit Online/Wavetables/SOHLER74.vitaltable	WaveEdit Online (CC0)
SQ8_SH WT.xrni	texture and noise	/home/meneses/.local/share/vital/WaveEdit Online/Wavetables/SQ8_SH.vitaltable	WaveEdit Online (CC0)
STREICHF WT.xrni	texture and noise	/home/meneses/.local/share/vital/WaveEdit Online/Wavetables/STREICHF.vitaltable	WaveEdit Online (CC0)
SYNLP126 WT.xrni	texture and noise	/home/meneses/.local/share/vital/WaveEdit Online/Wavetables/SYNLP126.vitaltable	WaveEdit Online (CC0)
SYNLP161 WT.xrni	texture and noise	/home/meneses/.local/share/vital/WaveEdit Online/Wavetables/SYNLP161.vitaltable	WaveEdit Online (CC0)
SYNLP172 WT.xrni	texture and noise	/home/meneses/.local/share/vital/WaveEdit Online/Wavetables/SYNLP172.vitaltable	WaveEdit Online (CC0)
SYNLP180 WT.xrni	texture and noise	/home/meneses/.local/share/vital/WaveEdit Online/Wavetables/SYNLP180.vitaltable	WaveEdit Online (CC0)
SYNLP188 WT.xrni	texture and noise	/home/meneses/.local/share/vital/WaveEdit Online/Wavetables/SYNLP188.vitaltable	WaveEdit Online (CC0)
SYNLP189 WT.xrni	texture and noise	/home/meneses/.local/share/vital/WaveEdit Online/Wavetables/SYNLP189.vitaltable	WaveEdit Online (CC0)
SYNLP194 WT.xrni	texture and noise	/home/meneses/.local/share/vital/WaveEdit Online/Wavetables/SYNLP194.vitaltable	WaveEdit Online (CC0)
SYNLP195 WT.xrni	texture and noise	/home/meneses/.local/share/vital/WaveEdit Online/Wavetables/SYNLP195.vitaltable	WaveEdit Online (CC0)
SYNLP53 WT.xrni	texture and noise	/home/meneses/.local/share/vital/WaveEdit Online/Wavetables/SYNLP53.vitaltable	WaveEdit Online (CC0)
SYNLP59 WT.xrni	texture and noise	/home/meneses/.local/share/vital/WaveEdit Online/Wavetables/SYNLP59.vitaltable	WaveEdit Online (CC0)
SYNLP60 WT.xrni	texture and noise	/home/meneses/.local/share/vital/WaveEdit Online/Wavetables/SYNLP60.vitaltable	WaveEdit Online (CC0)
SYNLP71 WT.xrni	texture and noise	/home/meneses/.local/share/vital/WaveEdit Online/Wavetables/SYNLP71.vitaltable	WaveEdit Online (CC0)
SYNLP76 WT.xrni	texture and noise	/home/meneses/.local/share/vital/WaveEdit Online/Wavetables/SYNLP76.vitaltable	WaveEdit Online (CC0)
SYNLP88 WT.xrni	texture and noise	/home/meneses/.local/share/vital/WaveEdit Online/Wavetables/SYNLP88.vitaltable	WaveEdit Online (CC0)
SYNLP92 WT.xrni	texture and noise	/home/meneses/.local/share/vital/WaveEdit Online/Wavetables/SYNLP92.vitaltable	WaveEdit Online (CC0)
SYNLPGM WT.xrni	texture and noise	/home/meneses/.local/share/vital/WaveEdit Online/Wavetables/SYNLPGM.vitaltable	WaveEdit Online (CC0)
SYNTHESI WT.xrni	texture and noise	/home/meneses/.local/share/vital/WaveEdit Online/Wavetables/SYNTHESI.vitaltable	WaveEdit Online (CC0)
SYNTHETI WT.xrni	texture and noise	/home/meneses/.local/share/vital/WaveEdit Online/Wavetables/SYNTHETI.vitaltable	WaveEdit Online (CC0)
TABLE_TI WT.xrni	texture and noise	/home/meneses/.local/share/vital/WaveEdit Online/Wavetables/TABLE_TI.vitaltable	WaveEdit Online (CC0)
TALKING WT.xrni	texture and noise	/home/meneses/.local/share/vital/WaveEdit Online/Wavetables/TALKING.vitaltable	WaveEdit Online (CC0)
TEAR_UP WT.xrni	texture and noise	/home/meneses/.local/share/vital/WaveEdit Online/Wavetables/TEAR_UP.vitaltable	WaveEdit Online (CC0)
TEXTURE4 WT.xrni	texture and noise	/home/meneses/.local/share/vital/WaveEdit Online/Wavetables/TEXTURE4.vitaltable	WaveEdit Online (CC0)
TIDYB017 WT.xrni	texture and noise	/home/meneses/.local/share/vital/WaveEdit Online/Wavetables/TIDYB017.vitaltable	WaveEdit Online (CC0)
TIDYB021 WT.xrni	texture and noise	/home/meneses/.local/share/vital/WaveEdit Online/Wavetables/TIDYB021.vitaltable	WaveEdit Online (CC0)
TIDYB022 WT.xrni	texture and noise	/home/meneses/.local/share/vital/WaveEdit Online/Wavetables/TIDYB022.vitaltable	WaveEdit Online (CC0)
TIDYB024 WT.xrni	texture and noise	/home/meneses/.local/share/vital/WaveEdit Online/Wavetables/TIDYB024.vitaltable	WaveEdit Online (CC0)
TIDYB025 WT.xrni	texture and noise	/home/meneses/.local/share/vital/WaveEdit Online/Wavetables/TIDYB025.vitaltable	WaveEdit Online (CC0)
TIDYB026 WT.xrni	texture and noise	/home/meneses/.local/share/vital/WaveEdit Online/Wavetables/TIDYB026.vitaltable	WaveEdit Online (CC0)
TIDYB027 WT.xrni	texture and noise	/home/meneses/.local/share/vital/WaveEdit Online/Wavetables/TIDYB027.vitaltable	WaveEdit Online (CC0)
TIDYB028 WT.xrni	texture and noise	/home/meneses/.local/share/vital/WaveEdit Online/Wavetables/TIDYB028.vitaltable	WaveEdit Online (CC0)
TIDYB030 WT.xrni	texture and noise	/home/meneses/.local/share/vital/WaveEdit Online/Wavetables/TIDYB030.vitaltable	WaveEdit Online (CC0)
TIDYB031 WT.xrni	texture and noise	/home/meneses/.local/share/vital/WaveEdit Online/Wavetables/TIDYB031.vitaltable	WaveEdit Online (CC0)
TIDYB033 WT.xrni	texture and noise	/home/meneses/.local/share/vital/WaveEdit Online/Wavetables/TIDYB033.vitaltable	WaveEdit Online (CC0)
TIDYB034 WT.xrni	texture and noise	/home/meneses/.local/share/vital/WaveEdit Online/Wavetables/TIDYB034.vitaltable	WaveEdit Online (CC0)
TIDYB035 WT.xrni	texture and noise	/home/meneses/.local/share/vital/WaveEdit Online/Wavetables/TIDYB035.vitaltable	WaveEdit Online (CC0)
TIDYB037 WT.xrni	texture and noise	/home/meneses/.local/share/vital/WaveEdit Online/Wavetables/TIDYB037.vitaltable	WaveEdit Online (CC0)
TIDYB038 WT.xrni	texture and noise	/home/meneses/.local/share/vital/WaveEdit Online/Wavetables/TIDYB038.vitaltable	WaveEdit Online (CC0)
TIDYB039 WT.xrni	texture and noise	/home/meneses/.local/share/vital/WaveEdit Online/Wavetables/TIDYB039.vitaltable	WaveEdit Online (CC0)
TIDYB042 WT.xrni	texture and noise	/home/meneses/.local/share/vital/WaveEdit Online/Wavetables/TIDYB042.vitaltable	WaveEdit Online (CC0)
TIDYB043 WT.xrni	texture and noise	/home/meneses/.local/share/vital/WaveEdit Online/Wavetables/TIDYB043.vitaltable	WaveEdit Online (CC0)
TIDYB044 WT.xrni	texture and noise	/home/meneses/.local/share/vital/WaveEdit Online/Wavetables/TIDYB044.vitaltable	WaveEdit Online (CC0)
TIDYB045 WT.xrni	texture and noise	/home/meneses/.local/share/vital/WaveEdit Online/Wavetables/TIDYB045.vitaltable	WaveEdit Online (CC0)
TIDYB046 WT.xrni	texture and noise	/home/meneses/.local/share/vital/WaveEdit Online/Wavetables/TIDYB046.vitaltable	WaveEdit Online (CC0)
TIDYB047 WT.xrni	texture and noise	/home/meneses/.local/share/vital/WaveEdit Online/Wavetables/TIDYB047.vitaltable	WaveEdit Online (CC0)
TIDYB048 WT.xrni	texture and noise	/home/meneses/.local/share/vital/WaveEdit Online/Wavetables/TIDYB048.vitaltable	WaveEdit Online (CC0)
TIDYB049 WT.xrni	texture and noise	/home/meneses/.local/share/vital/WaveEdit Online/Wavetables/TIDYB049.vitaltable	WaveEdit Online (CC0)
TIDYB050 WT.xrni	texture and noise	/home/meneses/.local/share/vital/WaveEdit Online/Wavetables/TIDYB050.vitaltable	WaveEdit Online (CC0)
TIDYB051 WT.xrni	texture and noise	/home/meneses/.local/share/vital/WaveEdit Online/Wavetables/TIDYB051.vitaltable	WaveEdit Online (CC0)
TIDYB052 WT.xrni	texture and noise	/home/meneses/.local/share/vital/WaveEdit Online/Wavetables/TIDYB052.vitaltable	WaveEdit Online (CC0)
TIDYB053 WT.xrni	texture and noise	/home/meneses/.local/share/vital/WaveEdit Online/Wavetables/TIDYB053.vitaltable	WaveEdit Online (CC0)
TIDYB054 WT.xrni	texture and noise	/home/meneses/.local/share/vital/WaveEdit Online/Wavetables/TIDYB054.vitaltable	WaveEdit Online (CC0)
TIDYB056 WT.xrni	texture and noise	/home/meneses/.local/share/vital/WaveEdit Online/Wavetables/TIDYB056.vitaltable	WaveEdit Online (CC0)
TIDYB057 WT.xrni	texture and noise	/home/meneses/.local/share/vital/WaveEdit Online/Wavetables/TIDYB057.vitaltable	WaveEdit Online (CC0)
TIDYB058 WT.xrni	texture and noise	/home/meneses/.local/share/vital/WaveEdit Online/Wavetables/TIDYB058.vitaltable	WaveEdit Online (CC0)
TIDYB059 WT.xrni	texture and noise	/home/meneses/.local/share/vital/WaveEdit Online/Wavetables/TIDYB059.vitaltable	WaveEdit Online (CC0)
TIDYB060 WT.xrni	texture and noise	/home/meneses/.local/share/vital/WaveEdit Online/Wavetables/TIDYB060.vitaltable	WaveEdit Online (CC0)
TIDYB061 WT.xrni	texture and noise	/home/meneses/.local/share/vital/WaveEdit Online/Wavetables/TIDYB061.vitaltable	WaveEdit Online (CC0)
TIDYB062 WT.xrni	texture and noise	/home/meneses/.local/share/vital/WaveEdit Online/Wavetables/TIDYB062.vitaltable	WaveEdit Online (CC0)
TIDYB063 WT.xrni	texture and noise	/home/meneses/.local/share/vital/WaveEdit Online/Wavetables/TIDYB063.vitaltable	WaveEdit Online (CC0)
TIDYB064 WT.xrni	texture and noise	/home/meneses/.local/share/vital/WaveEdit Online/Wavetables/TIDYB064.vitaltable	WaveEdit Online (CC0)
TIDYB065 WT.xrni	texture and noise	/home/meneses/.local/share/vital/WaveEdit Online/Wavetables/TIDYB065.vitaltable	WaveEdit Online (CC0)
TIDYB067 WT.xrni	texture and noise	/home/meneses/.local/share/vital/WaveEdit Online/Wavetables/TIDYB067.vitaltable	WaveEdit Online (CC0)
TIDYB068 WT.xrni	texture and noise	/home/meneses/.local/share/vital/WaveEdit Online/Wavetables/TIDYB068.vitaltable	WaveEdit Online (CC0)
TIDYB069 WT.xrni	texture and noise	/home/meneses/.local/share/vital/WaveEdit Online/Wavetables/TIDYB069.vitaltable	WaveEdit Online (CC0)
TIDYB070 WT.xrni	texture and noise	/home/meneses/.local/share/vital/WaveEdit Online/Wavetables/TIDYB070.vitaltable	WaveEdit Online (CC0)
TIDYB071 WT.xrni	texture and noise	/home/meneses/.local/share/vital/WaveEdit Online/Wavetables/TIDYB071.vitaltable	WaveEdit Online (CC0)
TIDYB072 WT.xrni	texture and noise	/home/meneses/.local/share/vital/WaveEdit Online/Wavetables/TIDYB072.vitaltable	WaveEdit Online (CC0)
TIDYB074 WT.xrni	texture and noise	/home/meneses/.local/share/vital/WaveEdit Online/Wavetables/TIDYB074.vitaltable	WaveEdit Online (CC0)
TIDYB075 WT.xrni	texture and noise	/home/meneses/.local/share/vital/WaveEdit Online/Wavetables/TIDYB075.vitaltable	WaveEdit Online (CC0)
TIDYB076 WT.xrni	texture and noise	/home/meneses/.local/share/vital/WaveEdit Online/Wavetables/TIDYB076.vitaltable	WaveEdit Online (CC0)
TIDYB077 WT.xrni	texture and noise	/home/meneses/.local/share/vital/WaveEdit Online/Wavetables/TIDYB077.vitaltable	WaveEdit Online (CC0)
TWISTED_ WT.xrni	texture and noise	/home/meneses/.local/share/vital/WaveEdit Online/Wavetables/TWISTED_.vitaltable	WaveEdit Online (CC0)
VINCENT_ WT.xrni	texture and noise	/home/meneses/.local/share/vital/WaveEdit Online/Wavetables/VINCENT_.vitaltable	WaveEdit Online (CC0)
VOICE_A WT.xrni	texture and noise	/home/meneses/.local/share/vital/WaveEdit Online/Wavetables/VOICE_A.vitaltable	WaveEdit Online (CC0)
WINDOW_S WT.xrni	texture and noise	/home/meneses/.local/share/vital/WaveEdit Online/Wavetables/WINDOW_S.vitaltable	WaveEdit Online (CC0)
ALTO_SAX WT.xrni	white noise	/home/meneses/.local/share/vital/WaveEdit Online/Wavetables/ALTO_SAX.vitaltable	WaveEdit Online (CC0)
A_55HZ_- WT.xrni	white noise	/home/meneses/.local/share/vital/WaveEdit Online/Wavetables/A_55HZ_-.vitaltable	WaveEdit Online (CC0)
BOWED_00 WT.xrni	white noise	/home/meneses/.local/share/vital/WaveEdit Online/Wavetables/BOWED_00.vitaltable	WaveEdit Online (CC0)
Chebyshev poly1 WT.xrni	white noise	/home/meneses/.local/share/vital/Kimura Taro/Wavetables/Chebyshev polynomials/Chebyshev poly1.vitaltable	Kimura Taro (CC0)
ELOB_C WT.xrni	white noise	/home/meneses/.local/share/vital/WaveEdit Online/Wavetables/ELOB_C.vitaltable	WaveEdit Online (CC0)
GLITCHBO WT.xrni	white noise	/home/meneses/.local/share/vital/WaveEdit Online/Wavetables/GLITCHBO.vitaltable	WaveEdit Online (CC0)
LFO Tool6 WT.xrni	white noise	/home/meneses/.local/share/vital/Kimura Taro/Wavetables/LFO Tools/LFO Tool6.vitaltable	Kimura Taro (CC0)
MSelfFB04 WT.xrni	white noise	/home/meneses/.local/share/vital/Kimura Taro/Wavetables/MSelfFB/MSelfFB04.vitaltable	Kimura Taro (CC0)
NOISE_WA WT.xrni	white noise	/home/meneses/.local/share/vital/WaveEdit Online/Wavetables/NOISE_WA.vitaltable	WaveEdit Online (CC0)
Noise WalshDe WT.xrni	white noise	/home/meneses/.local/share/vital/Kimura Taro/Wavetables/Noise/Noise WalshDe.vitaltable	Kimura Taro (CC0)
Noise WalshIDY WT.xrni	white noise	/home/meneses/.local/share/vital/Kimura Taro/Wavetables/Noise/Noise WalshIDY.vitaltable	Kimura Taro (CC0)
PMSimple Noise WT.xrni	white noise	/home/meneses/.local/share/vital/Kimura Taro/Wavetables/PM[Simple]/PMSimple Noise.vitaltable	Kimura Taro (CC0)
PPG_UPPE WT.xrni	white noise	/home/meneses/.local/share/vital/WaveEdit Online/Wavetables/PPG_UPPE.vitaltable	WaveEdit Online (CC0)
SINE_N WT.xrni	white noise	/home/meneses/.local/share/vital/WaveEdit Online/Wavetables/SINE_N.vitaltable	WaveEdit Online (CC0)
SOHLER49 WT.xrni	white noise	/home/meneses/.local/share/vital/WaveEdit Online/Wavetables/SOHLER49.vitaltable	WaveEdit Online (CC0)
SYNLP157 WT.xrni	white noise	/home/meneses/.local/share/vital/WaveEdit Online/Wavetables/SYNLP157.vitaltable	WaveEdit Online (CC0)
SYNLP158 WT.xrni	white noise	/home/meneses/.local/share/vital/WaveEdit Online/Wavetables/SYNLP158.vitaltable	WaveEdit Online (CC0)
SYNLP193 WT.xrni	white noise	/home/meneses/.local/share/vital/WaveEdit Online/Wavetables/SYNLP193.vitaltable	WaveEdit Online (CC0)
SYNLP67 WT.xrni	white noise	/home/meneses/.local/share/vital/WaveEdit Online/Wavetables/SYNLP67.vitaltable	WaveEdit Online (CC0)
SYNLP87 WT.xrni	white noise	/home/meneses/.local/share/vital/WaveEdit Online/Wavetables/SYNLP87.vitaltable	WaveEdit Online (CC0)
TELEPHON WT.xrni	white noise	/home/meneses/.local/share/vital/WaveEdit Online/Wavetables/TELEPHON.vitaltable	WaveEdit Online (CC0)
ULTRA_CH WT.xrni	white noise	/home/meneses/.local/share/vital/WaveEdit Online/Wavetables/ULTRA_CH.vitaltable	WaveEdit Online (CC0)
VARIOUS_ WT.xrni	white noise	/home/meneses/.local/share/vital/WaveEdit Online/Wavetables/VARIOUS_.vitaltable	WaveEdit Online (CC0)
WOWEE WT.xrni	white noise	/home/meneses/.local/share/vital/WaveEdit Online/Wavetables/WOWEE.vitaltable	WaveEdit Online (CC0)
ZAP WT.xrni	white noise	/home/meneses/.local/share/vital/WaveEdit Online/Wavetables/ZAP.vitaltable	WaveEdit Online (CC0)
